year,elo_diff,serve_diff,form_diff,label
2010,-313.00966579237684,-0.0,-0.25,0
2010,96.16641009479099,0.0,-0.023809523809523836,1
2010,-194.36819668956764,-0.0,-0.0,0
2010,-39.465391323157974,-0.0,-0.0,0
2010,406.0775311829452,0.07234602667523149,0.5277777777777778,1
2010,-40.18399477473076,-0.02068585747611207,0.06666666666666665,0
2010,-325.2517818516865,-0.04586014414558437,-0.48611111111111116,0
2010,-54.03540156770305,-0.0,-0.32,0
2010,-165.7209425442054,-0.017219919886264146,0.029761904761904767,1
2010,259.73842526664635,0.03338765333344684,0.21777777777777774,1
2010,96.48601994473165,0.01887422190954613,0.004255319148936176,1
2010,-322.9136841274717,-0.0,-0.6363636363636364,0
2010,-362.01572809178674,-0.013336137880039178,-0.13888888888888884,0
2010,246.1794949654909,-0.0,-0.16666666666666669,0
2010,80.39715771667193,0.0,0.0,1
2010,121.4079117918609,0.04597689562248519,0.19565217391304346,1
2010,-146.02318463760298,-0.07237332437234789,-0.08695652173913049,0
2010,-59.499409112374906,0.0,0.0,1
2010,117.9307828185099,0.03649321474094891,0.13961038961038968,0
2010,110.31518858685558,0.02163264833656997,0.011619718309859084,0
2010,48.43486235731598,-0.0,0.019607843137254943,0
2010,578.2111201537409,0.09731697415120877,0.5043149946062568,1
2010,-270.3690766448067,-0.0,-0.0,0
2010,83.82224751048466,-0.002553368817835744,0.07500000000000001,0
2010,-268.14812644426024,-0.08580809167483483,-0.4682539682539683,0
2010,-55.37507011698426,-0.0001266927559897546,-0.4186991869918699,1
2010,-54.773372888848144,0.009930767385269212,-0.3142857142857143,1
2010,25.027190566099762,-0.0070118552283081614,-0.05882352941176472,1
2010,-176.42626626513106,-0.016235979279752843,0.0357142857142857,1
2010,-382.01433944429004,-0.0,-0.8285714285714286,0
2010,49.1349010038241,-0.04441111706687528,0.031746031746031744,0
2010,-133.70684138580646,-0.07926954786812912,-0.4583333333333333,0
2010,130.4644214404891,-0.04126524841350743,0.11688311688311687,1
2010,127.32857409078042,0.0,-0.16666666666666669,1
2010,91.40508312803968,0.0,0.6,1
2010,44.2380770646555,0.03235671514114624,0.31060606060606066,1
2010,329.3088143716807,0.04233843195306708,0.19590643274853803,1
2010,303.48921804708675,-0.06519184433018521,0.0,1
2010,111.01121976255922,0.021573305256049724,0.18,1
2010,-20.027092922567135,-0.0,-0.1923076923076923,0
2010,227.0441369098703,0.0,0.0,1
2010,-460.51748280436846,-0.07860770580656118,-0.7174603174603176,0
2010,-188.14985043091247,-0.0359289520083772,-0.0871212121212121,0
2010,96.0268386353282,-0.04249582409816577,-0.26666666666666666,1
2010,113.09761056251546,-0.008705537758834536,0.042553191489361764,0
2010,-324.1621525919377,-0.07452346792375486,-0.38636363636363635,0
2010,52.6129083261053,0.0,0.32142857142857145,1
2010,-249.9880888006012,0.0,-0.6,1
2010,104.75328114941567,0.03205553627656832,-0.13636363636363635,0
2010,158.74594669709654,-0.019943571691672157,0.03962703962703962,1
2010,357.8933178654895,0.08543553033529816,0.4545454545454545,1
2010,-43.595409126319055,0.0,0.21428571428571427,1
2010,335.6630345066849,0.10724967149548148,0.3597560975609756,0
2010,-446.7217044427882,-0.058317275086063214,-0.21395348837209305,0
2010,266.6115452997292,0.019629778044925272,0.434065934065934,0
2010,-9.158695362162916,-0.0,-0.0,0
2010,177.23020825993308,0.0,-0.04999999999999999,1
2010,-283.0623470219348,-0.005656726330548367,-0.2796296296296297,0
2010,29.259992522084076,0.030728579772070552,-0.09523809523809523,1
2010,254.34424996103917,0.0,0.0,1
2010,-163.31416498187264,0.018166617366725757,-0.06380857427716846,0
2010,136.90173016535527,-0.010547180124737654,0.05270655270655278,1
2010,13.772734933849733,-0.05352050075928738,0.025000000000000022,0
2010,-65.52623595137356,-0.052091828628925585,-0.1333333333333333,0
2010,210.63629451785778,0.015915334073901888,0.2103174603174603,0
2010,-244.67551535909934,-0.0,-0.5,0
2010,103.93273023953748,-0.0,-0.0,0
2010,61.03486505061119,0.0,0.19444444444444442,1
2010,301.1208772082641,0.045072754010207716,0.0714285714285714,1
2010,457.3223927957222,0.0,0.7777777777777778,1
2010,227.55792074408987,0.04341486530251171,0.19991840065279476,1
2010,85.23084614195045,0.0009948187137596154,0.035714285714285726,1
2010,-37.150023831283306,0.019921553277719384,0.12121212121212116,0
2010,-115.4583132887301,0.0,-0.5,1
2010,212.2216815263596,0.0,-0.11363636363636365,1
2010,188.71898245134184,0.0,0.0,1
2010,-517.4677023214529,-0.10510324600341592,-0.493953488372093,1
2010,-384.7947549257565,-0.06567423265337635,-0.35487804878048784,0
2010,-29.446693483072522,-0.028369327101710695,0.05820105820105825,0
2010,-185.849869610038,0.014539949570178234,-0.1777777777777778,0
2010,-120.73906076656044,-0.07986609277857493,-0.2121212121212121,0
2010,-282.28656072574086,-0.027414572615306776,-0.19875943905070126,1
2010,-488.322281826755,-0.049548988007171446,-0.3637015781922526,0
2010,395.0850883276262,0.07236167758101764,0.3932038834951457,1
2010,343.26138294748694,0.0,0.19444444444444442,1
2010,19.695279991884718,-0.011144699453054518,-0.10634920634920642,1
2010,-234.81889288063758,-0.013964702687155994,-0.11043360433604343,0
2010,132.04092377344318,0.029865832536256187,0.027100271002710064,1
2010,-57.942780597021056,0.014904174989159524,-0.02777777777777779,1
2010,-650.390609258021,-0.07179675373897554,-0.6620209059233451,0
2010,-106.56802130260144,0.0,0.023809523809523836,1
2010,-559.5649438012615,-0.06647052517907959,-0.3298236018050048,0
2010,64.50866019196906,-0.045373390990728124,-0.08695652173913049,1
2010,218.72312943932775,0.0005633485267636518,0.06944444444444442,1
2010,-146.33876602537407,-0.02939393374867938,-0.29904761904761906,1
2010,-189.9179392588494,-0.020791876517999408,-0.2831168831168832,0
2010,316.6561418694089,0.05240825383892789,0.3888888888888889,1
2010,154.16488880701104,0.05170168584802726,0.17424242424242425,1
2010,208.12154173257068,0.05861080884244518,0.20284237726098187,1
2010,-211.23411688687338,-0.0,-0.0714285714285714,0
2010,-280.58892478158236,0.0355468568400108,-0.29629629629629634,0
2010,-43.59221420516997,0.0043912888609413114,-0.15546218487394958,0
2010,582.7524475387067,0.057393248955028175,0.47154471544715454,1
2010,-679.2506647211383,-0.0,-0.5598705501618124,0
2010,-67.22599035531402,-0.037058890964387636,-0.13480885311871232,0
2010,-151.47139995013663,-0.0,-0.0,0
2010,107.20974574246429,0.0038316261953363906,0.0,1
2010,171.25109691722923,0.003606959255570308,0.10620915032679734,1
2010,206.0135242214783,0.0,0.0,1
2010,-365.686252411263,-0.04443724316721365,-0.2777777777777778,0
2010,254.21825797952943,0.010385783927327807,0.12698412698412698,1
2010,458.17262613334674,0.0519958112492217,0.4022222222222222,1
2010,181.1830548555779,-0.032615026208503206,0.14141414141414144,1
2010,-242.97668411764244,-0.034305816900043196,-0.23344947735191646,0
2010,-167.38898149942543,0.024606898534485278,-0.15204386839481554,1
2010,12.719681581563691,0.023842721695482405,-0.11904761904761904,0
2010,-238.96874781838392,-0.0,-0.45,0
2010,-109.26637597303284,-0.0,-0.0,0
2010,-103.57578196856889,0.0,-0.020000000000000018,1
2010,58.94161379093066,0.0076985648054530564,0.06631944444444449,0
2010,-223.7130869728078,-0.0,-0.0,0
2010,292.28342444968393,-0.0,0.4772727272727273,0
2010,236.2654364510745,0.0,0.0892857142857143,1
2010,32.212424288090915,0.035593478129649636,0.046875,1
2010,-100.07774102372241,0.046527185977087826,0.18055555555555558,1
2010,-63.468543829254486,0.0,-0.013333333333333308,1
2011,282.56166501935536,-0.003298671789974228,0.21176470588235297,1
2011,-309.2358943971208,-0.011938654920498393,-0.19323671497584538,1
2011,210.38314836264044,0.0598875823351499,0.2888888888888889,1
2011,-185.4808350965195,-0.0,-0.0,0
2011,671.5284886770073,0.10928007738635248,0.5735294117647058,1
2011,-201.84579631811266,-0.02920612089975627,-0.4375,0
2011,325.23706343135154,0.03165874554866488,0.3818181818181818,0
2011,42.43699972091554,0.0,0.0,1
2011,-32.1336710771252,-0.0,-0.2222222222222222,0
2011,49.21785294797519,0.0,0.4,1
2011,-390.64682858045353,-0.0,-0.49565217391304345,0
2011,135.11682254260177,0.011548513278470618,0.06209150326797386,1
2011,-189.26859526669978,-0.014950116015389536,-0.16450216450216454,0
2011,80.38346201314812,-0.021726310430410956,0.07954545454545453,1
2011,105.50620038711327,0.0,0.0,1
2011,2.8537586977313367,0.015621992265356655,-0.0304347826086957,1
2011,143.14990814495877,-0.0,0.01282051282051283,0
2011,-468.69694316119603,-0.0,-0.6296296296296297,0
2011,189.9653723149636,0.028348681651132468,0.14880952380952378,1
2011,226.8308787482879,0.0,0.47619047619047616,1
2011,441.6698556249339,0.11698703674012312,0.5234042553191489,1
2011,-549.6906093992816,-0.07036844287011201,-0.5777777777777778,0
2011,74.22698933167521,0.0,0.42857142857142855,1
2011,252.3856564844773,0.0,0.5333333333333333,1
2011,-295.4440396084401,0.003471938089615767,-0.25,0
2011,102.8146656427391,-0.013788734349775567,0.12450748620961383,0
2011,266.7014565895315,0.028637770897832815,0.16565656565656572,1
2011,-49.95100558599256,-0.0315581854043393,-0.33333333333333337,0
2011,121.1241328027636,0.0,-0.13333333333333336,1
2011,-409.38217293710545,-0.0,-0.5862068965517241,0
2011,223.471050037228,0.03152624038263008,0.18589743589743596,1
2011,-150.3201351708567,0.012105136038399356,-0.32051282051282054,0
2011,-28.113672140883637,-0.033105810072427855,0.178021978021978,0
2011,231.71602801537097,0.0008197289102005456,0.08766233766233766,0
2011,115.04056253501403,0.0,0.25,1
2011,-12.787352190501224,-0.08477459369768592,-0.08673469387755106,0
2011,-71.91638771542739,0.015278960049631363,-0.0535714285714286,1
2011,166.7164192612497,0.027243802252119087,0.25490196078431376,1
2011,-163.4863015190399,-0.0,-0.48,0
2011,366.05033983151566,0.07817713270456172,0.27004909983633385,1
2011,-390.41667789422286,-0.0,-0.6451612903225806,0
2011,243.54069327872276,-0.0035246727089627283,0.2666666666666666,0
2011,-12.693625856220706,0.013371625034196866,0.15873015873015872,1
2011,-161.42308686758474,0.0034930815905567236,-0.0357142857142857,0
2011,222.36705103528334,0.0023107048260022633,0.04761904761904767,1
2011,235.67769982847994,0.03710629379348063,0.35,0
2011,-16.998794218757666,-0.03133083020442218,0.20454545454545453,1
2011,-197.88431647412926,-0.0653394972877056,-0.24721377912867282,0
2011,126.57433548696372,0.027668523118714705,0.06428571428571428,1
2011,203.7295747329124,0.05078344537934132,0.41415929203539825,1
2011,63.95930572820998,0.020847788497543984,0.1923076923076923,1
2011,-184.82860405365636,-0.0,-0.5901639344262295,0
2011,-393.348143781247,-0.0,-0.4558823529411765,0
2011,0.04779581748471173,-0.0,0.014492753623188415,0
2011,-151.39587786347533,-0.0,-0.3,0
2011,-594.6227887746413,-0.0,-0.5555555555555556,0
2011,-97.7753673513339,0.04197905308261074,-0.05769230769230771,0
2011,155.226038654175,0.035269730886346884,0.3044496487119438,1
2011,-338.0929697466486,-0.0,-0.3725490196078432,0
2011,-336.415132431589,-0.0854690213504955,-0.29565217391304344,0
2011,566.8184828141909,0.11668051575675764,0.38888888888888884,1
2011,-77.20754504550246,0.0,-0.3084415584415584,1
2011,-20.88487476162004,-0.0,-0.2222222222222222,0
2011,305.86556016481745,0.0,0.5263157894736842,1
2011,-73.19371428767909,0.011470217665468962,0.2141592920353983,0
2011,-111.76012187076094,-0.01125599855816739,-0.16161616161616166,1
2011,-191.9922392771805,-0.1078221558818675,-0.5,1
2011,-101.56991007682927,-0.037342101671611894,-0.11290322580645162,0
2011,23.431262419283257,0.009602310324546504,0.06810860561435805,1
2011,55.66503869133771,-0.0043560261144804935,0.1609756097560976,1
2011,-56.980933094456304,-0.06079801008586616,0.09999999999999998,0
2011,-503.3515078410844,-0.004486051661808599,-0.3534798534798535,0
2011,594.2696945795947,0.0,0.8235294117647058,1
2011,-190.23764369989954,0.0,-0.36666666666666664,1
2011,-210.56759455802012,-0.05810531545710618,-0.06565656565656575,0
2011,-325.663224083077,-0.09507111369779209,-0.26885880077369445,0
2011,-345.0793816523469,-0.007500143478546661,-0.3319148936170213,0
2011,283.67835215151854,0.05518051507761845,0.21111111111111114,1
2011,-303.09061404264344,0.0,-0.3362068965517241,1
2011,-207.30718734897187,-0.03898031722065698,-0.2202753441802252,1
2011,491.222567972628,0.0712528840752451,0.3714285714285715,1
2011,50.76546524956484,-0.010968235263526416,0.3125,0
2011,108.54390441432292,0.005908813814591518,0.0357142857142857,1
2011,108.68395103654802,0.007833232663949086,-0.09999999999999998,0
2011,-243.30709911998179,-0.0,0.08045977011494254,0
2011,247.54937427152208,-0.0,0.4285714285714286,0
2011,149.4582098900671,0.0369977802789041,0.01680672268907568,1
2011,-352.1834958009108,-0.06474621533869152,-0.3285106382978723,0
2011,-368.0123490755627,0.020699957319675555,-0.2451612903225806,0
2011,174.43792904467978,0.008111678018472568,0.11805555555555558,0
2011,320.2453440359036,0.08338916588137368,0.39542483660130723,1
2011,218.00649032278056,0.0,0.3382352941176471,1
2011,0.7213677365107287,-0.05836021372993205,-0.05049088359046283,0
2011,435.52225432249224,0.08911040558362837,0.29872495446265934,1
2011,-194.48024204617423,0.0,-0.2738095238095238,1
2011,284.2618706313997,-0.010792880524178705,0.12519201228878651,1
2011,-262.8523625540224,-0.012694802896163315,-0.21241830065359468,0
2011,42.84324425685281,0.019103807157046737,0.10435663627152991,0
2011,135.22942696053133,-0.005834765686037691,0.0888888888888889,1
2011,-23.995025541666337,0.01133881432141437,0.13461538461538458,0
2011,-205.05297485500205,-0.01377449271995046,-0.13237639553429026,1
2011,-374.00767530861003,-0.12949700943293285,-0.6129032258064516,0
2011,19.89350840482348,-0.02624496676041488,-0.07317073170731703,0
2011,453.46454741715775,-0.022085507691258166,0.3380952380952381,1
2011,641.0706091375623,0.05101684329440803,0.5235294117647058,1
2011,133.3757330912738,0.05789277618876243,0.07539682539682546,1
2011,-288.79371779460007,-0.03504659042821334,-0.36904761904761907,0
2011,386.8221898503966,-0.0,0.26666666666666666,0
2011,-327.47042176260857,-0.09499034570008091,-0.18300653594771232,0
2011,-297.6654336565889,-0.0888709950839125,-0.3444444444444445,0
2011,36.63746692485074,0.023019226398270254,-0.0652482269503546,1
2011,-379.0750266046796,-0.015818768523320537,-0.2007168458781362,0
2011,223.16675845308237,0.04992708825402037,0.2189638318670577,1
2011,-45.0131379022223,0.023276266041655003,0.08791208791208782,1
2011,-364.4955629017277,-0.018310759092717177,-0.1039488966318235,0
2011,-106.74730069142106,-0.018833660442270084,-0.0235294117647058,0
2011,79.8849723358785,-0.033619810590965526,0.2824716267339218,1
2011,-150.8847499999199,-0.0,-0.20833333333333331,0
2011,-170.5320889523664,-0.0,-0.0,0
2011,-431.9222046680138,-0.0,-0.6111111111111112,0
2011,-93.11653422585823,-0.0163858368541554,-0.07800511508951402,0
2011,-75.7309278865041,-0.0271229420012431,-0.0854341736694677,1
2011,197.8043888958896,-0.027274499733698554,0.04244306418219468,1
2011,295.323948651474,0.0262055556748112,0.20448179271708677,1
2011,-526.8550568152395,-0.0,-0.4047619047619048,0
2011,37.52864667072754,-0.013567640521809476,0.022486772486772555,0
2011,-68.36316020701952,0.0,-0.16666666666666669,1
2012,442.9021324494588,0.1474343276894583,0.5280474649406688,1
2012,-155.89315347611114,0.0,0.0,1
2012,95.04114487469178,-0.0,0.2,0
2012,-546.3060526418803,0.009093382739439937,-0.42727272727272725,0
2012,-46.332287647041994,0.04324647960563144,-0.1440071556350626,1
2012,117.72445451822341,0.003049001814881991,0.1590909090909091,1
2012,2.6544704608800203,-0.0,-0.0,0
2012,9.500473519885645,0.03781920870207012,0.012012012012011963,1
2012,-364.89855372794773,-0.033058196143073704,-0.27536231884057977,0
2012,202.33241777126523,0.0,0.0,1
2012,313.13768084195453,0.0,0.38636363636363635,1
2012,-348.53318131325705,-0.06218624766892833,-0.3422459893048128,0
2012,151.10832697627302,0.003627492229765994,0.09368421052631581,1
2012,7.68127262661551,-0.021110480243526686,-0.12063492063492065,1
2012,113.27662025747395,0.03834399350169038,-0.17763157894736847,1
2012,47.08305874041275,0.0,-0.36363636363636365,1
2012,148.77383739195784,0.08432177174564515,0.19318181818181818,1
2012,509.2483442070052,0.07690406334150557,0.26111111111111107,1
2012,47.56269934399097,0.0,0.06666666666666665,1
2012,-62.78098007490348,0.0,0.0,1
2012,41.524386016433255,0.008721727586308292,0.038461538461538436,0
2012,-62.66950889115037,-0.05789626225707156,0.04545454545454547,0
2012,-59.29486691174998,0.0,-0.2857142857142857,1
2012,69.92782929849363,-0.0010069323418923082,-0.05555555555555558,1
2012,-142.17784860704,-0.0,-0.0,0
2012,-207.63919584464247,-0.013505297898210866,-0.13636363636363635,0
2012,-508.0072197846398,-0.10022597839956626,-0.6323529411764706,0
2012,65.28793487816074,0.11539744159797516,0.42857142857142855,1
2012,9.139554098441295,-0.015114855110804126,-0.014112903225806439,1
2012,-130.5454984082687,0.0,-0.5384615384615384,1
2012,237.7569271617997,0.08569228540715279,0.32692307692307687,1
2012,-309.4383102293741,-0.0,-0.0,0
2012,77.86830779730008,0.01963708318695745,0.0714285714285714,1
2012,-173.43696775569674,-0.07294053934430067,-0.22222222222222227,1
2012,-8.441775539871287,0.036789269640129296,0.10110294117647056,1
2012,-230.85751337691158,-0.0,0.004255319148936176,0
2012,175.14409023286476,0.04300912956163605,0.22998986828774065,1
2012,-511.49520081907986,-0.1227749436691119,-0.453781512605042,0
2012,8.141646583124384,0.0,0.0,1
2012,6.9000715897057034,-0.011801528963332308,-0.08349146110056926,0
2012,381.3614763992607,0.050681974291041154,0.41428571428571426,1
2012,0.14416224749697903,0.039945958191493824,-0.03177257525083621,0
2012,-34.20932302349752,-0.0,0.375,0
2012,-221.53409704982278,-0.0,-0.5,0
2012,-84.96601658662485,0.02037596780126716,-0.05243243243243245,0
2012,-450.6101412778137,-0.03880913901828431,-0.2755102040816326,0
2012,465.7381610677053,-0.0,0.15000000000000002,0
2012,-388.70537588776165,-0.0,-0.6538461538461539,0
2012,64.59910827696558,-0.046661175803596744,0.04545454545454547,1
2012,4.348885649282693,-0.0,-0.05263157894736842,0
2012,-316.30379202130734,-0.03456621081672184,-0.20378151260504201,0
2012,-62.8813245792071,-0.0,0.4375,0
2012,-134.25613245226077,0.005052290215906918,-0.1096491228070175,1
2012,309.9574683975163,0.0666571164977694,0.16682027649769593,1
2012,-300.5131459262784,0.06845347251789713,-0.13458487572712852,0
2012,-4.635192746498888,0.02234333424207202,0.09868421052631582,1
2012,-30.40471986890452,-0.0833552876817989,0.0,1
2012,32.539802981624234,-0.04650142482387276,0.0636363636363636,1
2012,404.1066372067846,0.12919764876040718,0.41414141414141414,1
2012,223.72988388200065,-0.0036646290008834903,0.041666666666666685,1
2012,535.5182349950346,0.1296825052104449,0.8058252427184466,1
2012,546.4542072850172,0.0,0.7,1
2012,139.73303466639413,0.014436519497044942,0.32499999999999996,1
2012,55.76413859921263,0.0,0.5,1
2012,-369.5877259031208,-0.017448058162867652,-0.15551020408163263,0
2012,159.07724455548487,0.0,-0.012820512820512775,1
2012,103.80052159319507,-0.0,-0.0,0
2012,-293.592393397696,-0.0,-0.6323529411764706,0
2012,335.981284479843,0.053806098008117864,0.29301075268817206,1
2012,328.6011724629202,0.027296241358629514,0.16532258064516125,1
2012,-104.30366078886209,0.026358211920841756,-0.011363636363636354,0
2012,-201.11556485498159,-0.07534281574269752,-0.26136363636363635,0
2012,-46.293421603992556,0.06842485160531042,0.10582524271844662,0
2012,-169.24429741711037,-0.06208090246677489,-0.23809523809523808,0
2012,76.08766332924642,0.001248806086825427,-0.03660826032540676,0
2012,-482.87531312983924,-0.08596409011786799,-0.41426783479349183,0
2012,147.73441079315126,0.03278920945385899,0.09203036053130931,1
2012,-165.90651334614176,-0.0,-0.0,0
2012,60.37603769550924,0.03644509793509876,0.10684273709483794,1
2012,-109.22485611401589,0.017470209374408352,-0.08064516129032251,0
2012,-167.12183322996407,-0.021111751446972193,-0.1539589442815249,0
2012,115.59443790275236,-0.04626459801479521,0.037267080745341685,1
2012,-93.22873837928319,-0.02522196554178957,-0.05583126550868489,0
2012,74.8509887582577,0.027335492730218847,0.0903225806451613,1
2012,-373.66830263904967,-0.08708210771336322,-0.2736572890025575,0
2012,400.1353312960432,0.023387994217445973,0.162606978275181,1
2012,-233.6014430150035,-0.0,-0.15384615384615385,0
2012,61.21994748736006,0.02196077147214781,0.07732447817836818,1
2012,-430.3116257566926,-0.029655115111044017,-0.2755102040816326,0
2012,152.77664658367326,0.0307202412919535,0.08709677419354833,0
2012,-446.3207675784738,-0.045823297612974656,-0.25,0
2012,-74.50984883254,-0.01829573934837092,-0.0,0
2012,-272.8574211192308,-0.06499338433329527,-0.19574468085106378,0
2012,110.4295281612267,-0.0,-0.0,0
2012,-407.23856542595036,-0.028285916899265184,-0.43126684636118595,1
2012,-608.1806452444216,-0.0,-0.8823529411764706,0
2012,88.47413610324747,0.0,0.13235294117647056,1
2012,-284.3380302523972,-0.0,-0.5,0
2012,53.35060298514645,0.001644757232460825,-0.012096774193548376,1
2012,84.49349765181319,-0.04430157695935266,-0.008928571428571397,0
2012,75.78384353958268,0.09142204067639836,0.18336886993603413,0
2012,24.589313768483407,0.0,0.0,1
2012,-6.837938972950951,-0.0027703480853068507,-0.047619047619047616,0
2012,-59.704040085000315,0.03731234472097544,-0.07522796352583588,0
2012,-307.4868020525198,-0.06253832504376833,-0.5294117647058824,0
2012,-22.76141112992832,-0.004318119268522769,0.1096491228070175,1
2012,-84.89840865657857,-0.0,-0.4166666666666667,0
2012,25.50655533306349,0.004590548450091103,-0.07226890756302518,0
2012,-169.25260967407849,-0.06319759627395616,-0.15607985480943737,1
2012,233.86531907622202,0.0,0.5,1
2012,176.0447895387165,0.0482323882371688,0.22222222222222227,1
2012,272.28850592028493,0.10580821784170391,0.2,0
2012,37.17937237932733,-0.006725350441710187,0.09999999999999998,1
2012,-127.55260418902594,-0.019679092527544517,0.08023854703171585,0
2012,-400.9164020594528,-0.052536507390842146,-0.45698924731182794,0
2012,183.16910011291384,0.1252110200072436,0.2011922503725782,1
2012,-92.20359858660413,0.01819137500603285,-0.06971153846153844,0
2012,-170.98604879017557,0.004762222296313623,-0.175,0
2012,34.1555410676674,0.0,0.0,1
2012,344.22383759661125,0.023324825784701297,0.15051020408163263,1
2012,-176.61373164649012,0.0,0.0,1
2012,-47.62973566448272,0.014957523537526884,0.012987012987012991,1
2012,364.9264453320666,0.07859587084513564,0.19999999999999996,1
2012,-82.96228936624016,-0.024129013289250878,-0.25,0
2012,303.0134441862456,0.0,0.625,1
2012,159.23727032887655,0.12109892325753469,0.16346153846153844,1
2012,13.991781447896756,0.05912093625279813,-0.05012531328320802,0
2013,-110.2976595052678,0.0010376267265428396,0.009411764705882342,0
2013,68.71880624161645,-0.0,0.16666666666666669,0
2013,56.36060816886152,-0.0,0.125,0
2013,96.65875012088463,0.05660639225949715,0.23076923076923078,1
2013,-0.3542259720891252,0.0,0.42857142857142855,1
2013,-261.25188900641024,-0.0,-0.0,0
2013,-182.8963296536199,-0.0,-0.16666666666666669,0
2013,32.24819842383977,-0.0,0.08333333333333331,0
2013,294.8416097834547,0.0,0.4782608695652174,1
2013,1.825804746567428,0.0501229042080934,0.16923076923076924,0
2013,2.9061047847728787,-0.025912412845047528,-0.33034198399223863,0
2013,385.6799736188407,0.022761629045184972,0.1294661622530474,1
2013,-2.3848414663116273,-0.0,-0.35294117647058826,0
2013,-450.8463036754481,-0.007103555226977032,-0.23804347826086947,0
2013,-24.80005364172075,-0.017780201005827445,-0.0625,1
2013,258.3018026222662,0.0,0.5846153846153846,1
2013,-116.38092626633784,-0.03422060308921493,-0.08514492753623187,0
2013,285.15544359707746,-0.007315923415652459,0.3392857142857143,1
2013,2.97429887080807,0.0,0.17857142857142855,1
2013,-23.566533106501765,0.0,-0.44,1
2013,-139.12525529430332,0.01768408253763909,-0.06722689075630256,1
2013,107.67564306273198,0.02729891962353037,0.08620689655172409,0
2013,-213.28078489736527,-0.010278233534896875,-0.051948051948051965,0
2013,-77.2343331830939,0.011464717175697303,0.041666666666666685,1
2013,-234.4967675770015,-0.015072929830480475,-0.026936026936026924,0
2013,83.25532092592584,0.011414059264022391,0.09052031361368496,0
2013,112.77542730349819,0.05524680985657948,0.16118935837245696,1
2013,-72.21991255149192,0.04426993197434681,0.0004662004662004948,0
2013,75.50561342422952,0.044924982825698234,-0.09523809523809523,1
2013,-18.24022355848865,-0.06200338216515211,-0.06759581881533094,0
2013,44.16003118700223,-0.0,-0.0,0
2013,-612.7344043342316,-0.056692429235239206,-0.4414300202839756,0
2013,85.64227698837976,0.0,0.4782608695652174,1
2013,232.98101423465437,0.0874277728506544,0.425,0
2013,-64.24400748711173,0.04404121161085184,0.06612903225806449,1
2013,-495.0896349140262,-0.048800473886859486,-0.30645161290322576,1
2013,349.26347293611775,0.0,0.4357142857142857,1
2013,-409.99301805049936,-0.08948952778035957,-0.4641460234680574,0
2013,413.16155410529177,0.08380078024401816,0.32563025210084034,1
2013,-231.13996532668807,-0.04271442936756309,-0.2,0
2013,-33.63638512332727,-0.019555791674521372,0.07142857142857145,0
2013,-179.56984769878682,0.025765765765765725,-0.29761904761904767,1
2013,71.0538592017183,0.06199844765437945,0.4444444444444444,1
2013,204.58393432050684,0.0,-0.05128205128205121,1
2013,-367.5654065419815,-0.0,-0.625,0
2013,-185.16797427369556,-0.0015708386494902582,-0.2142857142857143,0
2013,119.15299031232917,-0.004781253550508291,0.03478260869565214,1
2013,-85.8276793466639,0.01573179505627209,0.2555555555555556,0
2013,15.161306365880819,0.037218076184616256,0.11044973544973541,1
2013,284.37310464085385,0.014087243179987108,0.39999999999999997,0
2013,609.9677633827223,0.062189686811823464,0.4114450127877237,0
2013,-188.1679798380219,-0.04943317019919535,-0.3161290322580645,0
2013,68.24646074868292,-0.0,0.11403508771929827,0
2013,-263.2267233581513,-0.0,-0.2282608695652174,0
2013,-356.693174877664,-0.013499000859595656,-0.5319548872180451,1
2013,-252.5326874128175,-0.1343354947569282,-0.170940170940171,1
2013,-12.280173158118942,-0.0028537352339436106,0.11805555555555558,1
2013,-146.33933311664123,-0.0,-0.0,0
2013,-122.99021824629676,-0.030864839651108533,-0.01155462184873951,0
2013,17.61973322106678,-0.00530711311578802,0.04843304843304852,0
2013,-496.5778646833137,-0.02047749264791643,-0.34192037470725994,0
2013,491.23615715621577,0.040156439926203435,0.28152173913043477,1
2013,-100.2480229130224,-0.04116169623570176,0.10144927536231885,0
2013,-169.5964927622656,0.023919470462037573,0.07500000000000001,1
2013,38.660801726920454,-0.011946557530911117,0.25925925925925924,1
2013,-104.11679179382463,0.01435394484116237,-0.037868162692847096,0
2013,97.69990953321008,-0.0,-0.021739130434782594,0
2013,-71.07214766480638,0.06989197935799873,-0.19444444444444442,0
2013,-124.53518669863615,0.010694011534233772,-0.0625,1
2013,-350.72631435849917,-0.033021576516453655,-0.18571428571428572,0
2013,-41.6087708231189,-0.0021712859737420542,0.08215488215488215,1
2013,-58.70285931154194,-0.014693881227537675,-0.06521739130434778,0
2013,-242.94523929234037,-0.0,-0.42857142857142855,0
2013,690.3192878000277,0.07138921652582764,0.5038251366120219,1
2013,247.64787569173495,0.03542734097124467,0.31991525423728817,1
2013,251.8564919414432,0.03210208783869328,0.07512315270935965,1
2013,-448.85498484053574,-0.0,-0.32499999999999996,0
2013,172.37534145496147,-0.005683824440958052,0.08477751756440277,1
2013,-129.5401489578287,-0.0,-0.0625,0
2013,-17.53843140104891,-0.025344907227620395,0.008163265306122436,0
2013,-227.11309080447563,0.015102090498044118,-0.08083663086489534,0
2013,303.74540433875245,0.05205238044020932,0.19999999999999996,1
2013,-260.93249150045517,-0.010002874144150464,-0.21759259259259256,0
2013,15.6074337363209,0.0,-0.016129032258064502,1
2013,-27.988274176753748,-0.04460745916901998,0.00694444444444442,0
2013,-210.4763023331891,-0.0577504064105836,-0.12207792207792212,0
2013,-212.3413901450217,0.006767923051235969,-0.12866015971606037,0
2013,-189.62013027333137,-0.0,-0.16666666666666669,0
2013,137.4098581331432,0.0,0.0,1
2013,-231.301452958975,-0.0,-0.0,0
2013,1.32749395828273,-0.0523898788608369,-0.04199743918053778,1
2013,267.4539574516698,-0.022257914211955887,0.14814814814814814,1
2013,502.9307304677502,0.07418547643466,0.4833333333333333,1
2013,-57.39139854056157,-0.07499064357250862,0.0,1
2013,44.16967475079309,0.006046505725854079,-0.00694444444444442,1
2013,331.53240019439727,0.0,0.027210884353741527,1
2013,289.1801334347281,0.028660389377553552,0.18965517241379315,1
2013,-292.39473072400256,-0.0,-0.10144927536231885,0
2013,-44.14111413669775,-0.016152419147964392,0.062030075187969935,0
2013,190.19174909477465,0.014474581112447038,0.254872563718141,1
2013,329.8637305800928,0.006839820103706762,0.25637755102040816,1
2013,171.05606886189162,-0.010632277895165632,0.125,1
2013,-111.83666473662743,0.005884298882054773,-0.050000000000000044,0
2013,-215.60160258328892,-0.030263195830258716,-0.2212310437109724,1
2013,214.95828901091136,-0.0034066285894528425,0.09192037470725989,1
2013,244.35434325334813,0.040248267190303944,0.2159709618874774,1
2013,399.3402734008264,0.012126362577146388,0.2324074074074074,1
2013,0.33130138295200595,0.002494090306834673,0.054508196721311464,1
2013,140.42586154248238,-0.019569355222460172,0.020000000000000018,0
2013,-438.19328447965404,-0.06761275114139786,-0.2571428571428572,0
2013,88.30512076117543,0.03981221039246563,0.04113712374581946,0
2013,-502.1294652255542,-0.04889288520196777,-0.3902173913043478,0
2013,-206.81627271404113,-0.1130673431020468,-0.25,0
2013,107.00039331526159,0.0,0.0,1
2013,-85.84504058851758,-0.0,-0.19444444444444442,0
2013,-70.08734322993223,0.032947394606061,-0.15109890109890106,0
2013,-119.58133011603059,-0.02730509950048443,-0.14333706606942892,1
2013,-122.26273968125383,-0.05027430905172814,0.10271739130434782,0
2013,-265.27882525655923,0.0,-0.19298245614035087,1
2013,-149.48081548309142,-0.07809543789310924,-0.33333333333333337,0
2013,-333.927846114414,-0.08733876465099044,-0.35632183908045983,0
2013,-388.80731823148153,-0.0,-0.0,0
2013,-128.06781016319155,-0.0,-0.38095238095238093,0
2013,92.20540959059576,-0.0,0.023809523809523836,0
2013,-280.9312653291454,-0.0,-0.5,0
2014,-133.16059231231884,0.009537039970405004,-0.25378787878787873,0
2014,-298.20779218713164,-0.03527635484605318,-0.25510835913312696,1
2014,-161.99183389470682,-0.007344340067432564,-0.1071428571428572,0
2014,-132.1091466870314,-0.018175261246488827,0.15360501567398122,1
2014,22.137574557626294,0.07451686546107472,0.06428571428571428,1
2014,422.2857822455253,0.03339188863251674,0.31884057971014496,1
2014,93.84198801857633,0.04266598175325287,0.27705627705627706,0
2014,170.39166226202428,0.055995353082731736,0.2952380952380952,1
2014,0.6317304376032098,0.0,0.0,1
2014,198.61280145258047,-0.008129319700691084,-0.19444444444444442,1
2014,267.8332017395189,0.0,0.45098039215686275,1
2014,-76.23320245222658,0.01490404590524741,-0.0267857142857143,1
2014,-41.315150864716315,-0.021372071177993224,0.03155680224403934,0
2014,338.41449273543867,0.0,0.16265060240963858,1
2014,214.0051389031787,-0.0,0.4,0
2014,-393.771329660889,-0.025923548828485354,-0.15441176470588236,0
2014,250.943253418332,0.029157762248551822,0.03146067415730336,1
2014,-11.82709319005744,0.09679166803209571,0.054187192118226646,1
2014,-124.23735737716311,0.00034899081704531376,-0.056835637480798784,0
2014,94.56241235464381,0.01659096070860777,0.08021390374331555,1
2014,123.41956450975749,-0.02413075073329274,-0.09299516908212557,1
2014,-27.126962535284292,0.03285411777940028,-0.03765060240963858,0
2014,-210.16076316928275,-0.03434566226895219,-0.17845117845117853,0
2014,-657.8534417751371,-0.0,-0.8314606741573034,0
2014,-98.9455433552173,0.028840717986484132,-0.1088709677419355,1
2014,-669.6014147089759,-0.08332865311362936,-0.6365248226950354,0
2014,-252.5466739365845,-0.11753141306062842,-0.09868421052631576,0
2014,302.27819125614496,-0.002541521649550349,0.2442190669371197,1
2014,-46.41299807284986,-0.0,-0.0,0
2014,12.334295589855174,0.009817750945099624,0.14285714285714285,1
2014,-149.12945017935317,0.0,-0.5227272727272727,1
2014,-179.1048157790965,-0.010262973472881298,-0.021241830065359457,0
2014,191.81013922161833,-0.010178198117073434,0.18788819875776397,1
2014,351.62088875498466,-0.0036875674127946345,0.3487020534676482,1
2014,-303.6143597055154,-0.007699625090929474,-0.22770398481973436,0
2014,16.811967923473958,0.04519656078185996,0.19042838018741637,0
2014,-449.74969822305866,-0.06722719704021862,-0.33550441453177016,0
2014,122.83821093299571,-0.08611240703112655,0.041467304625199375,0
2014,-544.2003587596246,-0.047914610377318034,-0.5115248226950354,0
2014,129.44713454361636,0.0,-0.026315789473684237,1
2014,-207.72804163510773,-0.09092251684955532,-0.18053830227743267,1
2014,-71.6755552323375,-0.00666166743288088,-0.32222222222222224,1
2014,57.27724027406293,0.037843309265132685,0.02941176470588236,1
2014,-402.45320055741195,-0.08253506770296404,-0.38125,0
2014,322.47505517414083,0.0,0.6071428571428571,1
2014,187.15023890331054,0.05576941445177497,0.17907444668008055,1
2014,301.0696074467212,0.0,0.36363636363636365,1
2014,-15.47745208691731,-0.03459384938504484,-0.044795783926218746,1
2014,10.154050164763248,0.06021896269987037,0.0853432282003711,0
2014,532.7007648278632,0.06535837358936392,0.45795339412360686,1
2014,-84.8765514589627,-0.0011034669892650006,-0.24027916251246256,1
2014,54.476598104580944,-0.011998576113446457,-0.061096136567834636,1
2014,403.0937337833277,0.0,0.0,1
2014,-262.70890219977764,-0.0,-0.0,0
2014,80.53661287703926,0.04491683753136677,0.03448275862068967,1
2014,191.0156945610497,0.04341952576962815,0.3294117647058824,1
2014,-447.2384085586202,-0.029366388911805985,-0.430976430976431,1
2014,-281.3565494054951,0.011774414074373518,-0.06512605042016806,0
2014,-327.1423057967438,-0.008140463227987338,0.05627705627705626,0
2014,317.29178890072285,-0.0,-0.0,0
2014,196.30118549334247,-0.0,-0.0,0
2014,70.00729952584697,0.04043484053411717,0.346031746031746,0
2014,288.0547813051908,0.02166594743454564,0.1272378516624041,1
2014,-564.4513662149327,0.0,0.0,1
2014,-394.41547880247936,0.008535278979571403,-0.41284061216871965,0
2014,39.899427293388726,-0.03138794684500501,-0.10711305798915305,1
2014,220.93242808003083,0.025874644024017845,0.2508155128669808,0
2014,297.92270669198865,0.06542508194875518,0.4143026004728132,1
2014,-222.19509280122497,-0.0,-0.0,0
2014,-306.1188117957488,-0.026145401528029355,-0.19876660341555974,0
2014,190.45569716630825,0.04944157430201601,0.1515151515151515,0
2014,-50.617623236426425,-0.0,-0.47619047619047616,0
2014,-461.8302902325745,-0.03524442730887534,-0.28125,0
2014,-181.4907504915468,-0.07994585862114134,0.002506265664160401,0
2014,-93.18521630945293,0.0,0.0,1
2014,248.2655907506089,0.007229046137441797,0.015151515151515138,1
2014,-472.0732368342999,-0.05292349614036729,-0.23395721925133695,0
2014,399.0399833375293,0.0963501323796554,0.3458646616541354,1
2014,60.33621200186212,0.01150014963019963,-0.05295566502463056,1
2014,-628.840367749478,-0.0838799490844262,-0.6701388888888888,0
2014,-600.0099705090722,-0.04717045560407229,-0.5587334014300307,0
2014,288.74210525786157,0.012062805275035782,0.22664199814986125,1
2014,45.77743173011095,0.006113445378151283,0.1333333333333333,1
2014,141.9145064426625,0.001399862590175216,0.11851851851851847,1
2014,-105.31913492435729,-0.07525854443104141,-0.2129032258064516,1
2014,-265.1928463188608,-0.06064984199519685,-0.2795031055900621,0
2014,436.1499114968151,0.0,0.6626506024096386,1
2014,210.22870254403415,0.09992275056486477,0.17401960784313725,1
2014,90.53110536106283,-0.03615898510286586,0.13828425096030728,0
2014,101.79261035425452,0.027203890546482423,0.02470461868958107,1
2014,2.1952190627346226,0.007782841535085683,0.09523809523809523,1
2014,-36.39748672966175,-0.0,-0.3684210526315789,0
2014,-239.37142235596457,-0.0,-0.2612612612612613,0
2014,-386.772443748378,-0.0,-0.0,0
2014,-61.08969946482739,-0.045081974947957626,-0.25408348457350277,0
2014,350.3465088982564,0.0,0.4642857142857143,1
2014,-269.5853391965452,0.02094816909493924,-0.4,0
2014,-234.29312790379663,-0.0,-0.2327586206896552,0
2014,-283.5418775834746,-0.08285200499633893,-0.2816091954022989,0
2014,70.47323358715175,-0.0,-0.0,0
2014,-262.92845342069904,-0.03197166076314295,-0.1515151515151515,0
2014,74.01694952432831,-0.030367273813078466,0.027272727272727282,0
2014,57.159063332964024,0.0,0.0,1
2014,-18.00017327826572,0.012551826883814732,-0.20433145009416193,0
2014,69.4232189650163,0.005902153623134843,0.02058823529411763,1
2014,-241.89246587280604,-0.0,-0.125,0
2014,-66.83914430067989,-0.0,-0.45098039215686275,0
2014,29.29442113517962,-0.0,-0.0,0
2014,-332.60489844175913,-0.0,-0.35323383084577115,0
2014,328.2930637876027,-0.042156009067097266,0.07765151515151514,1
2014,-86.37913026290971,0.01835297376776701,-0.23809523809523808,0
2014,-148.1333396097932,-0.02092378580853871,-0.16666666666666669,0
2014,-102.24126791280605,0.0,0.0,1
2014,362.0089559215603,0.04629118863817672,0.2776148582600196,1
2014,122.54860247221632,-0.0022108872049356743,0.1224489795918367,1
2014,-203.57874586060007,-0.0,-0.5263157894736842,0
2014,311.289946172471,0.01949630720351525,0.3302034428794992,1
2014,-205.43824213984726,-0.10463675446766973,-0.36363636363636365,0
2014,339.5519528832351,0.0,0.0,1
2014,17.06513691786995,0.007968599382282893,0.06547619047619047,0
2014,253.61201862407847,0.0,0.5454545454545454,1
2014,-193.0054011204004,-0.08014527551324435,-0.29078801331853493,0
2014,273.68889198999386,0.004338285368375883,0.12380952380952381,1
2014,168.02914846185922,-0.019947336110279545,0.2137254901960784,0
2014,-297.46789139036014,-0.01963311183738381,-0.1223118279569893,0
2014,-705.4425153635698,-0.08890465367391842,-0.6794117647058824,0
2014,-273.15488204142,0.04447302912766671,-0.028571428571428525,0
2015,-123.96634306883402,-0.00743794426220401,-0.2707641196013289,1
2015,-82.32588845908185,0.0,-0.16666666666666669,1
2015,274.5484097977344,0.0,0.75,1
2015,302.1258799845002,0.0,0.176056338028169,1
2015,-62.29374567309401,-0.0,-0.0,0
2015,-128.42891894487275,-0.016330451488952846,-0.025362318840579712,0
2015,-122.06101075422634,0.033940119029515325,-0.21724137931034487,0
2015,-341.2037985993095,-0.0,-0.6,0
2015,-391.3583880492329,-0.0,-0.0,0
2015,-326.62052284611036,-0.0,-0.5526315789473685,0
2015,-267.21424787685964,-0.05144294703938801,-0.381578947368421,1
2015,586.265163382996,0.0,0.0,1
2015,-249.74929157416977,-0.044849738944119255,-0.13569078947368424,0
2015,91.55140443229857,-0.0,-0.0,0
2015,400.5981597100381,0.15066892327530623,0.4603174603174603,1
2015,-291.1439122967149,-0.0,-0.41666666666666663,0
2015,82.42308285379136,0.029808684051211842,0.21263482280431434,0
2015,-164.58740550427865,-0.0060197627635024675,-0.18568894145476056,1
2015,-53.998865661088075,0.0,0.0,1
2015,-117.6861923669203,-0.04842806107241959,-0.13043478260869568,0
2015,-68.43424330128073,0.040783226480101575,-0.09259259259259262,0
2015,-61.953123024022034,0.0,-0.2333333333333333,1
2015,101.33294964736456,-0.06507490636704127,0.125,0
2015,-142.7388229331873,-0.04381086198727768,-0.15625,1
2015,-20.699438645784994,-0.05473494971089843,0.09523809523809523,0
2015,134.68879816415097,0.028229220239743613,0.39285714285714285,1
2015,-337.4873159647175,-0.012235228844771018,-0.2871674491392801,0
2015,206.96245984653638,0.008247207432926285,0.19871794871794873,1
2015,238.08842987677758,0.0,0.35294117647058826,1
2015,-581.2216154029943,-0.07521041040581289,-0.5883838383838383,0
2015,33.974912823139675,0.027816389461406965,-0.028070175438596523,1
2015,-7.1594486671774575,0.0,-0.17948717948717946,1
2015,-80.34783713189086,-0.0404966274930566,-0.008928571428571397,1
2015,-381.1269284717921,-0.129801911967391,-0.3008130081300813,0
2015,-423.9821961252021,-0.02097688061740821,-0.5357142857142857,0
2015,-387.699771121735,-0.06941983170105881,-0.3026315789473685,0
2015,76.02059803985367,0.02750188598906822,0.09469696969696967,1
2015,142.8194174483756,-0.005928073016915669,-0.08538701839639007,1
2015,-55.70301393265845,-0.02735803431434969,0.11805555555555558,1
2015,-405.29708029881795,-0.027054427161957606,-0.27951388888888884,0
2015,-96.38215199260412,-0.0,-0.3125,0
2015,-238.76057182364275,-0.018829302285067184,-0.24561403508771928,0
2015,324.9737610135112,-0.0,-0.0,0
2015,368.7678938933618,0.07076843894089924,0.4740740740740741,1
2015,-32.684328137702096,-0.0,0.11363636363636365,0
2015,-133.8062606220626,0.058175265390030484,-0.03749999999999998,1
2015,317.5645963995307,0.025626996979909777,0.3939393939393939,1
2015,519.109635984307,0.03618681092934173,0.4717171717171717,1
2015,128.98533976154658,0.0,0.23188405797101447,1
2015,7.815986070609142,0.0821541580312456,0.07947530864197527,1
2015,381.5843956351962,0.15672293525243475,0.550314465408805,1
2015,-443.91389010033186,-0.04072991678011162,-0.41718555417185554,1
2015,-242.85918087346067,0.002949326023290899,-0.2724252491694352,0
2015,321.3430969978517,0.047787979472411535,0.0982142857142857,1
2015,377.69435727070413,-0.007827115402589735,0.24736842105263157,1
2015,-42.36848209980462,0.06763506302214362,-0.026567944250871056,0
2015,-158.44739509026385,-0.02651597240653847,-0.09429824561403516,0
2015,-507.10702775734126,-0.016317789082861855,-0.2848484848484849,0
2015,530.1223210852161,0.016441547559451042,0.32638888888888884,1
2015,-305.8283805601286,-0.0,-0.0,0
2015,210.7076718075641,0.0,0.0,1
2015,160.45218626469932,0.04547074853720068,0.43034825870646765,1
2015,-340.1825566982143,-0.07169868104260446,-0.3449612403100776,0
2015,163.5234996482527,-0.04743255924340728,0.07500582343349638,0
2015,-230.85928632479386,0.00013639370787354999,-0.19450317124735728,0
2015,-150.130286535172,-0.03009309590685394,0.010416666666666685,0
2015,83.37444687959169,0.06292113683418032,-0.1785714285714286,0
2015,-29.467201351868653,0.01817241857496532,0.06067172264355358,1
2015,-40.498659433172406,-0.014064867272015169,-0.24999999999999994,1
2015,27.22978336963297,0.03163117389887482,0.0505050505050505,1
2015,61.47047043067687,-0.031445915932430624,-0.0888888888888888,1
2015,147.2866660333509,0.12109020785683433,0.42857142857142855,0
2015,207.746467858374,0.050967045366025254,0.08275862068965512,1
2015,-396.3003211749319,0.00255374829585997,-0.12394366197183104,0
2015,-368.11627211578934,-0.07751059940491178,-0.31481481481481477,0
2015,-181.2097896884361,-0.014913232880714222,-0.06653746770025837,0
2015,385.7978874383816,-0.06071896323232939,0.19640852974186307,1
2015,-118.40729435692538,-0.059385464140395694,-0.12037037037037035,1
2015,-400.0795757124615,-0.06948579168942803,-0.2222222222222222,0
2015,39.76120894897031,0.031717334547068154,0.025925925925925908,0
2015,-221.9163310585052,-0.023726515441985896,-0.15868673050615595,0
2015,-370.58990975381676,-0.05166053738534593,-0.27316644707949056,0
2015,200.27142255238869,-0.0029971870894531794,0.2248062015503876,0
2015,53.6547999258255,0.013583187084496129,-0.073943661971831,1
2015,-469.7439409403487,-0.16211103829525164,-0.6944444444444444,0
2015,540.5898143680222,0.024782183966781446,0.505050505050505,1
2015,-360.069670439083,-0.02034100407542616,-0.13928571428571435,0
2015,-85.17759809078825,-0.0,-0.0,0
2015,-78.61990949772303,-0.027724906089811374,-0.27731092436974786,0
2015,-76.4238262297963,0.0035837841163469664,0.22916666666666669,1
2015,341.67976405732225,0.13381200478526978,0.38414634146341464,1
2015,43.994723331932164,-0.0,-0.08333333333333331,0
2015,274.44995409491867,0.03611951720059836,0.29292929292929293,1
2015,-113.53138618661956,0.019455578099425996,-0.09399075500770415,1
2015,204.57449975523969,0.00467100610067428,0.02251407129455918,1
2015,-67.35259968206537,0.0238266360221977,0.1644284310514248,1
2015,209.44941105553198,0.0,0.18181818181818182,1
2015,-437.8734841659011,-0.004976801987576662,-0.1611111111111112,0
2015,-58.12994610964142,0.01234315130597563,-0.20833333333333331,1
2015,232.613613204785,0.06105303493741632,0.3648459383753501,1
2015,-180.07205464828758,-0.03488826856546179,-0.3333732057416268,1
2015,22.72618954358768,-0.0009136494985551025,-0.2777777777777778,1
2015,-215.33792759457174,0.0,0.0,1
2015,-140.39146623701527,-0.05669333684545563,-0.2692307692307692,0
2015,126.48024919877821,0.0,0.0,1
2015,155.60450286297373,0.007067176646443296,0.125,1
2015,361.13686366164734,0.0,0.5581395348837209,1
2015,-204.8940155718692,0.001175904585020926,-0.3354978354978355,1
2015,-141.3483271048599,0.0,-0.3888888888888889,1
2015,216.94526634822273,-0.004272306260442504,0.15294117647058825,1
2015,-326.5115892393751,-0.0,-0.6153846153846154,0
2015,382.74263134497573,0.07783804142429074,0.3641552511415525,1
2015,108.38946768141614,0.0751545136967896,0.40476190476190477,0
2015,650.5246475059923,0.05082969666924719,0.3636363636363637,1
2015,185.4900059703309,0.015363061251634558,0.2779567418315692,1
2015,267.01837656558973,0.0,0.06521739130434778,1
2015,206.24431553041472,0.13376151375882162,0.4298245614035088,0
2015,-382.8766631439564,-0.042021335310816865,-0.41964285714285715,0
2015,230.04169522351435,0.0,0.0,1
2015,120.52348801194285,0.06116903808049112,0.26368159203980096,1
2015,192.50951342442954,0.0,0.0,1
2015,265.1592060400362,0.014755665774367377,0.011627906976744207,1
2015,-224.4433320836083,-0.02632384025455814,-0.20959595959595956,0
2015,-56.31887346382814,-0.020004847421971617,0.04395604395604391,1
2015,-198.85809427953973,-0.10169061983944017,-0.5102040816326531,1
2015,-70.10215450015767,-0.0,0.041666666666666685,0
2016,270.21392607591497,0.045849015162415574,0.21357285429141726,1
2016,297.60070949522697,0.0,0.6883116883116883,1
2016,-630.6260247069199,-0.0,-0.8802395209580839,0
2016,-3.492193005327863,0.013026121629560405,0.06,1
2016,171.6439036148281,0.014143940608860373,0.038690476190476275,1
2016,261.3360778621495,0.0326201426236169,0.13275613275613274,1
2016,-88.90185790431474,-0.07721695286288299,-0.0300889586603873,0
2016,72.76967019278459,0.0,0.0,1
2016,249.93088742200803,0.0,0.0,1
2016,113.05365543048879,-0.026182539660345783,0.013608870967741882,1
2016,834.2192808827831,0.052152281210583795,0.4749679075738125,1
2016,-93.49581494087397,-0.03383489847920096,-0.04545454545454547,0
2016,-31.805404067205473,0.0,0.0,1
2016,57.58575939165621,-0.02579388071819777,0.028368794326241065,0
2016,-212.89002933065694,-0.0002988381509410054,-0.21978021978021983,0
2016,-245.80369997622847,-0.01859445417536254,-0.47916666666666663,0
2016,327.53483331897814,0.0,0.38829787234042556,1
2016,-219.56418233690374,-0.0290462438959046,-0.2015503875968992,0
2016,-49.20822887717509,-0.0,-0.0,0
2016,30.06225883130105,-0.1037925509402019,-0.18518518518518517,1
2016,-241.7809108836111,-0.0,-0.0,0
2016,156.42828281978518,4.95077072814043e-05,0.1470238095238095,0
2016,224.3303617059928,0.052044284500424864,0.19157894736842113,1
2016,-40.188582655365735,0.004799059228713598,-0.10714285714285715,0
2016,149.04244968508328,0.03553338129063699,0.18823529411764706,1
2016,-31.45872785437541,0.013027249074609504,-0.10256410256410253,0
2016,-199.21311253098065,-0.03898167197940405,-0.19256756756756754,0
2016,158.54543892576248,0.02447230626274377,0.29761904761904767,1
2016,93.36019826697134,-0.0,0.4,0
2016,-23.8642195748198,-0.00671049978347904,-0.1873015873015873,1
2016,290.67230023253273,0.04410141273603052,0.3166666666666667,0
2016,-45.18664073160926,-0.0,0.20833333333333331,0
2016,372.84792394158785,0.0,0.6111111111111112,1
2016,138.01429593443345,-0.0014994788400700676,0.0844339622641509,1
2016,-19.81260489518081,0.0,-0.5,1
2016,-175.93375168351258,-0.07279586946351979,-0.23148148148148145,1
2016,373.39256586944566,0.06287665852491009,0.32065217391304346,1
2016,346.0699714357215,0.028769127495439806,0.1972789115646259,1
2016,275.8228116818914,0.036420722770593605,0.2948717948717949,1
2016,194.46305763748228,0.0,0.4,1
2016,-366.97293747978483,-0.04581884911918044,-0.32023952095808383,0
2016,70.50625312231614,-0.017421680355979685,-0.0852713178294573,0
2016,-233.7252362185841,-0.0,-0.0,0
2016,149.33393142800332,0.0,0.0,1
2016,-395.0240969180768,-0.0,-0.3684210526315789,0
2016,-297.0302527769877,-0.008232078085652517,-0.09523809523809523,0
2016,127.67272261888593,0.17143642369247591,0.31929824561403514,1
2016,-101.59588909618424,0.013345250314644841,-0.16666666666666669,1
2016,-225.41935085093928,-0.04805838235250626,-0.051724137931034475,0
2016,105.4805736194619,-0.006094673993452537,0.09375,1
2016,-307.04931056655687,0.04570391469704971,-0.016177957532861553,0
2016,-75.15101110981595,-0.0042059037729217374,0.11372549019607847,0
2016,164.98889709112427,0.08024602736036524,0.24285714285714283,1
2016,178.1318150373445,-0.028781063707534305,-0.10833333333333334,1
2016,-171.61385942784455,-0.08123166420698102,-0.04861111111111116,0
2016,-227.29754470628177,-0.0019706578016165377,-0.0037878787878787845,0
2016,-68.8788028083959,-0.0067249528724259156,0.10238095238095235,1
2016,-139.78231003866813,-0.0,-0.5555555555555556,0
2016,-215.95157288897303,-0.030621348320075903,-0.12164502164502167,0
2016,-392.837524175824,-0.0,-0.4583333333333333,0
2016,175.65681386921824,0.025344753285929777,-0.0014492753623188692,0
2016,166.31854191900493,-0.014036583085401677,0.20535714285714285,1
2016,118.59009340220928,0.0,0.36363636363636365,1
2016,-64.9171627246767,-0.018373415550136052,-0.16883116883116883,0
2016,392.05473646003156,0.0,0.6818181818181818,1
2016,-188.1641107629962,-0.1004178101212766,-0.036111111111111205,0
2016,-145.65634045680554,-0.010371603334947022,-0.19886363636363635,0
2016,3.2655488106565826,-0.0023509628772786506,-0.030909090909090886,1
2016,-633.4331991197623,-0.0958641736489384,-0.5469061876247505,0
2016,581.847821798664,0.04905203356885146,0.2694541231126596,1
2016,-178.92386916007808,-0.04592070899873124,-0.30496453900709225,0
2016,72.03891930356122,-0.006212263356666914,0.16666666666666669,1
2016,-109.91229587572343,-0.0,-0.0,0
2016,-738.588215884185,-0.0,-0.5982142857142857,0
2016,216.9905576609126,0.0,0.45,1
2016,-151.43353443717592,-0.034463892595209544,-0.05477150537634401,0
2016,-58.89505147937052,-0.037662088392862225,-0.18287037037037035,0
2016,-73.71269040825541,-0.019380183136116225,-0.037223340040241526,0
2016,-98.77672375958628,-0.0,-0.5,0
2016,257.4159474755504,0.1006183197673558,0.2822612085769981,0
2016,263.26987861333555,0.01074107573723071,0.16666666666666663,1
2016,-23.759437084926958,-0.024150128387136816,-0.16503992901508424,0
2016,82.64181200565872,0.0,-0.25,1
2016,182.36861279757295,-0.0,0.5333333333333333,0
2016,-266.46618316849253,-0.010630506225106529,-0.18831168831168832,0
2016,-265.95289819139134,0.02706647668213713,-0.033333333333333326,1
2016,128.9984641380829,0.09309675992924904,0.15277777777777785,1
2016,15.831484687620787,-0.0350118591497901,-0.01278409090909094,0
2016,61.00034576125017,0.0,0.0,1
2016,-305.90447847393193,-0.016116361509339594,-0.11264534883720934,0
2016,-160.69198148520218,-0.04845034186773867,-0.16666666666666669,1
2016,-19.475427284337457,-0.005193470886062257,0.0612612612612613,0
2016,247.04633203851154,0.0,0.4642857142857143,1
2016,653.8053140042084,0.0,0.0,1
2016,-49.12031041153705,-0.04772055219831117,-0.045454545454545414,0
2016,227.4551090776531,0.04639516132236354,0.23423423423423423,0
2016,6.796912107835851,0.04284137886164385,0.09999999999999998,1
2016,277.28730734802366,-0.017024551854244674,0.14645989974937346,1
2016,-271.4587962719172,-0.0,-0.0,0
2016,-292.15165954173517,0.010972641751826773,-0.15990259740259738,0
2016,-203.72070873624534,0.01945796029274971,-0.2691284098469727,1
2016,-237.77902510340073,0.051182860322873114,-0.23710317460317454,0
2016,112.34721643455919,0.0907448081521246,0.32879818594104304,0
2016,-214.6297291523383,-0.04314171491139285,-0.011111111111111183,0
2016,85.37865767676021,-0.022358504849876226,0.14848484848484844,0
2016,-56.016060475812765,0.02375527569830549,-0.007440476190476275,0
2016,539.5003246619945,0.06935565587877734,0.3482142857142857,1
2016,42.52902890905352,-0.011343333915472265,0.03829787234042559,0
2016,-114.07633238550443,0.0010880639242626389,-0.10285714285714292,0
2016,-262.96627019675725,-0.11562525828580872,-0.4572649572649573,0
2016,-334.00280261895114,0.0,-0.6956521739130435,1
2016,138.9281442961858,0.06310998986814231,0.2666666666666667,1
2016,-276.4282007096922,-0.049962230086757486,-0.31948717948717953,0
2016,361.62851153535485,0.009205066672722917,0.2053571428571428,1
2016,-18.17635837753096,-0.01604217215379089,-0.022267206477732726,0
2016,75.91765899063284,-0.030418919585039395,0.06910132474042241,1
2016,-122.18440549702746,-0.0,-0.46153846153846156,0
2016,-140.3820809271674,-0.01329383756496072,-0.20952380952380956,0
2016,227.66516228011733,0.05042277796589689,0.32675438596491224,1
2016,-549.7918625412567,0.00518692198291526,-0.2170731707317073,1
2016,-510.1551691268578,-0.04820657111832394,-0.3982142857142857,0
2016,-44.692635310072546,0.009291979611318224,-0.09090909090909088,0
2016,72.66328219423326,0.1015078681448961,0.17387820512820507,1
2016,-372.7130698672654,-0.023810668496792586,-0.2962962962962963,0
2016,-316.09209867783966,-0.012492031281175264,-0.24806201550387602,0
2016,-56.38502136000102,-0.0016845838650022538,-0.05769230769230771,1
2017,148.03212915633935,-0.008080351304011857,0.08823529411764708,1
2017,449.90443724691477,0.05156162891212612,0.3161193623109415,1
2017,196.10056818139265,0.012453634014869652,-0.0444444444444444,1
2017,112.77030026121338,0.0044568166257406006,0.044009420076538075,1
2017,-62.610444288007784,0.0,0.0,1
2017,69.0108667761574,0.046480432262546945,0.03339157445156282,0
2017,176.99343807863534,0.0,0.0,1
2017,-82.5317899841607,0.01359196919944583,-0.14102564102564105,0
2017,387.47389700561575,0.09290542655626455,0.40106951871657753,1
2017,-113.56565155918838,-0.09782363521655146,-0.24861265260821308,1
2017,-28.646857454247993,-0.0,-0.2857142857142857,0
2017,58.83335650513004,0.029869485367651438,0.08521303258145363,0
2017,247.47994950931684,0.10718311561063498,0.33246753246753247,1
2017,17.040266460311614,-0.011531303242426127,0.09771473601260838,1
2017,297.76615616023764,0.024888305973160385,0.2727011494252874,1
2017,-285.245241131337,-0.11678127992073328,-0.5961538461538461,0
2017,442.20888045140555,0.017371612376349654,0.38000000000000006,1
2017,-211.86431748054656,0.0,-0.3902439024390244,1
2017,-82.66453525568477,0.0,0.0,1
2017,278.29496820712006,0.06081967612399286,0.1846064814814815,1
2017,120.66289461865927,0.030185472548584946,0.028956228956228958,0
2017,-185.0949321154726,-0.027528450614856426,-0.05854430379746833,0
2017,-311.05838628529,0.0,0.0,1
2017,494.56967726863013,0.0,0.68,1
2017,310.90040873388944,0.10498027269037624,0.04230423042304232,1
2017,20.09044287860138,0.0,-0.3589743589743589,1
2017,-221.8012637635111,-0.03291919651471786,-0.1935506682695708,0
2017,-724.141408882786,-0.0,-0.0,0
2017,-440.6491170359468,-0.08871852099009425,-0.3857142857142857,0
2017,31.511687285779317,0.04809253665779989,0.16041979010494756,0
2017,171.2954394949345,0.010230529733988525,0.0959821428571429,0
2017,-277.9191187516117,-0.07433608577773343,-0.32025117739403447,0
2017,112.63006816151028,0.019636530839111876,-0.0015473032714412582,1
2017,241.460084788813,-0.0022148340570720126,0.31043956043956045,1
2017,-52.48110041723362,0.020028710162708796,0.11666666666666664,1
2017,-234.26161908116205,-0.02347181617935412,-0.24080086580086585,0
2017,285.1600561017167,-0.0025987525987525295,0.12592592592592589,1
2017,-120.698010435161,-0.0,-0.2,0
2017,-286.5359496189217,-0.015864761574589936,-0.32941176470588235,0
2017,150.73411405765205,0.06353238397626437,0.09691409507923276,0
2017,383.1457686176909,0.06370730781660927,0.31887755102040816,1
2017,38.105001284112404,0.03893416092060109,0.059113300492610876,1
2017,235.90488784480067,0.00029090822735955424,0.16666666666666663,1
2017,-298.27025918927893,0.009486147061643191,-0.09183673469387754,0
2017,-335.5778785713146,-0.04099029696811807,-0.16993464052287582,0
2017,-245.29034185588125,-0.0,-0.0,0
2017,-98.19327690706928,-0.05942406250489063,-0.21078431372549017,1
2017,-23.015244413593337,-0.019119684753947874,0.05789473684210525,1
2017,-138.97947263872607,-0.02907840474500145,-0.048263888888888884,1
2017,-93.18091262794997,-0.0,-0.0,0
2017,-15.010876745590167,-0.0,-0.0,0
2017,378.6220857445028,0.0,0.5588235294117647,1
2017,-460.8595345457436,-0.0,-0.0,0
2017,-48.06155865109713,0.02264239662428169,0.02112676056338031,1
2017,-41.44470574847014,0.012728719172633185,-0.07142857142857145,0
2017,335.13224952780206,0.02311774461028193,0.3589743589743589,1
2017,163.80097709837128,0.0,0.0,1
2017,-103.02076873854139,-0.0,-0.6,0
2017,-373.8272037999486,-0.025226102886804047,-0.3490499648135116,1
2017,670.9506125007811,0.07088231382892873,0.553558052434457,1
2017,539.1771603351581,0.023521326278945986,0.42142857142857143,1
2017,26.788409344620504,-0.086607000572829,-0.06512605042016806,1
2017,-25.40748661205862,0.021203026709234796,-0.0482758620689655,0
2017,146.52970403829727,-0.027457014942486868,-0.008695652173913104,0
2017,-294.9283815174026,-0.0,-0.0,0
2017,217.00895043632136,0.0,0.4482758620689655,1
2017,-126.20120140140762,-0.0,-0.10869565217391308,0
2017,266.9481123977873,0.03301082334458716,0.26666666666666666,1
2017,423.65917058654213,0.0,0.3697916666666667,1
2017,16.23764547585847,0.007089587242026352,0.06690561529271205,1
2017,-79.23559967897427,-0.0009864135324001433,-0.07246376811594202,0
2017,-268.5419037954616,-0.0,-0.1071428571428571,0
2017,-43.584081807746315,-0.030691848018913226,0.02590266875981162,0
2017,-255.1511130819481,-0.0,-0.5795454545454546,0
2017,215.14283167986832,0.04554576694621626,0.1470588235294118,1
2017,19.650610741686478,-0.02120658313364243,-0.03422459893048124,0
2017,-309.8774025916796,-0.050676923076923175,-0.39259259259259255,0
2017,333.5818398106644,0.07146664391378943,0.3265151515151516,1
2017,58.43309463982587,0.008022715070742814,0.1763392857142857,1
2017,80.25037889481428,0.0018801304900090132,0.17543859649122806,1
2017,-74.39027481398671,-0.028301862392609456,0.05882352941176472,0
2017,569.0073646202884,0.07532073025519981,0.6548727498448169,1
2017,-119.32000203703365,-0.031245357901739212,-0.19047619047619047,0
2017,-200.74767443123073,-0.10813107431449276,-0.15009671179883943,1
2017,2.44739393462487,-0.08531342955572818,0.043636363636363695,0
2017,71.27811052151219,-0.0012702924598678722,0.09772727272727277,1
2017,44.89980764428765,0.017719194986389186,0.028571428571428525,1
2017,171.48376688258645,0.04306796187083706,0.1764705882352941,1
2017,103.79079239917019,-0.050421093163139696,-0.1138392857142857,1
2017,228.52562321190317,0.031086961783285405,0.25,0
2017,621.9884545815844,0.02050992666810103,0.475397132894227,1
2017,126.36268280424883,-0.0007634391176027933,0.2145098039215686,0
2017,-19.664118272969972,-0.004409508456211464,0.056122448979591844,1
2017,90.5867819690759,0.0363010202650782,0.016877637130801704,1
2017,-507.25878545304386,-0.060224293719912,-0.40172413793103445,0
2017,594.2202102982405,0.0,0.0,1
2017,-207.88090577854564,-0.0,-0.023333333333333317,0
2017,-151.16958163271374,-0.08800878886576369,-0.2738095238095238,0
2017,-58.841790817225956,-0.05869422511081224,0.028525046382189334,0
2017,-276.7686866836525,-0.04915461183300862,-0.43589743589743585,1
2017,307.4895037624078,0.0834796114529992,0.3844444444444444,1
2017,-269.89820628593975,-0.0,-0.0,0
2017,60.84647503523229,0.0813204379071798,0.0117647058823529,1
2017,156.85214435645003,-0.008687319184020992,0.07640144665461124,1
2017,-71.41372578660435,-0.0026592662228117625,0.07482993197278909,1
2017,-170.2977583870429,-0.02397424640619139,-0.12798874824191275,0
2017,-119.94671600113384,-0.0,-0.0,0
2017,-259.98158875151717,-0.019587487746926313,-0.1839131538852209,0
2017,-282.5372300474048,-0.13859382443194357,-0.32867132867132864,0
2017,462.67964887752987,0.0,0.0,1
2017,-228.92565682170016,-0.05238198223255852,-0.1280687397708674,0
2017,460.74460568686504,0.07896114034202406,0.40090449587656296,1
2017,-258.97349205737487,-0.06050262338066581,-0.16666666666666669,0
2017,153.76409350538097,0.045448244683519934,0.05255681818181823,1
2017,-318.63167924037134,-0.04183262774529095,-0.280941125913193,0
2017,79.59325803898037,0.03391690128776004,0.19318181818181823,1
2017,486.53713041300534,0.05012029962626907,0.25658835546476,1
2017,-386.1525066841177,0.007232257031707934,-0.24285714285714288,1
2017,41.756231847920844,-0.011574424105020076,0.12472077438570361,1
2017,196.44800435128218,-0.02092215210067805,0.24073133570340277,1
2017,315.2554272973555,-0.010849834599655495,0.12704290091930537,0
2017,160.14079315552635,0.0,0.3815789473684211,1
2017,251.7582881337787,0.05727893553665486,0.4120879120879121,0
2017,70.31670569853122,-0.057606085225689996,-0.16495726495726498,1
2017,-323.41812876498875,-0.06645462045384509,-0.21777777777777774,0
2017,-90.54376221035045,0.00203783819078851,0.14743589743589736,1
2017,5.3405357847445885,-0.0,-0.0,0
2018,71.22168982237486,0.007454823910680197,0.10344827586206895,0
2018,-37.429789253440504,0.0,0.3333333333333333,1
2018,-1.6732140760700531,-0.01608315136763039,-0.09666666666666668,0
2018,249.82022124919376,0.0,0.0,1
2018,-38.116803182353124,0.09223449969306319,0.5714285714285714,1
2018,-91.59239223909549,-0.05797015637966829,-0.034090909090909116,0
2018,20.121169731816508,-0.02202225421710302,0.03795721187025536,0
2018,298.83895714294704,0.0,0.639344262295082,1
2018,478.21482567862813,0.15994257126027034,0.5060606060606061,1
2018,-187.94662080098874,-0.0,-0.4666666666666667,0
2018,-79.90356063452668,-0.0,-0.0,0
2018,-156.37425933275563,-0.02553199040528431,-0.0401785714285714,0
2018,69.97261705914457,-0.0,-0.0,0
2018,-420.7310806069388,-0.02740448720878097,-0.38095238095238093,0
2018,-35.106523492272345,0.0,0.0,1
2018,-117.49457223050467,-0.0,-0.041666666666666685,0
2018,177.0805316878591,-0.04041821011332003,0.41666666666666674,1
2018,-396.97098818117774,-0.0,-0.0,0
2018,233.381279798675,0.0,0.0,1
2018,45.542670920987575,-0.0,-0.5,0
2018,-228.81607450947126,-0.010823265313322339,-0.08121330724070452,0
2018,-594.7387976976365,-0.0,-0.8181818181818182,0
2018,77.72296412281753,-0.0,-0.0,0
2018,-253.11393811603375,0.0,-0.5384615384615384,1
2018,-232.25778608549126,-0.0,0.2142857142857143,0
2018,-15.489116454619761,-0.014580330155777754,-0.054216867469879526,1
2018,98.28842975818225,0.1132601173907335,0.06998284734133797,1
2018,56.34156534377507,0.0,0.0,1
2018,535.6837548318379,0.07773049273140786,0.5743589743589743,1
2018,403.758794254868,0.06984659981505414,0.29215189873417724,1
2018,-69.98959070730871,0.05614411850699674,0.018518518518518545,0
2018,56.551382824580514,0.0051307916238367834,0.05771365149833518,0
2018,128.94814450355398,-0.0,0.5,0
2018,251.01357768339722,0.0,0.4838709677419355,1
2018,-0.08575386507777694,0.007750484786320566,0.0557029177718833,1
2018,100.92223418970866,-0.04113404146636401,0.20077220077220082,1
2018,10.708369562847793,0.09162664079978722,0.4,0
2018,150.63443968423894,0.026002490660024913,0.012170385395537553,0
2018,-155.08878350121472,-0.004153284211852126,-0.07500000000000001,1
2018,-95.85662815743149,-0.01797499629470045,-0.11937377690802348,0
2018,-176.00500654654206,0.0,-0.5454545454545454,1
2018,-128.58726298063402,-0.010016331959518454,-0.2142857142857143,1
2018,36.56359332204397,0.0,0.3125,1
2018,101.20710566417574,0.0,0.0,1
2018,-467.4950650069586,-0.0,-0.7142857142857143,0
2018,278.6534300902165,-0.0,0.16666666666666669,0
2018,123.78003852063716,0.04011205085384906,0.08333333333333331,1
2018,105.14818243032528,0.017390727317007748,-0.16233766233766228,0
2018,-234.86301788668084,-0.09831362571025959,-0.326844262295082,0
2018,-285.30444714112787,-0.12638753508828338,-0.20606060606060606,0
2018,217.64156338658086,-0.0,-0.0,0
2018,453.04970838796135,0.05945324961836884,0.5324675324675325,1
2018,417.52809925725205,0.056706256887473994,0.4642857142857143,0
2018,105.65631094761466,0.0661149699419683,-0.012865497076023358,1
2018,-18.56707733611256,0.018085437151853956,-0.06378066378066383,0
2018,366.3079088323025,0.06490078794021825,0.41818181818181815,1
2018,-192.85055373229352,-0.03574881931269236,-0.12365591397849462,0
2018,102.4994891919996,0.01601676911772809,0.09618874773139746,1
2018,79.25545866924358,0.018248517761562555,0.3063063063063063,1
2018,-81.35631753385428,0.018100824903432455,-0.062318840579710155,0
2018,161.75568715687677,0.012029998998103197,-0.05042735042735047,0
2018,401.3661925667725,0.0853906298097642,0.4017815283638069,1
2018,126.57560613869896,-0.0,0.47058823529411764,0
2018,-93.94288042939934,0.036060756471531175,0.033370411568409364,0
2018,95.1812482408543,0.11347370894086894,0.5652173913043478,1
2018,-161.68289707373697,-0.018031882926587528,-0.17058823529411765,0
2018,178.4850440855621,0.0,0.547945205479452,1
2018,143.13083091445856,0.004677536407494576,0.03338301043219072,0
2018,146.0218104676353,-0.00963153787517701,0.0341005967604433,1
2018,396.8807023759837,0.035546750678846384,0.4848484848484848,1
2018,135.0062725491498,-0.06079311453354663,0.20833333333333337,0
2018,-153.10937106609867,0.015988691497342278,-0.02807646356033444,0
2018,-256.4143152846982,-0.041022603389844425,-0.2470238095238096,0
2018,-684.539467869512,-0.06454813531307724,-0.7272727272727273,0
2018,-358.7668874711692,-0.0,-0.4864864864864865,0
2018,-301.0107124333915,-0.11005120578485428,-0.6521739130434783,0
2018,-265.8277295671544,-0.06216305515476839,-0.1029411764705882,0
2018,143.25678105902807,-0.025084898970891945,0.11111111111111105,1
2018,472.44321223588986,0.0,0.7721518987341772,1
2018,-109.64285372326549,0.07322347378667782,0.08134642356241228,1
2018,-22.93578877828395,-0.01011065676411771,-0.07735697018533438,0
2018,224.93657465548017,0.06237912456235872,0.19978802331743506,1
2018,-323.30301962242356,0.009931622405156326,-0.29166666666666663,1
2018,37.10559954434484,0.032586725140155814,0.050264550264550345,0
2018,121.64143250273719,-0.021334107851679773,0.19999999999999996,1
2018,167.31985906680165,0.0,0.16666666666666669,1
2018,-241.43931856834593,-0.0924841203719815,-0.06791569086651061,0
2018,-422.08384702301646,-0.0,-0.0,0
2018,-81.48626398264628,0.0,0.25,1
2018,22.24838849470939,0.030525190002455682,-0.06666666666666665,1
2018,206.94888776688663,0.00886132990105215,0.22058823529411759,1
2018,165.98136953636686,0.10610810094235379,0.4454545454545455,0
2018,-585.0047453996842,-0.06664215818081654,-0.46741713570981863,0
2018,324.93189693005684,-0.01694764735318044,0.26262626262626265,1
2018,-96.14386484965007,0.006626520967962013,-0.04602991944764101,0
2018,-14.139923584134976,-0.027250346532679104,-0.08378870673952643,1
2018,84.07989582816663,0.006418373138890154,0.08587738893025565,1
2018,-259.76987329013537,-0.03920102346682475,-0.22558922558922567,0
2018,449.4912094189956,0.0,0.17272727272727273,1
2018,18.780948749770914,0.03718885855746934,-0.0444444444444444,1
2018,417.85905534043263,0.08470152744806203,0.3085218702865762,1
2018,359.9694642635925,0.013271442541857525,0.32649572649572645,0
2018,-381.30612524279286,-0.02090601239537415,-0.20693450742982944,0
2018,-259.0848320494415,-0.05520646649002281,-0.13832930432446955,0
2018,256.101856485378,-0.014662536849985086,0.21759259259259256,1
2018,315.2672792490607,0.0592284714046023,0.11818181818181828,1
2018,-133.39836634087283,-0.0665899650942845,-0.139344262295082,0
2018,283.0324321451817,0.0,0.2857142857142857,1
2018,-7.340712763439569,-0.014651133377366232,-0.02702702702702703,0
2018,-383.66736718018296,-0.0,-0.5555555555555556,0
2018,248.5279310226956,-0.034100042931198504,0.06842105263157894,1
2018,-258.33799163201365,-0.0,-0.5584415584415584,0
2018,260.6427131986138,0.04533825345882214,0.33650793650793653,1
2018,-55.74378449186679,-0.01027094847266341,-0.08750000000000002,1
2018,117.01280724836579,-0.0,-0.0,0
2018,-90.29700209793214,0.009432311890303802,0.06570512820512825,0
2018,-349.790566365162,-0.07422944008309862,-0.4986559139784946,0
2018,132.69555861552726,-0.022379699980518142,-0.07894736842105265,0
2018,-118.97368556971924,-0.0,-0.4827586206896552,0
2018,-11.055809191635035,-0.0,-0.35294117647058826,0
2018,-276.96504683786884,-0.0,-0.5735294117647058,0
2018,-156.92644270058145,-0.024345768077320695,-0.26875,1
2018,150.46178023576658,0.022066599410926258,0.23511904761904767,0
2018,25.378907653926944,0.02441072971524838,0.023655913978494647,0
2018,49.370832225484946,-0.018716990281560153,-0.005417956656346812,1
2018,638.4937464583313,0.07887717057480925,0.6820512820512821,1
2018,-6.9027962979139375,0.01190571010767194,0.09999999999999998,1
2019,238.168243671058,0.0,0.0,1
2019,-112.89158253904043,-0.05975875016184029,-0.1965944272445821,0
2019,37.221898368444045,0.0015927839025517976,0.05980861244019137,1
2019,-50.57926049884168,-0.05277695952926664,-0.20475113122171945,0
2019,-135.4923669659538,-0.0,-0.0,0
2019,-156.63426842561898,-0.10285851613506192,-0.425,0
2019,102.55382380520268,0.02174051084375095,0.20512820512820507,1
2019,146.16108731285885,0.052777888090226766,0.23863636363636365,1
2019,-140.45481208571164,-0.07291179138374004,-0.06878306878306883,0
2019,-111.91290585015759,-0.0,-0.39622641509433965,0
2019,493.3476334364873,0.06956782019315433,0.25795206971677564,1
2019,-143.88915528355187,-0.07231320048908985,-0.03366336633663369,0
2019,8.162741300703374,0.006409706179815178,0.13333333333333336,1
2019,-45.88333160187108,-0.03852326769155623,-0.19259259259259254,0
2019,416.7056489338979,0.014746185367801146,0.21966236345580936,1
2019,643.321342736444,0.0,0.8829268292682927,1
2019,95.03127698515664,0.024657743173107094,0.10818307905686553,0
2019,95.44845281413632,-0.01988527195345491,-0.12087912087912084,1
2019,56.44730649578128,0.04971649971649972,0.0892857142857143,1
2019,77.4784948607371,-0.037473981138200774,-0.18902439024390244,1
2019,272.71683417944155,0.034476881288745265,0.21362229102167185,1
2019,18.99423510920701,0.02784771956275911,0.05454545454545451,0
2019,-107.36570962264977,0.0,-0.07291666666666669,1
2019,62.47582964504636,0.1425672801455452,0.09489633173843703,0
2019,-49.101280325995276,-0.007475553994467865,-0.1826923076923077,0
2019,245.10993517820862,0.030551698423718743,0.1842105263157895,1
2019,156.69492973290994,0.0,0.0,1
2019,-327.45527961851985,-0.0,-0.0,0
2019,302.2902313130369,-0.0,0.26368159203980096,0
2019,-168.84689411728823,0.026600682542503473,-0.04417293233082703,0
2019,271.60143780891167,-0.0,0.5,0
2019,249.9662348318834,0.012576970443349822,0.23259762308998305,1
2019,744.9365284159958,0.09614379542969431,0.7162601626016261,1
2019,-553.1583841144413,-0.05917566444678313,-0.3173681664247703,0
2019,99.86716367424015,0.06333895533788181,-0.006128702757916216,1
2019,-374.10865929144416,-0.06555756411704894,-0.5136702568351283,0
2019,-207.96113509332758,-0.06727206664540386,-0.23366336633663365,0
2019,-30.061945025271598,-0.015352264397049953,-0.038363171355498715,0
2019,233.58112713749688,0.05877263079743722,0.13364055299539168,1
2019,308.96785360611966,0.10094357643771912,0.30074328187535737,1
2019,394.76651670433057,0.0,0.6666666666666666,1
2019,186.60810615448145,0.0,0.0,1
2019,-342.73736197289804,-0.0,-0.11016949152542377,0
2019,-206.19191502458852,-0.07010580696438329,-0.025974025974025983,1
2019,-176.49465797300581,0.01156519316239979,-0.056056056056056125,1
2019,-24.498767085103054,0.031142370398185237,0.11514484781811518,1
2019,305.58675510223065,0.04825574997248816,0.058730158730158744,1
2019,-237.46995252082388,-0.006883033049804865,-0.1588235294117647,0
2019,2.624851280320854,0.020963553819069336,-0.08374384236453197,1
2019,-58.92326556230182,-0.0,-0.4,0
2019,42.51092973064942,0.020557927106147678,0.18218298555377205,1
2019,-15.24592404759369,0.06337298422916271,0.14880952380952384,0
2019,259.8252207171631,0.0,0.5714285714285714,1
2019,-116.18706401609029,-0.05200932394606683,0.018808777429467072,1
2019,-38.95179238041442,0.04286748467109425,0.1164021164021164,0
2019,346.45636395843144,-0.0,0.4166666666666667,0
2019,271.89446460497084,0.07770916260347083,0.2796092796092796,0
2019,-46.17934649964354,-0.010621460566860641,-0.2596153846153846,1
2019,193.6106818660803,-0.010449953938647671,0.08632974316487163,1
2019,-133.57532422874147,0.014488625577336878,0.013010053222945017,0
2019,-245.64844177759642,0.0,-0.5747126436781609,1
2019,-312.94503467745085,-0.0,-0.6336633663366337,0
2019,-527.429484410218,-0.05176790019374711,-0.43018867924528303,0
2019,-438.31982136794204,-0.06813147781527773,-0.3114982578397213,0
2019,-5.547313302269686,0.0300517216512034,0.05273815002300963,0
2019,77.42628330251773,-0.026154197018044112,0.024637681159420333,0
2019,228.79418724425727,-0.007336352636290067,0.05247718383311606,1
2019,28.985437294735675,0.011534272168199133,0.01754385964912286,1
2019,-25.217443590436687,-0.00018077428164642306,0.06627680311890838,0
2019,-302.36083332001317,-0.10973358504477582,-0.3892773892773893,1
2019,278.3102153363575,0.040051932881647656,0.24653312788906012,1
2019,492.4483948049724,0.045883325048739154,0.4098039215686275,1
2019,360.0303544722999,0.04069702135852471,0.3385964912280702,0
2019,-143.05511121337804,0.008889312807048744,-0.2272727272727273,0
2019,-284.62349171234337,-0.0,-0.5925925925925926,0
2019,25.685269156563663,-0.058441742029556654,0.010928961748633892,1
2019,-228.95504930270272,-0.12441387791407632,-0.2930800542740841,1
2019,-325.5662838443318,-0.024693225581076228,-0.27683615819209045,0
2019,91.10959728020498,0.0264434195631571,0.10645624103299856,1
2019,-298.7678732697773,-0.0396467816162096,-0.14597815292949357,0
2019,-252.39695366329033,-0.0700103071016197,-0.2727573377428689,0
2019,655.1770595954679,0.0,0.49685534591194974,1
2019,260.02638948826825,0.005683776905458404,0.1686411149825784,1
2019,253.33415441438478,-0.0006814247115386474,0.14280722189866046,1
2019,-228.0535260904785,-0.021345859264808698,-0.3765182186234818,0
2019,280.3046343049423,-0.0,0.5,0
2019,405.11327078379077,0.0,0.696969696969697,1
2019,-241.70614264670326,-0.12921284381182485,-0.4642857142857143,0
2019,146.69520930127214,0.02403225908054385,0.20802005012531333,1
2019,315.10269071736275,0.041412591632735696,0.3038728897715989,1
2019,130.12710357053425,0.056388029865553024,0.2621502209131075,0
2019,-14.257362412673956,0.0,-0.2857142857142857,1
2019,-68.9118155009287,-0.04717586756297376,-0.22072072072072074,1
2019,267.2498785770988,-0.0,-0.0,0
2019,33.14344677872987,0.0,0.0,1
2019,-194.6310844044092,-0.0,-0.5393258426966292,0
2019,91.88030928161606,0.0636660946700075,0.23214285714285715,1
2019,-75.74061023612012,0.0,0.0,1
2019,121.904736277354,0.0,0.0,1
2019,60.62793460612579,0.02829293582482273,-0.19363395225464186,1
2019,193.22608638978045,0.040763307773075796,0.13131731565865778,1
2019,70.80647813939459,0.0,0.0,1
2019,-165.0369133695317,-0.0,-0.35714285714285715,0
2019,-125.70583252754614,-0.03200827261140371,-0.09625668449197858,1
2019,94.9145216232398,0.0,-0.023809523809523836,1
2019,-30.239674455998284,0.005424200724296058,0.26666666666666666,1
2019,-75.04099119854322,0.0,-0.2222222222222222,1
2019,227.4450892805985,-0.021266622309040306,0.05061559507523944,1
2019,-246.91035373620798,-0.0,-0.5747126436781609,0
2019,452.2816107048161,0.1287650208986416,0.3636363636363637,1
2019,-241.78217881999944,-0.059138399569387934,-0.3068783068783069,0
2019,164.4074094877028,-0.0,-0.0,0
2019,-78.75514828450832,0.0,0.16666666666666666,1
2019,34.698780015925195,0.0,0.5285714285714286,1
2019,122.81481140858182,0.0,0.36666666666666664,1
2019,-1.5363761350831737,0.008231245350341143,-0.12286324786324787,0
2019,-56.2228719091313,0.0,0.0,1
2019,-255.29201714127475,-0.0604171338865217,-0.35,0
2019,-348.450051112432,-0.030827306375156627,-0.24060150375939848,0
2019,50.605507602493844,-0.019477931357798184,0.18823529411764706,0
2019,11.223055058020464,0.002107416646386029,0.04838709677419356,0
2019,-177.5597678802926,-0.03432212948341984,-0.391304347826087,0
2019,112.70816967853466,-0.041704946244269236,0.0,1
2019,-2.2793291385262364,0.0,-0.3939393939393939,1
2019,-116.52836455408192,-0.0791963589792869,-0.3080357142857143,1
2019,-383.0838178749152,-0.03670512159491268,-0.3842592592592592,0
2019,-167.95159162931736,-0.058449953034217184,-0.10032488628979852,0
2021,-451.0262797129981,-0.0,-0.7142857142857143,0
2021,148.75950275858577,-0.0012354302341434087,0.175,1
2021,-69.4040765585928,-0.0,-0.0,0
2021,205.47155049248636,0.0,0.2777777777777778,1
2021,302.44148018472265,0.0,0.7368421052631579,1
2021,16.569565849215905,-0.0,0.09999999999999998,0
2021,-131.2222538610199,0.0,0.0,1
2021,203.07338117243467,0.03735982332830323,0.1333333333333333,1
2021,-193.0264247275452,0.01179099654098803,-0.1353965183752418,0
2021,422.58477357965944,0.0,0.0,1
2021,356.063041176418,0.04417547068483818,0.20542774982027312,1
2021,232.61601951326065,0.006339121572064066,0.29166666666666663,1
2021,261.2705076569723,0.038464939014876465,0.125,1
2021,-309.8628356237782,-0.0,-0.0,0
2021,-123.6628827762961,-0.0,-0.0,0
2021,-236.76102535267978,0.0,-0.68,1
2021,90.71119617100499,0.047747911978308966,0.19374999999999998,1
2021,20.929798913979994,0.0,0.0,1
2021,-109.00435672101094,0.004411981286681632,-0.1570426335671884,0
2021,76.91115079297742,0.011925436709450454,0.05717943247279711,0
2021,-263.3574633789633,-0.0,-0.0,0
2021,-75.03408242461433,0.0,-0.15000000000000002,1
2021,-55.992431449852575,-0.021997971997971932,-0.022222222222222254,1
2021,-10.612056675894792,-0.04975674278961739,-0.28125,1
2021,273.4609937550797,0.07511168163516191,0.39347826086956517,0
2021,86.28134226361544,0.09784909861509905,0.36666666666666664,1
2021,-397.5660314398501,-0.0,-0.7142857142857143,0
2021,-57.55000164005469,0.008898616279713,0.11878881987577644,0
2021,284.0262479997359,0.023250688705234168,0.27368421052631575,1
2021,179.4197880931356,0.008175378737254158,0.34615384615384615,1
2021,112.72164882074912,0.0323876362550396,0.4444444444444444,1
2021,145.14987702069016,0.0,0.0,1
2021,191.19899900931387,0.004236759355959352,0.2129817444219067,1
2021,50.406506560542084,0.07047145446176306,0.035308953341740223,0
2021,212.66541469103868,0.0,0.0,1
2021,104.39696313670652,0.0,0.0,1
2021,-36.01604663724811,-0.017549526270456584,-0.1257309941520467,0
2021,59.45909479590159,-0.05375450915746993,0.1384615384615384,0
2021,-277.98427258147785,-0.004104138424974035,-0.4418803418803419,1
2021,41.47173100322357,-0.011304575359240565,0.020833333333333315,0
2021,-273.59904587813753,-0.0,-0.4308510638297872,0
2021,-355.67683288592343,-0.06352272218702071,-0.4159420289855073,0
2021,-339.6731127400917,-0.08450721738685696,-0.4048204623708805,0
2021,168.67127101594588,0.03846114146737978,0.15384615384615385,1
2021,-153.8511853758148,-0.012625785971161152,-0.19021739130434784,0
2021,40.76388808778029,-0.032080910310420596,-0.08571428571428574,1
2021,-355.5935718122421,0.018606771825832702,-0.24979887369267895,0
2021,30.78012952404788,0.014717113176017316,-0.07058823529411762,0
2021,-216.09653877596384,-0.011828862348954194,-0.19264069264069267,1
2021,458.7118507173309,0.0,0.0,1
2021,-240.2137816459251,-0.0,-0.0,0
2021,46.97426070255733,-0.03436592876489808,0.2361111111111111,0
2021,116.72180774364665,0.013119953863898415,0.04576659038901609,1
2021,467.2041873572052,0.06623640664335906,0.4785046728971962,0
2021,-538.9599470081878,-0.06646303774181872,-0.5282079646017699,0
2021,-22.996373171061123,0.0,-0.04166666666666663,1
2021,-120.56123134697964,0.019142019447532688,-0.2919621749408983,1
2021,378.2247835632595,0.06199382773777229,0.3381642512077295,1
2021,-372.2064887662582,-0.037459398629404506,-0.26312005751258083,0
2021,-235.33671627859644,-0.023245509699702405,-0.35416666666666663,1
2021,5.188126255370435,-0.040604480494399464,-0.11184210526315785,0
2021,-270.67130590186434,-0.003841231703472725,-0.22857142857142854,1
2021,-126.7343197473565,-0.0,-0.125,0
2021,-27.21871745174576,0.013635847700243398,0.015873015873015872,1
2021,135.8420229670444,-0.004478335134759703,0.15441176470588236,1
2021,-233.20721674333754,-0.06287915262397692,-0.3653846153846154,0
2021,72.46787040383356,0.0,0.2183908045977011,1
2021,-602.7947398154506,-0.06166225180392482,-0.3290800576250257,0
2021,300.3504277176171,0.18032286996586078,0.6712328767123288,0
2021,60.28127787121798,-0.0,0.08333333333333331,0
2021,-129.93382486846986,-0.005678767593655487,-0.21282051282051279,0
2021,74.44570995115828,-0.013347063449560714,0.0,1
2021,-322.45740532991476,-0.07221880062784014,-0.3907692307692308,0
2021,-248.14434221341503,-0.0,-0.0,0
2021,288.3414477456272,0.0,0.40350877192982454,1
2021,-17.221804001909277,0.0,0.06666666666666665,1
2021,55.2477325660343,-0.0,-0.0,0
2021,218.69262611817794,0.0,0.0,1
2021,-190.00997327025812,-0.0550859319107494,-0.17307692307692313,0
2021,-30.93758246478751,-0.0,-0.0,0
2021,64.36410605906258,0.009661513011388956,0.21666666666666667,0
2021,-80.081187027964,-0.031380702560259155,-0.24509803921568626,1
2021,90.46187897867026,-0.015465953777576202,0.14372469635627527,1
2021,-60.100594273384786,-0.020254997056631807,-0.04999999999999999,1
2021,-51.70041937021574,0.0,0.0,1
2021,68.21885849310183,-0.0,-0.2,0
2021,73.49466298448579,-0.05314014584853444,0.13333333333333336,0
2021,-243.21288282943715,-0.07162345697081884,-0.3888888888888889,1
2021,370.10110011557094,0.0,0.0,1
2021,-595.4574989113858,-0.0,-0.17404129793510326,0
2021,211.0686221923945,-0.023882197149838413,0.05809926894959594,1
2021,-333.74436771063233,-0.05993178774849972,-0.3826086956521739,0
2021,474.5805892014141,0.013011779245537869,0.451819075712881,1
2021,-517.671033742901,-0.09146643888460271,-0.5549936788874842,0
2021,164.74021173728897,0.0,0.0,1
2021,91.63737846312893,-0.0,-0.1782945736434109,0
2021,72.72776229347164,-0.02042782752351391,-0.08881578947368424,1
2021,-107.42234066475862,-0.0,-0.5,0
2021,156.3637850978762,0.05798063070424064,0.2571428571428572,1
2021,-134.66894238835403,0.0,0.0,1
2021,46.56653865840758,-0.0,-0.0,0
2021,249.29028383119112,-0.01487148755317158,0.3354978354978355,1
2021,22.82999160771851,0.0,0.0,1
2021,112.81623022084091,0.0,0.0,1
2021,-103.7577007824334,-0.004092983678145368,-0.3190537084398977,1
2021,162.15724235092034,0.0,0.0,1
2021,-153.90684822900835,-0.0,-0.5454545454545454,0
2021,105.14430006549196,0.0,0.0535714285714286,1
2021,-145.4848968012907,-0.0,-0.0,0
2021,33.91295472375373,-0.0,-0.0,0
2021,-20.549440817151662,-0.06446807762215223,-0.20057909976309551,1
2021,56.49378532255878,-0.014686809372345566,0.1257309941520467,0
2021,41.41219716671685,-0.0,0.033333333333333326,0
2021,4.826002060833616,-0.0,-0.3125,0
2021,79.47362246302009,0.006826015374494121,0.025383395029085154,1
2021,-138.46357434947618,0.0,-0.07142857142857145,1
2021,65.70733983347168,0.09538817933101451,0.33578595317725746,1
2021,-0.17546084157334008,-0.001765612749504708,0.21717171717171718,0
2021,-58.5878344729399,0.01660132269142911,0.15602836879432624,0
2021,-196.85112355665842,-0.028036437645246992,-0.2364066193853428,0
2021,401.47644373973867,0.08361042341294544,0.401656314699793,1
2021,-416.9827544671216,-0.087668068921962,-0.28961578400830734,0
2021,386.68693178448257,0.05461431819823659,0.6666666666666666,1
2021,-373.93766647458165,-0.0,-0.625,0
2021,-232.66277081740054,-0.022516231178354662,-0.06274509803921569,1
2021,-236.1609806952638,0.0074040182274478505,-0.2571428571428571,0
2022,-200.99753242785528,-0.06637534831032532,-0.06060606060606061,0
2022,234.44114153144506,0.0,0.0,1
2022,575.922826157813,0.06079507234448356,0.35,1
2022,177.83442461350705,0.039307128580946094,0.3333333333333333,0
2022,75.12908542282798,0.0,-0.1111111111111111,1
2022,-47.33314043797964,0.03682981100370242,-0.0,0
2022,-205.39217825371406,-0.0822632836918552,-0.16666666666666663,0
2022,-154.60779927734166,-0.0,-0.1515151515151515,0
2022,305.29698925688353,0.0,0.0,1
2022,411.9369817824049,0.04483133185153787,0.5319693094629157,1
2022,421.8193993667933,0.0,0.0,1
2022,-153.45558755087905,-0.042486766819305744,-0.3472222222222222,0
2022,-15.690312753934904,0.04007767078060642,-0.12429378531073443,1
2022,332.7770379221013,0.03358967069716079,0.48,1
2022,216.08928530438834,0.009601722059226825,0.32692307692307687,1
2022,-204.44981211241475,-0.026851285189718466,-0.3116883116883117,0
2022,118.6422245218996,0.0,0.033333333333333326,1
2022,-96.60464339245027,-0.03394097222222214,-0.02307692307692305,0
2022,-136.7889104609028,-0.019842478024330368,0.10454545454545455,0
2022,-392.4305556593499,-0.15190056169674915,-1.0,0
2022,163.1862568468871,-0.0,0.46938775510204084,0
2022,-129.68103914794142,0.04495575836912924,-0.033333333333333326,0
2022,-71.67920846964216,-0.023358256285027634,-0.17094017094017094,0
2022,219.47596058271893,0.0,0.0,1
2022,-132.51320621358173,-0.0,-0.4666666666666667,0
2022,-545.4941575658863,-0.0627856095688537,-0.5166666666666666,0
2022,-494.3934994157539,-0.0,-0.4468864468864469,0
2022,156.71586745610261,0.05168466857839327,0.3702779757662153,0
2022,-32.91032717409189,-0.00020983213429248693,-0.05555555555555558,0
2022,-81.75981791587537,-0.023653656126482292,-0.16981132075471694,0
2022,442.52363630999866,0.0,0.5,1
2022,-25.118536561269593,0.0,-0.12121212121212122,1
2022,-20.678425852482178,0.0,-0.4,1
2022,129.9200515037253,0.0,0.0,1
2022,242.20374899470562,0.0,0.5,1
2022,16.391553263936657,0.005797134001167881,0.13692307692307687,1
2022,-157.9244879620378,-0.02860623781676419,-0.2394957983193277,1
2022,-157.16008979808817,-0.0,-0.0,0
2022,-202.45755675793725,0.0,-0.45714285714285713,1
2022,-69.57838558763024,-0.0,-0.4,0
2022,76.40165333127334,0.03685739878962657,0.0444444444444444,0
2022,170.68180262839678,0.0,0.0,1
2022,-4.17891785217148,0.08322447630589092,0.21323529411764708,1
2022,-16.326198597473876,-0.015180471111447713,-0.08333333333333337,1
2022,-146.36003103390613,-0.0,-0.6666666666666666,0
2022,102.41074432803657,0.03323719011539272,-0.016666666666666607,1
2022,-54.62090496265796,0.0446036480042481,0.04255319148936165,0
2022,127.81801272587609,0.016076661488577226,0.026857887874837005,0
2022,-310.618814869732,-0.0,-0.0,0
2022,253.63741339249918,0.0,0.14102564102564102,1
2022,-96.97462394964623,0.0,-0.5,1
2022,169.60971992169743,0.0,0.5,1
2022,3.778945456996553,0.0,0.125,1
2022,10.097456634269065,0.0,0.0,1
2022,-34.67319942819995,-0.0380622149375327,-0.033333333333333326,0
2022,80.6515829402856,-0.041734857696816285,0.07936507936507942,0
2022,-501.4013282713006,-0.0,-0.6458333333333334,0
2022,-195.46574181590358,-0.0,-0.4444444444444444,0
2022,96.30599234912711,0.0,0.38461538461538464,1
2022,1.895746203804265,-0.0,-0.0,0
2022,49.75002274291228,-0.0,0.2727272727272727,0
2022,301.9817467775365,0.08805038006492483,0.26136363636363635,0
2022,-47.66559629242897,0.05780457967097574,0.13432835820895528,0
2022,55.46340001015437,0.0,0.5882352941176471,1
2022,152.6965446733484,0.0,0.41666666666666663,1
2022,71.7913564013561,0.04322748309643021,0.09889173060528567,1
2022,298.0086023807619,0.07972944085606593,0.32210526315789473,1
2022,-220.87170239334046,-0.038280385229232716,-0.301390268123138,0
2022,152.9015085214328,0.06633267630311002,0.3194444444444444,1
2022,168.3515172139821,-0.01575245343813514,0.08333333333333331,0
2022,-187.92553643429483,-0.0,-0.5,0
2022,226.81776942153738,0.02550515055467517,0.11228070175438598,1
2022,97.62458988503045,0.0,0.5384615384615384,1
2022,193.96044402317102,-0.0028573654564347795,0.1333333333333333,0
2022,-364.4377520633352,0.046156887172701944,0.15000000000000002,0
2022,-210.65398029503558,0.0,-0.5,1
2022,41.314139116592514,-0.00652353872732514,-0.02857142857142858,1
2022,186.30650195002795,0.028986878502302527,0.1192307692307692,0
2022,44.17759388472223,0.0,0.45454545454545453,1
2022,-27.438706635942708,-0.0,0.16666666666666669,0
2022,-102.71262169129204,0.0,0.0,1
2022,267.2633240497762,0.03551611042189606,0.11111111111111116,1
2022,-59.06118183757121,-0.04734392876434723,-0.06153846153846154,1
2022,-11.169910930361084,0.007832119537920623,0.053333333333333344,0
2022,-228.46621707807049,-0.09123843898037454,-0.26121794871794873,0
2022,261.4562828151245,0.035256035002875,0.2802197802197802,1
2022,-408.7084754854602,-0.05149853079453803,-0.37,0
2022,4.637232274425969,0.0,-0.05797101449275355,1
2022,543.390798026813,0.05258439408356308,0.519350215002389,1
2022,526.1889056562859,0.025904253201906147,0.3833333333333333,1
2022,147.27704174641872,0.12615691682536645,0.5666666666666667,1
2022,-250.99188234274175,-0.0,-0.43333333333333335,0
2022,234.15991227484892,0.09362662339795169,0.7777777777777778,1
2022,-276.11427857846024,-0.0,-0.5714285714285714,0
2022,237.43570151406902,0.0,0.0,1
2022,-4.026156607342273,-0.0,0.2692307692307692,0
2022,230.42083719594189,0.0,0.05555555555555558,1
2022,70.8244442461571,-0.002370721971447942,-0.2916666666666667,0
2022,265.27651761218226,0.07168757578584084,0.3406593406593406,1
2022,76.5673789241414,0.0,0.0,1
2022,20.041376883314342,-0.0196434217918926,-0.0625,0
2022,158.22945702826996,-0.0,0.5384615384615384,0
2022,-186.81341853333038,-0.0,-0.16666666666666669,0
2022,-151.24965898490768,0.054350524689317226,-0.16392479435957696,1
2022,-68.39749864481882,-0.0,0.16666666666666663,0
2022,-77.84989821545241,-0.02189555299252588,0.020000000000000018,0
2022,48.85465275457318,0.004392742673992589,-0.07692307692307693,0
2022,115.70646090421724,-0.0021802325581394832,0.0787878787878788,1
2022,-90.70914080601119,0.020584659593280263,0.09166666666666667,0
2022,-531.4014902130448,-0.0,-0.85,0
2022,-389.3421958022868,-0.05760129928731528,-0.2802197802197802,0
2022,176.19867579831975,0.05494884622019347,0.20138888888888895,1
2022,137.56721307667408,-0.014483774844639252,-0.06237288135593222,1
2022,84.87878173548143,-0.013252567583520225,0.12237762237762234,0
2022,121.83332713835875,0.04982679572083548,0.18681318681318676,0
2022,-266.779319751055,-0.0,-0.3333333333333333,0
2022,-145.457033179488,0.0,-0.6621621621621622,1
2022,311.40195828556875,-0.0020912584929878575,0.2041666666666666,1
2022,-338.78041062320676,-0.0,-0.5,0
2022,220.77268761021128,0.028014995756931227,0.14583333333333337,1
2022,81.29810743135658,-0.05574368238266325,-0.08823529411764708,1
2022,6.235393706756895,0.03356888725309781,0.17094017094017094,0
2022,55.54481501623559,0.036701399749765495,0.16981132075471694,0
2022,-401.3948343114166,-0.026076759082994228,-0.17152412804586714,0
2022,25.982505807288362,0.0,-0.3333333333333333,1
2023,457.9121080190057,0.0,0.0,1
2023,66.76692821619395,0.032557675022470756,0.16491228070175434,0
2023,179.86235178806078,0.0,0.0,1
2023,91.70190710457109,0.0,0.375,1
2023,1.3605959725073262,0.0,0.0,1
2023,-380.30265551729804,-0.0,-0.42857142857142855,0
2023,-28.086460027355542,-0.0443163741622552,-0.09999999999999998,0
2023,-311.1615440112762,-0.0,-0.0,0
2023,-136.46817621394757,-0.012891672973338708,-0.08172043010752683,0
2023,309.8663164814998,0.05622475643965408,0.2670454545454546,1
2023,-25.15864375946967,-0.06047621774396317,-0.2875,1
2023,228.2447530387658,0.0,0.0,1
2023,364.4094679244158,0.0,0.0,1
2023,390.1474759618811,0.10961228689280167,0.26587301587301587,1
2023,8.677742542906344,0.02170995670995679,-0.16666666666666669,1
2023,293.14691257646746,0.0,0.6,1
2023,68.91555568981585,-0.03953716805351826,-0.2888888888888889,0
2023,20.671775268696592,0.04064761121367322,0.1032608695652174,0
2023,8.709187099825158,0.0,-0.03030303030303033,1
2023,-66.44392174651534,0.05576578010124422,-0.032432432432432434,1
2023,39.360370865751975,0.03819239553756759,0.09999999999999998,0
2023,-58.72018203350217,-0.0773765075378876,-0.2714285714285714,0
2023,-77.13067441870749,-0.01231209011247203,-0.023809523809523836,0
2023,327.5100403487404,0.05311745791855904,0.23737373737373735,1
2023,-327.0262608796411,-0.0,-0.0,0
2023,-15.49484706131625,0.0,-0.2,1
2023,28.218377039778034,-0.05864392253026529,-0.012121212121212144,1
2023,-6.016751526414737,0.0,0.3333333333333333,1
2023,313.5154840839382,0.0,0.0,1
2023,127.46379928086344,0.0,0.5,1
2023,145.6495786803921,0.03650444205036929,0.3692307692307692,1
2023,131.4139711076068,0.015548708666568434,0.1032608695652174,0
2023,80.08872378236515,0.0,0.0,1
2023,179.3472958273535,0.05883606875065217,0.35064935064935066,1
2023,176.50985120549694,0.0,0.0,1
2023,-189.4521408959522,0.03364170393873367,-0.03759398496240607,1
2023,18.09309911835294,0.0,0.3333333333333333,1
2023,19.391757471494202,0.01855501865039,0.021719457013574694,1
2023,16.271669058860425,-0.031315031384022696,0.0,1
2023,-662.7934891190007,-0.0,-0.8582677165354331,0
2023,-411.7428747351519,-0.0,-0.0,0
2023,66.49250068134074,0.0,-0.16666666666666669,1
2023,129.89263526855484,-0.0,0.5,0
2023,-153.60928483132875,-0.0,-0.0,0
2023,-124.23751226513332,-0.004221437666091621,-0.10833333333333339,0
2023,-125.06897618232392,-0.0,-0.5,0
2023,44.58592643199336,-0.0,-0.2222222222222222,0
2023,312.35479174783313,-0.0,0.6875,0
2023,-140.92001175546852,0.011161127949449123,0.03749999999999998,0
2023,89.14863408834321,0.017335835684671452,-0.11688311688311687,1
2023,231.2201495688214,0.0,-0.02083333333333326,1
2023,132.26452097094352,0.05072040796946842,0.20961538461538454,1
2023,-28.659377026543552,-0.02921856587224858,-0.16666666666666669,1
2023,153.13662344419708,0.01773385944751593,0.06521739130434778,1
2023,254.39528363642285,0.05254434137862085,0.26190476190476186,1
2023,-232.63302020839978,-0.04704952093589543,-0.125,0
2023,65.89682199009121,0.0020939430476234477,0.2641129032258065,0
2023,-80.6028929279139,-0.0,0.020833333333333315,0
2023,-30.134572359153026,-0.04659751689454661,-0.2719298245614035,1
2023,143.03705830981426,0.05838372124833413,0.038402457757296504,1
2023,244.323825909609,-0.0,0.36507936507936506,0
2023,106.99823632384368,0.06438672269658152,0.24122807017543862,0
2023,221.36122712153883,-0.0,-0.0,0
2023,-186.74343080920426,-0.02150521140309003,-0.060992184845395814,0
2023,-284.83151390959983,0.03986625514403297,-0.09999999999999998,0
2023,154.37704512327446,-0.009726920221103885,0.09166666666666667,1
2023,-137.7558364174156,0.07646520146520153,-0.26666666666666666,1
2023,-123.29569175604775,-0.0993466231682919,-0.11549707602339176,1
2023,99.29495414510802,-0.05423335379192051,-0.07754010695187163,0
2023,-327.5625765790355,-0.025720923299988208,-0.4277777777777778,0
2023,135.64511097171408,0.04579633951163686,0.20714285714285707,1
2023,-499.04229859577526,-0.026846646122833828,-0.36596002422774077,0
2023,53.27624401372623,-0.05796355910053863,-0.006818181818181723,1
2023,38.188792452913276,0.0,0.06666666666666671,1
2023,-70.42730973904736,-0.06051026372128909,-0.17142857142857137,1
2023,-178.94884207825226,-0.06147430402009657,-0.12380952380952381,1
2023,-141.0056338446018,-0.0,-0.0,0
2023,-29.558791466464754,0.0,-0.08333333333333337,1
2023,-20.344210604768477,-0.06546553373686848,0.035190615835777095,0
2023,189.80683901190923,0.06800222748564477,0.07500000000000001,0
2023,294.95504245857046,0.01845976025801166,0.34848484848484845,1
2023,-311.19246576630144,-0.115422891739687,-0.5513888888888889,1
2023,235.34176511597343,-0.0,0.2727272727272727,0
2023,344.87900909810287,0.08066209210925879,0.3571428571428571,1
2023,-96.83131637056363,-0.0,-0.0,0
2023,464.151694244822,0.0,0.6071428571428571,1
2023,-102.2020481239631,-0.0,-0.49230769230769234,0
2023,-549.7252338185635,-0.0444541777478209,-0.3582677165354331,0
2023,314.7670434997947,-0.00013726805242741946,0.3896103896103897,1
2023,80.11270774964487,0.03907297758482897,0.17916666666666659,1
2023,42.64256373437911,-0.004448533001560007,-0.0027173913043477826,0
2023,171.42267761740914,0.03078032791071028,0.09523809523809523,1
2023,202.48574035604224,0.020174342945351587,0.18148148148148147,1
2023,-85.81451125523199,0.024912625600699068,-0.24561403508771934,1
2023,105.41264505601885,0.06903416733925216,0.30303030303030304,1
2023,-208.08091702310708,-0.04624599577381572,-0.2358870967741935,0
2023,-208.92090453768105,-0.0033616902187290076,-0.3896103896103897,0
2023,247.10239434127834,0.0,0.5490196078431373,1
2023,-191.6128031615185,-0.0,-0.15000000000000002,0
2023,-32.58455594568113,0.0,0.2222222222222222,1
2023,217.6763389470484,0.020963265364743133,0.2888888888888889,1
2023,-357.67593207594655,-0.04192944255100162,-0.3582677165354331,0
2023,200.112445436725,0.04596022545055212,0.04008589835361487,0
2023,386.9125638397172,0.011532479844350352,0.251124859392576,1
2023,350.61606194488013,0.040766709649688315,0.09999999999999998,1
2023,-24.450534088097356,0.025642340632852867,0.13664596273291924,0
2023,-263.72826954802713,0.010698974123411475,-0.3148148148148148,0
2023,-86.7267846765426,0.021286253018799828,0.08797653958944285,1
2023,65.52352703418296,-0.0038372409573766975,0.031818181818181746,1
2023,112.79869964534191,-0.0,0.08602150537634412,0
2023,-13.809853621235106,0.0,-0.041666666666666685,1
2023,227.501568251997,0.0,0.3125,1
2023,-38.424792387537764,-0.027720125927809813,-0.035190615835777206,1
2023,193.07332765681508,0.06346417535539473,0.22857142857142854,1
2023,303.4263067725051,0.0,0.6458333333333334,1
2023,-99.859471882447,-0.0,-0.3333333333333333,0
2023,-232.83968974767026,-0.04257749369731245,-0.24435483870967734,0
2023,-389.9971339845981,-0.0,-0.6153846153846154,0
2023,-362.2682481330694,0.026340218356924794,-0.3504398826979473,0
2023,23.67069801084517,0.0,0.0,1
2023,208.49456532941167,-0.04203472876425085,0.011784511784511786,1
2023,-277.0924022609179,-0.0,-0.16666666666666669,0
2023,324.14282824059705,0.04774886654052868,0.17644953471725133,1
2023,-75.48979184722339,0.006228634172964487,-0.1700336700336701,0
2023,-164.91180040337554,0.0010442380530835127,-0.13279857397504446,0
2023,156.72018635844552,0.08682463315273647,0.11935483870967745,1
2023,-119.29882265296283,0.0069712296648718475,0.0,1
2024,157.73557245234156,0.07250034758070956,0.31907308377896615,1
2024,69.09041612541341,0.0633868758729148,0.16666666666666669,1
2024,20.776934733082726,0.03100901296934455,-0.009287925696594423,1
2024,347.6874988508325,0.06107376553392718,0.3118279569892473,1
2024,66.72362188097463,-0.0,-0.0,0
2024,-479.919522728989,-0.03236225408255111,-0.24250000000000005,0
2024,-219.83713628882742,-0.04754426753528218,-0.0444444444444444,0
2024,248.65457977700316,0.0,0.5,1
2024,340.8723416342898,0.07013558846512236,0.40454545454545454,1
2024,-58.647793770232965,0.0,0.5,1
2024,-91.07525847627517,0.0,0.0,1
2024,-127.84248124880924,-0.0,-0.0,0
2024,247.09221378204893,0.0,0.0,1
2024,61.354419106141904,0.0,-0.14942528735632177,1
2024,-50.605225492025056,-0.0,-0.21929824561403516,0
2024,87.11211929534352,0.0,0.5555555555555556,1
2024,254.0110306893016,0.021617984042406335,0.3734671125975474,1
2024,57.08139517099198,0.042328434308724794,0.1244343891402715,1
2024,-90.83274229505014,-0.0,-0.13265306122448983,0
2024,-33.19759819794376,-0.03214772273506683,-0.038461538461538436,0
2024,123.89133565431803,0.0,0.21666666666666673,1
2024,-595.5085116098373,-0.0,-0.0,0
2024,-43.590328354827534,-0.0,-0.3333333333333333,0
2024,0.620105790014577,-0.0,0.09999999999999998,0
2024,684.0835381304014,0.0,0.0,1
2024,-281.1997720485517,-0.04025087481117462,-0.22007722007722014,1
2024,-409.489115052432,-0.04591630904035093,-0.46376811594202905,0
2024,154.97901215763818,-0.021244854384331102,-0.12392156862745096,1
2024,-126.8269558836214,-0.04203176279490206,-0.025641025641025605,0
2024,453.5820221916431,-0.0,-0.0,0
2024,17.693353657524312,0.0,-0.16666666666666666,1
2024,24.843299537297526,0.013050750864104343,0.01470588235294118,0
2024,167.88706333321898,0.09322354097305163,0.5476190476190477,0
2024,-267.90511006504016,-0.0242234876543298,-0.23757763975155283,0
2024,385.84226391225275,0.0814217669830003,0.28501228501228504,1
2024,-133.47497943061967,-0.0,-0.0,0
2024,-274.19799501327725,-0.04183748020010147,-0.1777777777777778,0
2024,309.7895181145266,-0.0,0.41666666666666663,0
2024,-82.29437990515294,-0.0,-0.125,0
2024,-69.69465933326546,0.03251228974176734,-0.23076923076923078,0
2024,184.18346496305458,0.016125856395317384,0.13519813519813517,1
2024,-171.61334638176345,-0.03641934941943692,-0.11756756756756753,1
2024,-149.40563806198907,-0.040159824654564136,-0.17368421052631577,1
2024,-4.133996572901651,-0.025382426369633726,-0.18181818181818177,0
2024,-315.7868835954123,-0.025727752692423,-0.23529411764705882,0
2024,56.02157096542987,-0.07918285822507787,-0.0,0
2024,176.86789666040818,0.023852980710125093,0.25798525798525795,1
2024,42.77081888792031,0.0019951713500101498,0.11904761904761907,0
2024,-204.85944463296573,-0.024094215130632257,-0.12418300653594772,0
2024,120.69499720453132,0.0,0.0,1
2024,-25.824350893569544,-0.023458169687607833,0.18333333333333335,0
2024,69.02756674795774,-0.0,0.3333333333333333,0
2024,57.2772376588498,0.016296906316353388,0.10795454545454541,0
2024,156.22748086682304,0.03297152265382042,0.0839160839160839,1
2024,-389.29406282233913,-0.09831159132809042,-0.5675675675675675,0
2024,4.092200894310508,0.013028185310316132,0.14285714285714285,0
2024,21.17677975946276,-0.0,-0.0,0
2024,-152.0198580401768,0.01712155141717764,-0.21898263027295284,0
2024,-157.96325701930118,0.02506203473945401,-0.038461538461538436,0
2024,370.7750070911486,0.0,0.0,1
2024,-81.67296336292839,-0.043147090403114485,-0.17004830917874403,0
2024,-153.24553407007988,-0.01783341790605064,-0.15172413793103445,1
2024,-316.93916074912954,-0.0,-0.0,0
2024,249.8657494580334,0.0,0.6326530612244898,1
2024,85.93574599570798,-0.01354928308257386,0.12560386473429952,1
2024,-387.4939805124475,0.024485262486463988,-0.31153846153846154,0
2024,330.30296127612155,0.0,0.16129032258064513,1
2024,-167.76055661016835,-0.0,-0.1333333333333333,0
2024,374.9626654772014,0.10967875006445627,0.39090909090909093,1
2024,-49.44681972921012,-0.021263243352731775,-0.09429824561403516,0
2024,80.19148173231838,0.03532011934949364,-0.11111111111111105,0
2024,-131.3475621607579,-0.07042571917725637,-0.28342245989304815,1
2024,23.983332460180463,-0.0,-0.019230769230769218,0
2024,396.98372299419316,0.04748989643981172,0.2672998643147897,1
2024,-116.99633509571981,-0.008737750318699167,-0.18870967741935485,0
2024,58.628844169081276,0.028159032819177754,-0.022281639928698804,0
2024,-145.59461387591432,-0.0,-0.038461538461538436,0
2024,-180.2068575975852,0.03546913276708341,-0.1216216216216216,1
2024,51.07385188331409,-0.0055918798245893075,0.07894736842105265,1
2024,-104.24096636340232,0.001494981333691081,-0.1454545454545454,0
2024,-757.4739482073426,-0.0,-0.8582089552238806,0
2024,-35.47549362133668,0.0,0.5,1
2024,352.6559951265033,0.0,0.7,1
2024,234.93208790320568,0.0,0.44,1
2024,-186.5619919582009,-0.035865228542753425,-0.12612612612612617,0
2024,205.29705584106568,0.0,-0.09333333333333327,1
2024,0.7699812311304868,0.009171282912232792,-0.10416666666666669,1
2024,-622.4765876525746,-0.05935210374245792,-0.6229148375768219,0
2024,207.82754853061692,0.033747386322844575,0.12822966507177036,1
2024,-5.7324029107701335,0.02082174638487211,0.07142857142857145,0
2024,-101.95074723546509,0.0,-0.2,1
2024,-114.23370290670937,-0.018669877086307074,-0.0794117647058824,0
2024,110.43431183833968,0.003356079604591833,0.12612612612612617,0
2024,-63.21983148871959,0.02169151074448572,-0.050000000000000044,0
2024,17.51014843634198,-0.0042008218960041255,0.06862745098039216,1
2024,-486.41575595103836,-0.017865206679218315,-0.34666666666666673,0
2024,-335.8247641713451,-0.0144090049547142,-0.29999999999999993,0
2024,101.37817562821101,0.022256292302143432,0.02317290552584672,1
2024,-76.45949083903201,0.02298188355188635,-0.017241379310344862,1
2024,352.11035834378663,0.004829533978560896,0.2973684210526315,1
2024,-105.02209092896783,0.009172977922977887,-0.012508229098090795,0
2024,-246.86509168669477,-0.022672549780265783,-0.21454545454545454,0
2024,130.97929766580364,0.029644686329335368,0.008208955223880654,0
2024,-425.3613363505524,-0.03165545002332948,-0.3197474167623422,0
2024,127.12216112583906,0.029728641628915087,0.01870967741935492,0
2024,190.86464948406547,0.013752315153287564,0.20483870967741935,1
2024,178.11852696635742,0.0,0.2575757575757576,1
2024,-238.82630571256277,-0.0,-0.34090909090909094,0
2024,273.7890289413576,0.0019775846332218405,0.20186335403726713,1
2024,69.75528928449717,0.0024039008592083855,0.0859180035650624,0
2024,-206.57305166815013,-0.04990690766692363,-0.24230769230769228,0
2024,132.42266216485314,0.0,0.17777777777777776,1
2024,18.21757282316912,-0.0,0.5454545454545454,0
2024,76.03327458827562,0.0,0.0,1
2024,14.891953322082827,-0.01647007378663612,0.011128775834658156,0
2024,-445.40975320934854,-0.0,-0.6612903225806451,0
2024,-12.487033164645254,-0.016386891946137294,0.06724137931034485,0
2024,64.70980608070204,0.013481597049606608,0.19545454545454544,1
2024,117.87686272860219,-0.00370484400656812,-0.03599812996727447,1
2024,271.6594845794582,0.047816728876667325,0.31246376811594206,1
2024,-71.06672144585536,0.0,0.16666666666666663,1
2024,-291.2643191041043,-0.0001461346965329069,-0.2843137254901961,1
2024,108.72120242153278,0.01086136501489221,-0.0056140350877192935,1
2024,-96.12648388508956,0.0158110581607237,-0.08795698924731177,0
2024,443.93479385925866,0.0393809763016475,0.23172413793103452,1
2025,-70.91321637426199,-0.03476722244208519,-0.03405017921146947,1
2025,339.4518000593805,0.04718551287253803,0.5067385444743936,0
2025,-50.074122735013134,-0.0,-0.0,0
2025,120.82987992604058,-0.0,0.6,0
2025,-267.4598687199907,-0.02332030360031112,-0.25886524822695034,0
2025,-216.84299909630158,-0.024320180005647396,-0.1531531531531532,0
2025,-256.27617076220054,-0.0,-0.5142857142857142,0
2025,201.38414054949953,0.025846711448548776,0.0982142857142857,0
2025,136.18041884655804,-0.0,-0.0,0
2025,184.69577453449642,0.0,0.2222222222222222,1
2025,97.45579888350562,0.0,0.25,1
2025,98.25924979339425,0.0,0.020000000000000018,1
2025,142.97730401221406,0.0,0.2282608695652174,1
2025,156.5162913028321,-0.0,0.3076923076923077,0
2025,140.73877289401253,0.0,0.0,1
2025,147.63403459464212,0.0,0.47619047619047616,1
2025,560.4328749275599,0.06026618586115995,0.40625,1
2025,-530.5944772355483,-0.09684161217555354,-0.5238095238095237,0
2025,-316.21983896887605,-0.039304585445315676,-0.18831168831168837,1
2025,-169.9521602558168,-0.07123605699951963,-0.15873015873015872,0
2025,-333.1633124965156,-0.049283985601365154,-0.4047058823529412,0
2025,410.90740174796224,0.0,0.0,1
2025,-129.98016242369363,-0.032578400462660695,0.09999999999999998,0
2025,2.0425381252020998,0.0043104890138121466,-0.000726216412490932,1
2025,257.9882126648347,0.07344432414731061,0.3322784810126582,1
2025,-120.83016317294823,0.044035303479707744,0.07142857142857145,0
2025,128.8442976883755,-0.0,0.46511627906976744,0
2025,-252.22572032241987,-0.055224210293792764,-0.4313725490196078,1
2025,-236.1893028450013,-0.0,-0.5483870967741935,0
2025,-130.38539364728626,-0.019342411417947902,-0.1421568627450981,1
2025,-50.51474387694452,-0.0,0.06666666666666671,0
2025,-557.9593413388206,-0.0,-0.4375,0
2025,2.2239355097303815,-6.915792781847507e-05,-0.01307189542483661,0
2025,-32.057843801228955,-0.054663736038162325,-0.08033826638477798,0
2025,687.8118602118652,0.0,0.0,1
2025,-367.783729365618,-0.0,-0.0,0
2025,-229.22552098326287,-0.034633335366969664,-0.31372549019607837,0
2025,29.099414630671617,-0.0,0.19444444444444442,0
2025,211.4463213875165,0.0,0.0,1
2025,50.59086939037252,0.029327701833265274,0.3214285714285714,1
2025,-55.88812146543387,0.03714980076732344,-0.01010101010101011,1
2025,72.55146767001725,-0.0005194358874425209,0.2439024390243903,1
2025,-126.38922312795057,0.0,0.0,1
2025,-62.72278824325758,-0.00890024594732497,-0.16738443870226816,1
2025,-191.1622600647247,-0.0,-0.5,0
2025,-46.7464052962132,-0.008791011821833283,-0.0625,1
2025,47.023826406294575,-0.0,-0.0,0
2025,-166.5774587601784,-0.0,-0.5079365079365079,0
2025,-219.6616124063289,-0.0,-0.6,0
2025,-1.689243137759604,0.012779620532746727,0.27368421052631575,1
2025,523.2138879730962,0.027063355367284325,0.21130952380952384,1
2025,-405.7554268855554,-0.07645887506735072,-0.3923076923076923,0
2025,-293.77404481692065,0.014765006597634467,-0.17622377622377622,0
2025,-216.84956504647243,-0.019115052638351337,-0.14999999999999997,1
2025,361.6127373148836,0.006948943073283864,0.23000000000000004,0
2025,-167.7875816145372,-0.0,-0.0,0
2025,-180.773182189811,-0.017002111189303393,-0.3251612903225806,0
2025,-136.08290065371602,0.03769263944795853,-0.2556818181818182,1
2025,-135.95803888188584,-0.022207210837000946,-0.10870870870870875,0
2025,-246.04352051436467,0.0,-0.30434782608695654,1
2025,-442.72094143684444,-0.0,-0.6111111111111112,0
2025,132.03294221143074,0.0,0.0,1
2025,208.50952165883837,0.07089923138287768,0.25290697674418605,1
2025,-234.60997320969136,-0.0,0.04999999999999999,0
2025,-99.57140433142172,0.0,0.25,1
2025,71.10987706073229,0.0,0.4411764705882353,1
2025,-317.2288557059351,0.0,0.0,1
2025,62.651295876980384,0.006315610620939771,0.0701262272089761,1
2025,287.9281420729733,0.0,0.45454545454545453,1
2025,-177.6523113043454,0.0,0.0,1
2025,-118.83306548095584,-0.055031774637200104,-0.062278481012658204,0
2025,47.508803069862324,0.024981314062717086,0.11428571428571421,0
2025,-265.27637693503243,-0.00032218119125881906,-0.21114864864864868,1
2025,-320.4777631995007,-0.0,-0.3066666666666667,0
2025,180.4382075509509,0.06389032205619594,0.00694444444444442,1
2025,-536.8771241595664,-0.06430578343834459,-0.43161094224924007,0
2025,-278.62957952924125,-0.02868135711787345,-0.2485648679678531,1
2025,-599.0405889904837,-0.1141401745363878,-0.4375,0
2025,176.0727005557858,-0.0034974441754103136,0.0579365079365079,1
2025,24.887327839967384,-0.04531249999999998,0.05060728744939269,0
2025,204.76475129006417,0.0,0.0,1
2025,23.984913610383046,-0.03534973936234698,0.2142857142857143,0
2025,72.93898224282134,0.0,0.0,1
2025,117.13644027485816,-0.0,0.36111111111111116,0
2025,-129.6787056736273,-0.0,-0.25,0
2025,3.1924722004487194,0.014506488867722434,0.3896103896103896,0
2025,-102.53039754039469,-0.0027984915546658273,0.023684210526315752,0
2025,57.93072789264579,0.027874919722378766,0.17963111467522053,0
2025,-360.4039489628731,0.0,-0.36111111111111116,1
2025,430.4354110608642,0.0,0.6222222222222222,1
2025,200.18513898000356,-0.01490100838126951,0.2007168458781362,1
2025,-21.418291112816178,-0.01212111329760357,-0.035991140642303465,1
2025,71.82153741246157,0.03287042480640989,0.25,0
2025,-257.1786054784768,-0.014491636734037416,-0.10522151898734178,0
2025,-186.9975448618011,-0.006703131703131748,-0.2579365079365079,0
2025,-180.74050051994254,-0.0,-0.2616279069767442,0
2025,-237.36705819024746,0.014194588771345384,-0.27548076923076925,0
2025,-552.8651940271393,-0.050067908624037316,-0.4159663865546218,0
2025,-279.45924175391974,-0.042845281477077446,-0.21714285714285708,0
2025,136.65385261081747,0.026994896929390833,0.008547008547008517,1
2025,-222.68187329641614,-0.02304628260390784,-0.4404040404040404,0
2025,127.76973356738813,0.03962475214036987,0.25974025974025977,0
2025,36.410149308662085,0.009697205133885833,-0.09043927648578809,1
2025,125.54393299046478,0.018245682004166763,-0.03589743589743588,1
2025,-208.95708346612037,-0.0029649623455964003,-0.33650793650793653,0
2025,-95.20866410911503,0.007785466389842455,-0.061627906976744196,0
2025,-389.1494400724712,-0.011279849681286369,-0.24305555555555558,0
2025,-451.3914375203542,-0.04720813483562969,-0.40259740259740256,0
2025,456.99723695690955,0.02662385277517032,0.3946220930232558,1
2025,-45.57630998276272,0.023295152481755288,-0.14999999999999997,1
2025,-384.09440430063887,-0.020168252324994085,-0.2610887096774194,0
2025,-200.83559569285126,-0.036716426208545316,-0.12283272283272284,0
2025,79.27141045606868,0.011625249655772829,0.013503375843960996,0
2025,83.26325348463206,0.00471276018253064,0.1696428571428571,0
2025,-87.80981135842194,0.0171175690500327,-0.21875,1
2025,90.93271575110748,-0.006694388624965741,-0.02197802197802201,0
2025,-48.58103928510059,0.04174264066493194,-0.042042042042042094,1
2025,356.43550087350286,0.0,0.0,1
2025,0.0462839311001062,0.02494868266361505,0.05454545454545451,1
2025,197.19241856203666,0.023346231141840645,0.14477848101265822,1
2025,-124.37025938441502,-0.022740620488100882,-0.06792551796485702,0
2025,243.68093886976067,0.0745579221612559,0.4789915966386555,1
2025,468.97695636200115,0.0002417061767131523,0.4579741379310345,1
2025,-215.11963478542702,-0.054113945688313625,-0.18076923076923074,0
2025,53.469699189023686,-0.0,-0.2,0
2025,-4.798004761993525,-0.02363535259102556,-0.08141474808141469,1
2025,-65.42760483877419,-0.0011799410029498247,-0.13736263736263737,1
