year,player_id,pred_r2,pred_r3,pred_r4,pred_qf,pred_sf,pred_f,pred_w,actual_rounds,reached_r2,reached_r3,reached_r4,reached_qf,reached_sf,reached_f,reached_w,bin
2010,F324,0.9634,0.9422,0.888,0.8281,0.7291,0.5808,0.3977,4,1,1,1,1,0,0,0,"(0.349, 0.407]"
2010,F444,0.0366,0.0215,0.0086,0.003,0.0005,0.0,0.0,0,0,0,0,0,0,0,0,"(-0.000582, 0.0582]"
2010,BA57,0.4328,0.0131,0.0035,0.0009,0.0002,0.0,0.0,1,1,0,0,0,0,0,0,"(-0.000582, 0.0582]"
2010,M655,0.5672,0.0232,0.0074,0.0021,0.0003,0.0,0.0,0,0,0,0,0,0,0,0,"(-0.000582, 0.0582]"
2010,C487,0.3496,0.1682,0.0121,0.0055,0.0012,0.0003,0.0,2,1,1,0,0,0,0,0,"(-0.000582, 0.0582]"
2010,T742,0.6504,0.4169,0.0473,0.0245,0.0095,0.0024,0.0003,0,0,0,0,0,0,0,0,"(-0.000582, 0.0582]"
2010,L515,0.3319,0.1005,0.0056,0.0013,0.0003,0.0,0.0,1,1,0,0,0,0,0,0,"(-0.000582, 0.0582]"
2010,R419,0.6681,0.3144,0.0275,0.0124,0.0048,0.0009,0.0002,0,0,0,0,0,0,0,0,"(-0.000582, 0.0582]"
2010,L397,0.7006,0.4638,0.2305,0.0283,0.0108,0.0028,0.0006,2,1,1,0,0,0,0,0,"(-0.000582, 0.0582]"
2010,L799,0.2994,0.1366,0.0428,0.0034,0.0008,0.0003,0.0,0,0,0,0,0,0,0,0,"(-0.000582, 0.0582]"
2010,BE90,0.4121,0.1444,0.0411,0.0027,0.0008,0.0002,0.0,1,1,0,0,0,0,0,0,"(-0.000582, 0.0582]"
2010,BD59,0.5879,0.2552,0.0961,0.0062,0.002,0.0002,0.0002,0,0,0,0,0,0,0,0,"(-0.000582, 0.0582]"
2010,T840,0.6716,0.2782,0.1476,0.0174,0.0068,0.0013,0.0002,1,1,0,0,0,0,0,0,"(-0.000582, 0.0582]"
2010,K403,0.3284,0.0914,0.0355,0.0025,0.0003,0.0,0.0,0,0,0,0,0,0,0,0,"(-0.000582, 0.0582]"
2010,M762,0.8615,0.5928,0.3966,0.0615,0.0281,0.0085,0.0024,3,1,1,1,0,0,0,0,"(-0.000582, 0.0582]"
2010,BA65,0.1385,0.0376,0.0098,0.0002,0.0,0.0,0.0,0,0,0,0,0,0,0,0,"(-0.000582, 0.0582]"
2010,BA47,0.9102,0.6995,0.5105,0.3755,0.1038,0.0475,0.0183,6,1,1,1,1,1,1,0,"(-0.000582, 0.0582]"
2010,G806,0.0898,0.0225,0.0044,0.0013,0.0002,0.0,0.0,0,0,0,0,0,0,0,0,"(-0.000582, 0.0582]"
2010,B896,0.7857,0.2505,0.1249,0.0637,0.0084,0.0019,0.0001,1,1,0,0,0,0,0,0,"(-0.000582, 0.0582]"
2010,SG87,0.2143,0.0275,0.0061,0.0017,0.0001,0.0,0.0,0,0,0,0,0,0,0,0,"(-0.000582, 0.0582]"
2010,S636,0.4173,0.1527,0.0419,0.0178,0.0012,0.0003,0.0,1,1,0,0,0,0,0,0,"(-0.000582, 0.0582]"
2010,T315,0.5827,0.2633,0.0867,0.0433,0.0066,0.0013,0.0003,0,0,0,0,0,0,0,0,"(-0.000582, 0.0582]"
2010,I165,0.3574,0.1762,0.0549,0.0271,0.0029,0.0005,0.0,2,1,1,0,0,0,0,0,"(-0.000582, 0.0582]"
2010,W367,0.6426,0.4078,0.1706,0.1028,0.0198,0.0058,0.0015,0,0,0,0,0,0,0,0,"(-0.000582, 0.0582]"
2010,H528,0.637,0.4286,0.1792,0.053,0.0063,0.0008,0.0003,2,1,1,0,0,0,0,0,"(-0.000582, 0.0582]"
2010,KB54,0.363,0.1876,0.0548,0.0123,0.0007,0.0002,0.0,0,0,0,0,0,0,0,0,"(-0.000582, 0.0582]"
2010,K771,0.6496,0.2834,0.0857,0.0171,0.0012,0.0003,0.0,1,1,0,0,0,0,0,0,"(-0.000582, 0.0582]"
2010,D339,0.3504,0.1004,0.0194,0.0022,0.0002,0.0,0.0,0,0,0,0,0,0,0,0,"(-0.000582, 0.0582]"
2010,BC72,0.3475,0.0861,0.0361,0.0065,0.0005,0.0001,0.0,3,1,1,1,0,0,0,0,"(-0.000582, 0.0582]"
2010,A511,0.6525,0.2382,0.1352,0.0416,0.0054,0.0016,0.0001,0,0,0,0,0,0,0,0,"(-0.000582, 0.0582]"
2010,D402,0.8521,0.6258,0.472,0.2311,0.047,0.0141,0.0032,1,1,0,0,0,0,0,0,"(-0.000582, 0.0582]"
2010,A678,0.1479,0.0499,0.0176,0.003,0.0002,0.0,0.0,0,0,0,0,0,0,0,0,"(-0.000582, 0.0582]"
2010,D643,0.8673,0.7773,0.6949,0.4342,0.2452,0.0831,0.0365,5,1,1,1,1,1,0,0,"(-0.000582, 0.0582]"
2010,R397,0.1327,0.0748,0.046,0.0125,0.0023,0.0002,0.0,0,0,0,0,0,0,0,0,"(-0.000582, 0.0582]"
2010,D362,0.5734,0.0925,0.05,0.01,0.0017,0.0003,0.0,1,1,0,0,0,0,0,0,"(-0.000582, 0.0582]"
2010,C514,0.4266,0.0554,0.0259,0.0047,0.0009,0.0001,0.0,0,0,0,0,0,0,0,0,"(-0.000582, 0.0582]"
2010,E254,0.6287,0.2656,0.0417,0.0074,0.0006,0.0001,0.0,1,1,0,0,0,0,0,0,"(-0.000582, 0.0582]"
2010,H704,0.3713,0.1172,0.0149,0.0017,0.0001,0.0001,0.0,0,0,0,0,0,0,0,0,"(-0.000582, 0.0582]"
2010,M824,0.6771,0.4565,0.1037,0.0248,0.005,0.0003,0.0001,2,1,1,0,0,0,0,0,"(-0.000582, 0.0582]"
2010,L503,0.3229,0.1607,0.0229,0.0037,0.0006,0.0001,0.0,0,0,0,0,0,0,0,0,"(-0.000582, 0.0582]"
2010,MC65,0.6807,0.5281,0.1781,0.0673,0.0194,0.0033,0.0005,2,1,1,0,0,0,0,0,"(-0.000582, 0.0582]"
2010,MD56,0.3193,0.2047,0.0453,0.0108,0.0012,0.0001,0.0001,0,0,0,0,0,0,0,0,"(-0.000582, 0.0582]"
2010,B804,0.6754,0.2084,0.0384,0.0083,0.0012,0.0001,0.0,1,1,0,0,0,0,0,0,"(-0.000582, 0.0582]"
2010,V251,0.3246,0.0588,0.0054,0.0003,0.0001,0.0,0.0,0,0,0,0,0,0,0,0,"(-0.000582, 0.0582]"
2010,K760,0.4283,0.0421,0.0123,0.0021,0.0002,0.0,0.0,1,1,0,0,0,0,0,0,"(-0.000582, 0.0582]"
2010,SE66,0.5717,0.0775,0.0241,0.0057,0.0004,0.0,0.0,0,0,0,0,0,0,0,0,"(-0.000582, 0.0582]"
2010,H432,0.9011,0.8245,0.675,0.4025,0.2206,0.0704,0.0264,3,1,1,1,0,0,0,0,"(-0.000582, 0.0582]"
2010,G585,0.0989,0.0559,0.0214,0.004,0.0005,0.0,0.0,0,0,0,0,0,0,0,0,"(-0.000582, 0.0582]"
2010,MB02,0.2652,0.0885,0.0426,0.0089,0.0024,0.0,0.0,2,1,1,0,0,0,0,0,"(-0.000582, 0.0582]"
2010,C977,0.7348,0.4167,0.2904,0.1018,0.0412,0.0095,0.0022,0,0,0,0,0,0,0,0,"(-0.000582, 0.0582]"
2010,F339,0.7981,0.4419,0.3028,0.1034,0.0384,0.009,0.0023,1,1,0,0,0,0,0,0,"(-0.000582, 0.0582]"
2010,TA46,0.2019,0.0529,0.0208,0.0028,0.0002,0.0,0.0,0,0,0,0,0,0,0,0,"(-0.000582, 0.0582]"
2010,L575,0.4101,0.1073,0.0178,0.0017,0.0002,0.0001,0.0,4,1,1,1,1,0,0,0,"(-0.000582, 0.0582]"
2010,Z184,0.5899,0.1917,0.0422,0.0061,0.0014,0.0002,0.0,0,0,0,0,0,0,0,0,"(-0.000582, 0.0582]"
2010,P701,0.1534,0.0541,0.0067,0.0007,0.0,0.0,0.0,1,1,0,0,0,0,0,0,"(-0.000582, 0.0582]"
2010,L360,0.8466,0.6469,0.2767,0.0753,0.023,0.0038,0.0006,0,0,0,0,0,0,0,0,"(-0.000582, 0.0582]"
2010,K435,0.8216,0.687,0.2143,0.1236,0.0483,0.0124,0.0032,2,1,1,0,0,0,0,0,"(-0.000582, 0.0582]"
2010,S843,0.1784,0.0919,0.0107,0.0018,0.0002,0.0,0.0,0,0,0,0,0,0,0,0,"(-0.000582, 0.0582]"
2010,G681,0.3768,0.0664,0.0058,0.0008,0.0001,0.0,0.0,1,1,0,0,0,0,0,0,"(-0.000582, 0.0582]"
2010,D316,0.6232,0.1547,0.0173,0.0049,0.0005,0.0,0.0,0,0,0,0,0,0,0,0,"(-0.000582, 0.0582]"
2010,L428,0.8243,0.2157,0.1271,0.0694,0.0251,0.0048,0.0015,1,1,0,0,0,0,0,0,"(-0.000582, 0.0582]"
2010,W387,0.1757,0.0123,0.0035,0.0011,0.0001,0.0,0.0,0,0,0,0,0,0,0,0,"(-0.000582, 0.0582]"
2010,R485,0.9291,0.7516,0.6154,0.496,0.3189,0.1299,0.0663,3,1,1,1,0,0,0,0,"(0.0582, 0.116]"
2010,R548,0.0709,0.0204,0.0059,0.0017,0.0,0.0,0.0,0,0,0,0,0,0,0,0,"(-0.000582, 0.0582]"
2010,F510,0.1234,0.0718,0.0241,0.0055,0.0006,0.0,0.0,2,1,1,0,0,0,0,0,"(-0.000582, 0.0582]"
2010,V306,0.8766,0.7941,0.6125,0.4126,0.1942,0.0649,0.0194,0,0,0,0,0,0,0,0,"(-0.000582, 0.0582]"
2010,R368,0.4358,0.0539,0.0115,0.0017,0.0001,0.0,0.0,1,1,0,0,0,0,0,0,"(-0.000582, 0.0582]"
2010,R750,0.5642,0.0802,0.0237,0.0047,0.0006,0.0002,0.0,0,0,0,0,0,0,0,0,"(-0.000582, 0.0582]"
2010,BA86,0.8903,0.4542,0.1462,0.0568,0.0143,0.0017,0.0,1,1,0,0,0,0,0,0,"(-0.000582, 0.0582]"
2010,BA53,0.1097,0.0116,0.0006,0.0,0.0,0.0,0.0,0,0,0,0,0,0,0,0,"(-0.000582, 0.0582]"
2010,B747,0.7196,0.4266,0.1579,0.0688,0.0158,0.0025,0.0003,3,1,1,1,0,0,0,0,"(-0.000582, 0.0582]"
2010,V309,0.2804,0.1076,0.0235,0.005,0.0008,0.0001,0.0,0,0,0,0,0,0,0,0,"(-0.000582, 0.0582]"
2010,SA93,0.3473,0.1333,0.0429,0.0132,0.0025,0.0001,0.0,1,1,0,0,0,0,0,0,"(-0.000582, 0.0582]"
2010,A479,0.6527,0.3382,0.1564,0.0628,0.0161,0.0027,0.0004,0,0,0,0,0,0,0,0,"(-0.000582, 0.0582]"
2010,K839,0.1964,0.05,0.011,0.0018,0.0001,0.0,0.0,2,1,1,0,0,0,0,0,"(-0.000582, 0.0582]"
2010,G476,0.8036,0.4785,0.2366,0.1015,0.029,0.0048,0.0007,0,0,0,0,0,0,0,0,"(-0.000582, 0.0582]"
2010,D801,0.5743,0.1616,0.0579,0.0151,0.0033,0.0002,0.0,1,1,0,0,0,0,0,0,"(-0.000582, 0.0582]"
2010,C582,0.4257,0.0993,0.0273,0.0073,0.0011,0.0002,0.0,0,0,0,0,0,0,0,0,"(-0.000582, 0.0582]"
2010,T786,0.8692,0.6911,0.4574,0.2413,0.0962,0.0264,0.0049,4,1,1,1,1,0,0,0,"(-0.000582, 0.0582]"
2010,K448,0.1308,0.048,0.0105,0.0019,0.0001,0.0,0.0,0,0,0,0,0,0,0,0,"(-0.000582, 0.0582]"
2010,M680,0.3459,0.264,0.1189,0.0329,0.0122,0.0019,0.0002,2,1,1,0,0,0,0,0,"(-0.000582, 0.0582]"
2010,F316,0.6541,0.5585,0.341,0.131,0.0687,0.0198,0.0044,0,0,0,0,0,0,0,0,"(-0.000582, 0.0582]"
2010,R782,0.5614,0.1091,0.0253,0.0032,0.0007,0.0,0.0,1,1,0,0,0,0,0,0,"(-0.000582, 0.0582]"
2010,D424,0.4386,0.0684,0.0132,0.0019,0.0004,0.0,0.0,0,0,0,0,0,0,0,0,"(-0.000582, 0.0582]"
2010,D646,0.7606,0.1958,0.0656,0.0111,0.0033,0.0005,0.0001,1,1,0,0,0,0,0,0,"(-0.000582, 0.0582]"
2010,H472,0.2394,0.029,0.0038,0.0001,0.0,0.0,0.0,0,0,0,0,0,0,0,0,"(-0.000582, 0.0582]"
2010,Q927,0.5593,0.4422,0.2548,0.0917,0.0472,0.0125,0.0032,3,1,1,1,0,0,0,0,"(-0.000582, 0.0582]"
2010,SC77,0.4407,0.333,0.1774,0.0601,0.0294,0.0065,0.0014,0,0,0,0,0,0,0,0,"(-0.000582, 0.0582]"
2010,SD32,0.7902,0.5545,0.1415,0.0642,0.0262,0.0048,0.0006,2,1,1,0,0,0,0,0,"(-0.000582, 0.0582]"
2010,A656,0.2098,0.0851,0.0088,0.0012,0.0,0.0,0.0,0,0,0,0,0,0,0,0,"(-0.000582, 0.0582]"
2010,ME89,0.5327,0.1942,0.0268,0.0071,0.0028,0.0001,0.0,1,1,0,0,0,0,0,0,"(-0.000582, 0.0582]"
2010,B678,0.4673,0.1662,0.0218,0.0051,0.0014,0.0,0.0,0,0,0,0,0,0,0,0,"(-0.000582, 0.0582]"
2010,N289,0.653,0.0859,0.0381,0.0116,0.0024,0.0002,0.0,1,1,0,0,0,0,0,0,"(-0.000582, 0.0582]"
2010,K310,0.347,0.0273,0.0092,0.0019,0.0006,0.0,0.0,0,0,0,0,0,0,0,0,"(-0.000582, 0.0582]"
2010,MC10,0.9378,0.8597,0.7426,0.5747,0.4293,0.2015,0.0816,5,1,1,1,1,1,0,0,"(0.0582, 0.116]"
2010,H571,0.0622,0.0271,0.0112,0.0022,0.0006,0.0002,0.0,0,0,0,0,0,0,0,0,"(-0.000582, 0.0582]"
2010,SA49,0.8521,0.7041,0.5758,0.3769,0.1225,0.0628,0.0167,4,1,1,1,1,0,0,0,"(-0.000582, 0.0582]"
2010,G569,0.1479,0.0652,0.0298,0.0081,0.0011,0.0001,0.0,0,0,0,0,0,0,0,0,"(-0.000582, 0.0582]"
2010,G710,0.581,0.1461,0.0805,0.0267,0.0039,0.0006,0.0,1,1,0,0,0,0,0,0,"(-0.000582, 0.0582]"
2010,G717,0.419,0.0846,0.0422,0.0114,0.0006,0.0001,0.0,0,0,0,0,0,0,0,0,"(-0.000582, 0.0582]"
2010,F580,0.3575,0.0876,0.0095,0.001,0.0,0.0,0.0,1,1,0,0,0,0,0,0,"(-0.000582, 0.0582]"
2010,SC47,0.6425,0.233,0.047,0.0101,0.0006,0.0,0.0,0,0,0,0,0,0,0,0,"(-0.000582, 0.0582]"
2010,BD20,0.8062,0.5978,0.2031,0.0806,0.0123,0.0031,0.0004,2,1,1,0,0,0,0,0,"(-0.000582, 0.0582]"
2010,M708,0.1938,0.0816,0.0121,0.002,0.0001,0.0,0.0,0,0,0,0,0,0,0,0,"(-0.000582, 0.0582]"
2010,L797,0.2234,0.1103,0.0249,0.006,0.0006,0.0,0.0,1,1,0,0,0,0,0,0,"(-0.000582, 0.0582]"
2010,B837,0.7766,0.5932,0.2822,0.1335,0.0252,0.0073,0.0011,0,0,0,0,0,0,0,0,"(-0.000582, 0.0582]"
2010,CA12,0.5935,0.1892,0.0505,0.0145,0.0018,0.0005,0.0,2,1,1,0,0,0,0,0,"(-0.000582, 0.0582]"
2010,G676,0.4065,0.1073,0.0199,0.0039,0.0003,0.0,0.0,0,0,0,0,0,0,0,0,"(-0.000582, 0.0582]"
2010,S963,0.4846,0.102,0.0391,0.009,0.001,0.0004,0.0,1,1,0,0,0,0,0,0,"(-0.000582, 0.0582]"
2010,G511,0.5154,0.1142,0.0443,0.0134,0.0015,0.0002,0.0,0,0,0,0,0,0,0,0,"(-0.000582, 0.0582]"
2010,F401,0.6872,0.5709,0.4167,0.2505,0.0749,0.035,0.0082,3,1,1,1,0,0,0,0,"(-0.000582, 0.0582]"
2010,K316,0.3128,0.2129,0.1224,0.0524,0.0096,0.003,0.0003,0,0,0,0,0,0,0,0,"(-0.000582, 0.0582]"
2010,Y061,0.7158,0.5259,0.3867,0.0847,0.0423,0.0163,0.0038,1,1,0,0,0,0,0,0,"(-0.000582, 0.0582]"
2010,SC56,0.2842,0.143,0.07,0.0085,0.0025,0.0008,0.0,0,0,0,0,0,0,0,0,"(-0.000582, 0.0582]"
2010,M850,0.5498,0.1908,0.099,0.0124,0.0033,0.0003,0.0,3,1,1,1,0,0,0,0,"(-0.000582, 0.0582]"
2010,G436,0.4502,0.1403,0.0653,0.0065,0.002,0.0004,0.0001,0,0,0,0,0,0,0,0,"(-0.000582, 0.0582]"
2010,D776,0.424,0.1863,0.0597,0.0051,0.0011,0.0002,0.0,2,1,1,0,0,0,0,0,"(-0.000582, 0.0582]"
2010,G725,0.576,0.2926,0.117,0.0147,0.0042,0.0011,0.0001,0,0,0,0,0,0,0,0,"(-0.000582, 0.0582]"
2010,I186,0.4286,0.2014,0.0706,0.007,0.0024,0.0005,0.0001,1,1,0,0,0,0,0,0,"(-0.000582, 0.0582]"
2010,M873,0.5714,0.3197,0.1317,0.0168,0.0064,0.0013,0.0001,0,0,0,0,0,0,0,0,"(-0.000582, 0.0582]"
2010,P624,0.7329,0.5902,0.0865,0.0484,0.0193,0.0058,0.0005,2,1,1,0,0,0,0,0,"(-0.000582, 0.0582]"
2010,R612,0.2671,0.1586,0.0114,0.0037,0.0008,0.0,0.0,0,0,0,0,0,0,0,0,"(-0.000582, 0.0582]"
2010,K540,0.5074,0.1296,0.006,0.0015,0.0002,0.0001,0.0,1,1,0,0,0,0,0,0,"(-0.000582, 0.0582]"
2010,K834,0.4926,0.1216,0.0064,0.0012,0.0001,0.0001,0.0,0,0,0,0,0,0,0,0,"(-0.000582, 0.0582]"
2010,H756,0.1834,0.0069,0.0014,0.0006,0.0001,0.0,0.0,1,1,0,0,0,0,0,0,"(-0.000582, 0.0582]"
2010,B676,0.8166,0.0992,0.0606,0.0337,0.0143,0.0038,0.0008,0,0,0,0,0,0,0,0,"(-0.000582, 0.0582]"
2010,N409,0.9669,0.8839,0.8239,0.7542,0.645,0.5044,0.2855,7,1,1,1,1,1,1,1,"(0.233, 0.291]"
2010,N552,0.0331,0.01,0.0038,0.001,0.0,0.0,0.0,0,0,0,0,0,0,0,0,"(-0.000582, 0.0582]"
2011,N409,0.9796,0.9528,0.8464,0.7303,0.6166,0.4589,0.26,6,1,1,1,1,1,1,0,"(0.233, 0.291]"
2011,R368,0.0204,0.009,0.002,0.0002,0.0001,0.0,0.0,0,0,0,0,0,0,0,0,"(-0.000582, 0.0582]"
2011,SG87,0.5574,0.0235,0.006,0.0011,0.0002,0.0,0.0,1,1,0,0,0,0,0,0,"(-0.000582, 0.0582]"
2011,A596,0.4426,0.0147,0.0027,0.0004,0.0,0.0,0.0,0,0,0,0,0,0,0,0,"(-0.000582, 0.0582]"
2011,MA30,0.1344,0.0401,0.0014,0.0003,0.0001,0.0,0.0,2,1,1,0,0,0,0,0,"(-0.000582, 0.0582]"
2011,H355,0.8656,0.6359,0.1096,0.0601,0.0255,0.0087,0.0017,0,0,0,0,0,0,0,0,"(-0.000582, 0.0582]"
2011,R975,0.7075,0.2591,0.028,0.0091,0.003,0.001,0.0002,1,1,0,0,0,0,0,0,"(-0.000582, 0.0582]"
2011,G436,0.2925,0.0649,0.0039,0.001,0.0002,0.0,0.0,0,0,0,0,0,0,0,0,"(-0.000582, 0.0582]"
2011,D683,0.9249,0.7463,0.5645,0.1428,0.0789,0.0314,0.0065,3,1,1,1,0,0,0,0,"(-0.000582, 0.0582]"
2011,C723,0.0751,0.0194,0.0047,0.0002,0.0001,0.0,0.0,0,0,0,0,0,0,0,0,"(-0.000582, 0.0582]"
2011,R397,0.7314,0.1972,0.1005,0.0101,0.0036,0.0006,0.0,1,1,0,0,0,0,0,0,"(-0.000582, 0.0582]"
2011,D750,0.2686,0.0371,0.01,0.0004,0.0001,0.0,0.0,0,0,0,0,0,0,0,0,"(-0.000582, 0.0582]"
2011,SC56,0.5687,0.1988,0.0463,0.0038,0.0008,0.0002,0.0,1,1,0,0,0,0,0,0,"(-0.000582, 0.0582]"
2011,G717,0.4313,0.1292,0.0239,0.0014,0.0,0.0,0.0,0,0,0,0,0,0,0,0,"(-0.000582, 0.0582]"
2011,SD32,0.849,0.621,0.2433,0.0385,0.0159,0.005,0.0009,2,1,1,0,0,0,0,0,"(-0.000582, 0.0582]"
2011,R613,0.151,0.051,0.0068,0.0003,0.0,0.0,0.0,0,0,0,0,0,0,0,0,"(-0.000582, 0.0582]"
2011,F339,0.7462,0.4139,0.2588,0.143,0.0379,0.0152,0.0033,4,1,1,1,1,0,0,0,"(-0.000582, 0.0582]"
2011,G710,0.2538,0.0772,0.0301,0.0116,0.0015,0.0002,0.0,0,0,0,0,0,0,0,0,"(-0.000582, 0.0582]"
2011,I165,0.2107,0.0595,0.019,0.0054,0.0004,0.0001,0.0,1,1,0,0,0,0,0,0,"(-0.000582, 0.0582]"
2011,K435,0.7893,0.4494,0.2901,0.1641,0.0455,0.0159,0.0031,0,0,0,0,0,0,0,0,"(-0.000582, 0.0582]"
2011,H756,0.6619,0.1368,0.026,0.0056,0.0004,0.0001,0.0,2,1,1,0,0,0,0,0,"(-0.000582, 0.0582]"
2011,R750,0.3381,0.04,0.004,0.0005,0.0,0.0,0.0,0,0,0,0,0,0,0,0,"(-0.000582, 0.0582]"
2011,V306,0.501,0.4108,0.1889,0.0937,0.0208,0.006,0.0009,1,1,0,0,0,0,0,0,"(-0.000582, 0.0582]"
2011,S694,0.499,0.4124,0.1831,0.0915,0.0182,0.0047,0.0009,0,0,0,0,0,0,0,0,"(-0.000582, 0.0582]"
2011,C514,0.6488,0.3737,0.0803,0.0194,0.0021,0.0001,0.0,1,1,0,0,0,0,0,0,"(-0.000582, 0.0582]"
2011,ME05,0.3512,0.1437,0.0204,0.0023,0.0,0.0,0.0,0,0,0,0,0,0,0,0,"(-0.000582, 0.0582]"
2011,B842,0.6108,0.3241,0.0611,0.011,0.0005,0.0001,0.0,2,1,1,0,0,0,0,0,"(-0.000582, 0.0582]"
2011,Y124,0.3892,0.1585,0.0213,0.0028,0.0001,0.0,0.0,0,0,0,0,0,0,0,0,"(-0.000582, 0.0582]"
2011,B747,0.7823,0.2228,0.1548,0.052,0.007,0.0017,0.0002,1,1,0,0,0,0,0,0,"(-0.000582, 0.0582]"
2011,BE54,0.2177,0.0249,0.009,0.0013,0.0,0.0,0.0,0,0,0,0,0,0,0,0,"(-0.000582, 0.0582]"
2011,BA47,0.9298,0.7349,0.6465,0.3946,0.1204,0.0497,0.0115,3,1,1,1,0,0,0,0,"(-0.000582, 0.0582]"
2011,V254,0.0702,0.0174,0.0066,0.0012,0.0001,0.0,0.0,0,0,0,0,0,0,0,0,"(-0.000582, 0.0582]"
2011,MC10,0.9598,0.9129,0.7748,0.5936,0.4176,0.2058,0.0903,5,1,1,1,1,1,0,0,"(0.0582, 0.116]"
2011,G676,0.0402,0.0169,0.0044,0.0009,0.0002,0.0,0.0,0,0,0,0,0,0,0,0,"(-0.000582, 0.0582]"
2011,K839,0.613,0.0489,0.0159,0.0029,0.0008,0.0001,0.0,1,1,0,0,0,0,0,0,"(-0.000582, 0.0582]"
2011,K834,0.387,0.0213,0.0034,0.0005,0.0,0.0,0.0,0,0,0,0,0,0,0,0,"(-0.000582, 0.0582]"
2011,SC77,0.818,0.29,0.0415,0.0123,0.0023,0.0003,0.0,1,1,0,0,0,0,0,0,"(-0.000582, 0.0582]"
2011,CB14,0.182,0.0234,0.0023,0.0002,0.0,0.0,0.0,0,0,0,0,0,0,0,0,"(-0.000582, 0.0582]"
2011,L360,0.3559,0.2143,0.0374,0.0133,0.0039,0.0006,0.0002,2,1,1,0,0,0,0,0,"(-0.000582, 0.0582]"
2011,C977,0.6441,0.4723,0.1203,0.0594,0.0236,0.0056,0.0014,0,0,0,0,0,0,0,0,"(-0.000582, 0.0582]"
2011,G628,0.8224,0.7115,0.5624,0.2331,0.1225,0.043,0.0117,3,1,1,1,0,0,0,0,"(-0.000582, 0.0582]"
2011,G725,0.1776,0.1059,0.0482,0.0082,0.002,0.0002,0.0,0,0,0,0,0,0,0,0,"(-0.000582, 0.0582]"
2011,K403,0.6583,0.1381,0.0568,0.0098,0.0023,0.0002,0.0,1,1,0,0,0,0,0,0,"(-0.000582, 0.0582]"
2011,SF36,0.3417,0.0445,0.0119,0.0008,0.0001,0.0,0.0,0,0,0,0,0,0,0,0,"(-0.000582, 0.0582]"
2011,BA98,0.7442,0.3123,0.0857,0.0141,0.0021,0.0005,0.0,2,1,1,0,0,0,0,0,"(-0.000582, 0.0582]"
2011,F580,0.2558,0.0531,0.0069,0.0007,0.0,0.0,0.0,0,0,0,0,0,0,0,0,"(-0.000582, 0.0582]"
2011,W367,0.7805,0.5406,0.2094,0.0482,0.0147,0.0034,0.0005,1,1,0,0,0,0,0,0,"(-0.000582, 0.0582]"
2011,S843,0.2195,0.094,0.0187,0.002,0.0003,0.0,0.0,0,0,0,0,0,0,0,0,"(-0.000582, 0.0582]"
2011,MC65,0.9122,0.7367,0.4684,0.2146,0.0786,0.0215,0.0045,2,1,1,0,0,0,0,0,"(-0.000582, 0.0582]"
2011,BC65,0.0878,0.0234,0.0035,0.0001,0.0,0.0,0.0,0,0,0,0,0,0,0,0,"(-0.000582, 0.0582]"
2011,Z189,0.5426,0.137,0.0455,0.0091,0.0013,0.0003,0.0,1,1,0,0,0,0,0,0,"(-0.000582, 0.0582]"
2011,L797,0.4574,0.1029,0.0306,0.005,0.001,0.0,0.0,0,0,0,0,0,0,0,0,"(-0.000582, 0.0582]"
2011,K540,0.3912,0.0781,0.0189,0.0033,0.0004,0.0002,0.0,3,1,1,1,0,0,0,0,"(-0.000582, 0.0582]"
2011,C487,0.6088,0.1663,0.0512,0.0113,0.0018,0.0001,0.0,0,0,0,0,0,0,0,0,"(-0.000582, 0.0582]"
2011,K336,0.5199,0.3959,0.2043,0.0786,0.0227,0.0057,0.0005,1,1,0,0,0,0,0,0,"(-0.000582, 0.0582]"
2011,T742,0.4801,0.3597,0.1776,0.0669,0.019,0.0041,0.0009,0,0,0,0,0,0,0,0,"(-0.000582, 0.0582]"
2011,S636,0.3959,0.1482,0.0279,0.0071,0.0016,0.0002,0.0,1,1,0,0,0,0,0,0,"(-0.000582, 0.0582]"
2011,BD20,0.6041,0.2767,0.0679,0.0231,0.0049,0.0011,0.0001,0,0,0,0,0,0,0,0,"(-0.000582, 0.0582]"
2011,L397,0.717,0.4622,0.1578,0.0729,0.0219,0.0052,0.0008,4,1,1,1,1,0,0,0,"(-0.000582, 0.0582]"
2011,B678,0.283,0.1129,0.0201,0.0047,0.0002,0.0,0.0,0,0,0,0,0,0,0,0,"(-0.000582, 0.0582]"
2011,H528,0.7198,0.1185,0.0476,0.0138,0.0023,0.0003,0.0,1,1,0,0,0,0,0,0,"(-0.000582, 0.0582]"
2011,P605,0.2802,0.0219,0.0054,0.0004,0.0001,0.0,0.0,0,0,0,0,0,0,0,0,"(-0.000582, 0.0582]"
2011,R485,0.8922,0.8033,0.654,0.4837,0.2513,0.1019,0.0341,2,1,1,0,0,0,0,0,"(-0.000582, 0.0582]"
2011,BA86,0.1078,0.0563,0.0193,0.0054,0.0005,0.0001,0.0,0,0,0,0,0,0,0,0,"(-0.000582, 0.0582]"
2011,F401,0.9062,0.6481,0.5325,0.3159,0.0778,0.0312,0.0091,3,1,1,1,0,0,0,0,"(-0.000582, 0.0582]"
2011,PD31,0.0938,0.0214,0.0068,0.0009,0.0,0.0,0.0,0,0,0,0,0,0,0,0,"(-0.000582, 0.0582]"
2011,H940,0.1958,0.0305,0.0116,0.0019,0.0002,0.0001,0.0,1,1,0,0,0,0,0,0,"(-0.000582, 0.0582]"
2011,D646,0.8042,0.3,0.2106,0.0878,0.0161,0.0027,0.0008,0,0,0,0,0,0,0,0,"(-0.000582, 0.0582]"
2011,B804,0.4883,0.1557,0.0241,0.0043,0.0,0.0,0.0,2,1,1,0,0,0,0,0,"(-0.000582, 0.0582]"
2011,B884,0.5117,0.1771,0.0277,0.0042,0.0006,0.0001,0.0,0,0,0,0,0,0,0,0,"(-0.000582, 0.0582]"
2011,G476,0.7628,0.5568,0.1714,0.0562,0.0073,0.0013,0.0,1,1,0,0,0,0,0,0,"(-0.000582, 0.0582]"
2011,G806,0.2372,0.1104,0.0153,0.0019,0.0002,0.0,0.0,0,0,0,0,0,0,0,0,"(-0.000582, 0.0582]"
2011,G415,0.6853,0.6003,0.2726,0.1304,0.0219,0.0051,0.0008,2,1,1,0,0,0,0,0,"(-0.000582, 0.0582]"
2011,D801,0.3147,0.2366,0.0731,0.0219,0.0024,0.0005,0.0002,0,0,0,0,0,0,0,0,"(-0.000582, 0.0582]"
2011,D424,0.5556,0.0944,0.013,0.0019,0.0001,0.0,0.0,1,1,0,0,0,0,0,0,"(-0.000582, 0.0582]"
2011,R383,0.4444,0.0687,0.0092,0.0011,0.0001,0.0,0.0,0,0,0,0,0,0,0,0,"(-0.000582, 0.0582]"
2011,D875,0.5696,0.0975,0.0286,0.0068,0.0007,0.0001,0.0,1,1,0,0,0,0,0,0,"(-0.000582, 0.0582]"
2011,SK94,0.4304,0.0598,0.0156,0.0035,0.0003,0.0001,0.0,0,0,0,0,0,0,0,0,"(-0.000582, 0.0582]"
2011,T786,0.9066,0.8014,0.5782,0.3599,0.0886,0.0338,0.008,5,1,1,1,1,1,0,0,"(-0.000582, 0.0582]"
2011,SC47,0.0934,0.0413,0.0097,0.0014,0.0,0.0,0.0,0,0,0,0,0,0,0,0,"(-0.000582, 0.0582]"
2011,A479,0.5475,0.3238,0.1613,0.0176,0.0061,0.0015,0.0003,2,1,1,0,0,0,0,0,"(-0.000582, 0.0582]"
2011,N289,0.4525,0.2454,0.1164,0.0092,0.0019,0.0005,0.0,0,0,0,0,0,0,0,0,"(-0.000582, 0.0582]"
2011,I186,0.4281,0.1724,0.0628,0.0038,0.0004,0.0,0.0,1,1,0,0,0,0,0,0,"(-0.000582, 0.0582]"
2011,M873,0.5719,0.2584,0.1141,0.0093,0.0018,0.0001,0.0,0,0,0,0,0,0,0,0,"(-0.000582, 0.0582]"
2011,D616,0.6534,0.2321,0.1019,0.0066,0.0012,0.0002,0.0,1,1,0,0,0,0,0,0,"(-0.000582, 0.0582]"
2011,G512,0.3466,0.0871,0.0254,0.001,0.0,0.0,0.0,0,0,0,0,0,0,0,0,"(-0.000582, 0.0582]"
2011,Y061,0.7482,0.5534,0.3651,0.0442,0.0157,0.0038,0.0009,3,1,1,1,0,0,0,0,"(-0.000582, 0.0582]"
2011,MA21,0.2518,0.1274,0.053,0.003,0.0008,0.0,0.0,0,0,0,0,0,0,0,0,"(-0.000582, 0.0582]"
2011,N301,0.9052,0.7863,0.1313,0.0969,0.0499,0.0177,0.0045,2,1,1,0,0,0,0,0,"(-0.000582, 0.0582]"
2011,R782,0.0948,0.0411,0.0016,0.0,0.0,0.0,0.0,0,0,0,0,0,0,0,0,"(-0.000582, 0.0582]"
2011,H804,0.5029,0.0839,0.0034,0.0009,0.0001,0.0,0.0,1,1,0,0,0,0,0,0,"(-0.000582, 0.0582]"
2011,S963,0.4971,0.0887,0.0041,0.0012,0.0004,0.0,0.0,0,0,0,0,0,0,0,0,"(-0.000582, 0.0582]"
2011,ME82,0.704,0.0361,0.0104,0.0047,0.0012,0.0002,0.0,1,1,0,0,0,0,0,0,"(-0.000582, 0.0582]"
2011,N349,0.296,0.007,0.0012,0.0003,0.0001,0.0,0.0,0,0,0,0,0,0,0,0,"(-0.000582, 0.0582]"
2011,F324,0.9724,0.943,0.8434,0.7995,0.7035,0.5355,0.3637,4,1,1,1,1,0,0,0,"(0.349, 0.407]"
2011,K926,0.0276,0.0139,0.0046,0.0018,0.0006,0.0,0.0,0,0,0,0,0,0,0,0,"(-0.000582, 0.0582]"
2011,SA49,0.678,0.442,0.3737,0.2723,0.1207,0.0382,0.0141,2,1,1,0,0,0,0,0,"(-0.000582, 0.0582]"
2011,P624,0.322,0.1548,0.1117,0.0608,0.0196,0.004,0.0008,0,0,0,0,0,0,0,0,"(-0.000582, 0.0582]"
2011,H432,0.756,0.3484,0.2726,0.1684,0.0631,0.0138,0.0041,1,1,0,0,0,0,0,0,"(-0.000582, 0.0582]"
2011,N552,0.244,0.0548,0.0308,0.0113,0.0015,0.0001,0.0,0,0,0,0,0,0,0,0,"(-0.000582, 0.0582]"
2011,A511,0.5869,0.2682,0.0515,0.0154,0.0016,0.0002,0.0,1,1,0,0,0,0,0,0,"(-0.000582, 0.0582]"
2011,G681,0.4131,0.1526,0.0233,0.007,0.0007,0.0,0.0,0,0,0,0,0,0,0,0,"(-0.000582, 0.0582]"
2011,TA46,0.3077,0.1319,0.0183,0.0046,0.0009,0.0,0.0,4,1,1,1,1,0,0,0,"(-0.000582, 0.0582]"
2011,D402,0.6923,0.4473,0.1181,0.0485,0.009,0.0013,0.0003,0,0,0,0,0,0,0,0,"(-0.000582, 0.0582]"
2011,MB02,0.9359,0.5682,0.3104,0.1307,0.0327,0.0042,0.001,1,1,0,0,0,0,0,0,"(-0.000582, 0.0582]"
2011,E687,0.0641,0.0074,0.0005,0.0002,0.0,0.0,0.0,0,0,0,0,0,0,0,0,"(-0.000582, 0.0582]"
2011,M680,0.7486,0.3576,0.178,0.071,0.0152,0.0026,0.0002,3,1,1,1,0,0,0,0,"(-0.000582, 0.0582]"
2011,Z168,0.2514,0.0668,0.0138,0.0022,0.0004,0.0,0.0,0,0,0,0,0,0,0,0,"(-0.000582, 0.0582]"
2011,T315,0.7021,0.3714,0.192,0.0773,0.0202,0.0034,0.0006,1,1,0,0,0,0,0,0,"(-0.000582, 0.0582]"
2011,G858,0.2979,0.101,0.0323,0.0083,0.0006,0.0001,0.0,0,0,0,0,0,0,0,0,"(-0.000582, 0.0582]"
2011,M762,0.7803,0.46,0.2557,0.1185,0.0353,0.0066,0.0008,2,1,1,0,0,0,0,0,"(-0.000582, 0.0582]"
2011,F444,0.2197,0.0676,0.0173,0.0035,0.0002,0.0,0.0,0,0,0,0,0,0,0,0,"(-0.000582, 0.0582]"
2011,T840,0.8543,0.576,0.3326,0.0815,0.0336,0.006,0.0017,1,1,0,0,0,0,0,0,"(-0.000582, 0.0582]"
2011,G585,0.1457,0.0361,0.0071,0.0005,0.0003,0.0001,0.0,0,0,0,0,0,0,0,0,"(-0.000582, 0.0582]"
2011,L575,0.3505,0.1062,0.0326,0.0044,0.0012,0.0001,0.0,2,1,1,0,0,0,0,0,"(-0.000582, 0.0582]"
2011,R419,0.6495,0.2817,0.1281,0.0212,0.0086,0.0017,0.0001,0,0,0,0,0,0,0,0,"(-0.000582, 0.0582]"
2011,M708,0.2442,0.0316,0.0052,0.0002,0.0,0.0,0.0,1,1,0,0,0,0,0,0,"(-0.000582, 0.0582]"
2011,D499,0.7558,0.2262,0.0798,0.0092,0.0018,0.0001,0.0,0,0,0,0,0,0,0,0,"(-0.000582, 0.0582]"
2011,L428,0.6488,0.506,0.3072,0.083,0.0376,0.0071,0.0015,3,1,1,1,0,0,0,0,"(-0.000582, 0.0582]"
2011,W503,0.3512,0.2362,0.1074,0.0177,0.0057,0.0007,0.0,0,0,0,0,0,0,0,0,"(-0.000582, 0.0582]"
2011,B837,0.5315,0.2669,0.0428,0.0203,0.0074,0.0006,0.0001,2,1,1,0,0,0,0,0,"(-0.000582, 0.0582]"
2011,B676,0.4685,0.2222,0.0352,0.0132,0.0046,0.0005,0.0,0,0,0,0,0,0,0,0,"(-0.000582, 0.0582]"
2011,SA93,0.5746,0.313,0.0572,0.0295,0.0112,0.0015,0.0002,1,1,0,0,0,0,0,0,"(-0.000582, 0.0582]"
2011,M824,0.4254,0.1979,0.0271,0.0108,0.0035,0.0007,0.0,0,0,0,0,0,0,0,0,"(-0.000582, 0.0582]"
2011,A678,0.5842,0.0544,0.0197,0.0074,0.0018,0.0001,0.0,1,1,0,0,0,0,0,0,"(-0.000582, 0.0582]"
2011,ME89,0.4158,0.0307,0.0106,0.0024,0.0003,0.0,0.0,0,0,0,0,0,0,0,0,"(-0.000582, 0.0582]"
2011,D643,0.9492,0.8909,0.7991,0.6971,0.5604,0.2718,0.152,7,1,1,1,1,1,1,1,"(0.116, 0.174]"
2011,CA12,0.0508,0.024,0.0083,0.0016,0.0003,0.0,0.0,0,0,0,0,0,0,0,0,"(-0.000582, 0.0582]"
2012,D643,0.8784,0.816,0.6865,0.5484,0.2719,0.218,0.1321,5,1,1,1,1,1,0,0,"(0.116, 0.174]"
2012,F316,0.1216,0.0783,0.0357,0.0141,0.0031,0.0009,0.0003,0,0,0,0,0,0,0,0,"(-0.000582, 0.0582]"
2012,RA17,0.2656,0.0148,0.0031,0.0004,0.0,0.0,0.0,1,1,0,0,0,0,0,0,"(-0.000582, 0.0582]"
2012,D632,0.7344,0.0909,0.0351,0.0121,0.0014,0.0002,0.0,0,0,0,0,0,0,0,0,"(-0.000582, 0.0582]"
2012,BE54,0.4329,0.0611,0.0031,0.001,0.0001,0.0,0.0,1,1,0,0,0,0,0,0,"(-0.000582, 0.0582]"
2012,B884,0.5671,0.0967,0.0079,0.0012,0.0001,0.0001,0.0,0,0,0,0,0,0,0,0,"(-0.000582, 0.0582]"
2012,G628,0.8934,0.7895,0.2248,0.1158,0.026,0.0133,0.0043,3,1,1,1,0,0,0,0,"(-0.000582, 0.0582]"
2012,K839,0.1066,0.0527,0.0038,0.0004,0.0001,0.0001,0.0,0,0,0,0,0,0,0,0,"(-0.000582, 0.0582]"
2012,MB02,0.573,0.3095,0.0906,0.0163,0.0027,0.0007,0.0001,4,1,1,1,1,0,0,0,"(-0.000582, 0.0582]"
2012,T315,0.427,0.1978,0.0514,0.0064,0.0005,0.0001,0.0,0,0,0,0,0,0,0,0,"(-0.000582, 0.0582]"
2012,P624,0.856,0.4675,0.1398,0.0232,0.0034,0.0006,0.0001,1,1,0,0,0,0,0,0,"(-0.000582, 0.0582]"
2012,K834,0.144,0.0252,0.0023,0.0,0.0,0.0,0.0,0,0,0,0,0,0,0,0,"(-0.000582, 0.0582]"
2012,J397,0.3477,0.0425,0.0126,0.0012,0.0002,0.0,0.0,2,1,1,0,0,0,0,0,"(-0.000582, 0.0582]"
2012,BA98,0.6523,0.1359,0.0614,0.0077,0.0012,0.0001,0.0,0,0,0,0,0,0,0,0,"(-0.000582, 0.0582]"
2012,G858,0.0853,0.0309,0.0093,0.001,0.0001,0.0001,0.0,1,1,0,0,0,0,0,0,"(-0.000582, 0.0582]"
2012,BA47,0.9147,0.7907,0.6326,0.2508,0.0769,0.0491,0.0202,0,0,0,0,0,0,0,0,"(-0.000582, 0.0582]"
2012,F324,0.9697,0.9111,0.8729,0.8068,0.5716,0.4834,0.3289,7,1,1,1,1,1,1,1,"(0.291, 0.349]"
2012,R772,0.0303,0.0084,0.0029,0.0008,0.0001,0.0,0.0,0,0,0,0,0,0,0,0,"(-0.000582, 0.0582]"
2012,F510,0.3896,0.0258,0.0137,0.0043,0.0011,0.0005,0.0,1,1,0,0,0,0,0,0,"(-0.000582, 0.0582]"
2012,L428,0.6104,0.0547,0.0374,0.0202,0.0052,0.0024,0.0002,0,0,0,0,0,0,0,0,"(-0.000582, 0.0582]"
2012,R368,0.5359,0.1636,0.0067,0.0013,0.0002,0.0,0.0,1,1,0,0,0,0,0,0,"(-0.000582, 0.0582]"
2012,MB53,0.4641,0.1307,0.0046,0.0008,0.0,0.0,0.0,0,0,0,0,0,0,0,0,"(-0.000582, 0.0582]"
2012,H940,0.5067,0.3582,0.033,0.0146,0.0018,0.0001,0.0,1,1,0,0,0,0,0,0,"(-0.000582, 0.0582]"
2012,L575,0.4933,0.3475,0.0288,0.0112,0.0017,0.0003,0.0,0,0,0,0,0,0,0,0,"(-0.000582, 0.0582]"
2012,B747,0.5836,0.2405,0.1333,0.0161,0.0024,0.0009,0.0001,2,1,1,0,0,0,0,0,"(-0.000582, 0.0582]"
2012,MA30,0.4164,0.1372,0.0672,0.0065,0.0005,0.0004,0.0001,0,0,0,0,0,0,0,0,"(-0.000582, 0.0582]"
2012,V306,0.8295,0.5689,0.3909,0.0726,0.0203,0.0084,0.0021,2,1,1,0,0,0,0,0,"(-0.000582, 0.0582]"
2012,W373,0.1705,0.0534,0.0181,0.0004,0.0001,0.0,0.0,0,0,0,0,0,0,0,0,"(-0.000582, 0.0582]"
2012,Z189,0.8337,0.2803,0.0776,0.0055,0.0006,0.0002,0.0,1,1,0,0,0,0,0,0,"(-0.000582, 0.0582]"
2012,G744,0.1663,0.0158,0.0014,0.0,0.0,0.0,0.0,0,0,0,0,0,0,0,0,"(-0.000582, 0.0582]"
2012,M680,0.6236,0.4622,0.2246,0.0304,0.0054,0.0014,0.0002,3,1,1,1,0,0,0,0,"(-0.000582, 0.0582]"
2012,ME05,0.3764,0.2417,0.0869,0.0085,0.0013,0.0003,0.0,0,0,0,0,0,0,0,0,"(-0.000582, 0.0582]"
2012,SD32,0.6326,0.3151,0.1992,0.0987,0.0307,0.0028,0.0001,1,1,0,0,0,0,0,0,"(-0.000582, 0.0582]"
2012,M850,0.3674,0.1304,0.0691,0.0267,0.0053,0.0006,0.0,0,0,0,0,0,0,0,0,"(-0.000582, 0.0582]"
2012,F444,0.1753,0.046,0.0143,0.0036,0.0008,0.0,0.0,2,1,1,0,0,0,0,0,"(-0.000582, 0.0582]"
2012,I186,0.8247,0.5085,0.3574,0.2051,0.0729,0.011,0.0023,0,0,0,0,0,0,0,0,"(-0.000582, 0.0582]"
2012,M873,0.7383,0.4896,0.2123,0.0997,0.0244,0.002,0.0003,1,1,0,0,0,0,0,0,"(-0.000582, 0.0582]"
2012,L503,0.2617,0.1174,0.0253,0.0057,0.0004,0.0,0.0,0,0,0,0,0,0,0,0,"(-0.000582, 0.0582]"
2012,A511,0.795,0.3561,0.1171,0.0372,0.0068,0.0004,0.0001,1,1,0,0,0,0,0,0,"(-0.000582, 0.0582]"
2012,GC38,0.205,0.0369,0.0053,0.0007,0.0001,0.0,0.0,0,0,0,0,0,0,0,0,"(-0.000582, 0.0582]"
2012,I165,0.3853,0.1529,0.0905,0.0412,0.0106,0.0006,0.0001,3,1,1,1,0,0,0,0,"(-0.000582, 0.0582]"
2012,SA93,0.6147,0.3071,0.2149,0.1236,0.0387,0.007,0.0014,0,0,0,0,0,0,0,0,"(-0.000582, 0.0582]"
2012,Y061,0.8875,0.5207,0.3881,0.2375,0.0862,0.0144,0.0037,4,1,1,1,1,0,0,0,"(-0.000582, 0.0582]"
2012,Y124,0.1125,0.0193,0.0052,0.0016,0.0001,0.0,0.0,0,0,0,0,0,0,0,0,"(-0.000582, 0.0582]"
2012,B896,0.5087,0.3679,0.1309,0.0561,0.0109,0.0011,0.0,1,1,0,0,0,0,0,0,"(-0.000582, 0.0582]"
2012,B676,0.4913,0.345,0.1199,0.0497,0.0087,0.0004,0.0001,0,0,0,0,0,0,0,0,"(-0.000582, 0.0582]"
2012,CA33,0.5033,0.1435,0.024,0.0063,0.0007,0.0,0.0,1,1,0,0,0,0,0,0,"(-0.000582, 0.0582]"
2012,C723,0.4967,0.1436,0.0265,0.0066,0.0007,0.0,0.0,0,0,0,0,0,0,0,0,"(-0.000582, 0.0582]"
2012,SG87,0.6663,0.122,0.0181,0.0039,0.0011,0.0001,0.0,1,1,0,0,0,0,0,0,"(-0.000582, 0.0582]"
2012,S843,0.3337,0.0339,0.0025,0.0004,0.0,0.0,0.0,0,0,0,0,0,0,0,0,"(-0.000582, 0.0582]"
2012,T742,0.4439,0.367,0.1291,0.0604,0.0348,0.0071,0.0021,2,1,1,0,0,0,0,0,"(-0.000582, 0.0582]"
2012,N301,0.5561,0.4771,0.193,0.096,0.0612,0.012,0.0036,0,0,0,0,0,0,0,0,"(-0.000582, 0.0582]"
2012,F401,0.9589,0.9059,0.6414,0.4203,0.3236,0.0928,0.0399,4,1,1,1,1,0,0,0,"(-0.000582, 0.0582]"
2012,BA65,0.0411,0.0169,0.0025,0.0001,0.0,0.0,0.0,0,0,0,0,0,0,0,0,"(-0.000582, 0.0582]"
2012,D750,0.3689,0.021,0.0028,0.0003,0.0,0.0,0.0,1,1,0,0,0,0,0,0,"(-0.000582, 0.0582]"
2012,BC65,0.6311,0.0562,0.0106,0.0019,0.0002,0.0,0.0,0,0,0,0,0,0,0,0,"(-0.000582, 0.0582]"
2012,P436,0.2852,0.0204,0.0028,0.0002,0.0,0.0,0.0,1,1,0,0,0,0,0,0,"(-0.000582, 0.0582]"
2012,O234,0.7148,0.1021,0.0358,0.0036,0.0005,0.0001,0.0,0,0,0,0,0,0,0,0,"(-0.000582, 0.0582]"
2012,R485,0.9237,0.8414,0.6849,0.3485,0.2508,0.0632,0.0218,2,1,1,0,0,0,0,0,"(-0.000582, 0.0582]"
2012,BA53,0.0763,0.0361,0.0097,0.0013,0.0001,0.0,0.0,0,0,0,0,0,0,0,0,"(-0.000582, 0.0582]"
2012,N552,0.7277,0.5811,0.2022,0.0551,0.0282,0.0027,0.0005,2,1,1,0,0,0,0,0,"(-0.000582, 0.0582]"
2012,K926,0.2723,0.1611,0.0284,0.0044,0.001,0.0001,0.0,0,0,0,0,0,0,0,0,"(-0.000582, 0.0582]"
2012,S963,0.5422,0.1456,0.0232,0.003,0.0004,0.0,0.0,1,1,0,0,0,0,0,0,"(-0.000582, 0.0582]"
2012,KB54,0.4578,0.1122,0.013,0.0006,0.0001,0.0,0.0,0,0,0,0,0,0,0,0,"(-0.000582, 0.0582]"
2012,SC47,0.5179,0.1338,0.0155,0.0039,0.0007,0.0001,0.0,1,1,0,0,0,0,0,0,"(-0.000582, 0.0582]"
2012,K403,0.4821,0.1237,0.0122,0.0022,0.0004,0.0,0.0,0,0,0,0,0,0,0,0,"(-0.000582, 0.0582]"
2012,S694,0.7111,0.5638,0.1763,0.0928,0.0304,0.0068,0.0007,2,1,1,0,0,0,0,0,"(-0.000582, 0.0582]"
2012,SC77,0.2889,0.1787,0.0313,0.0104,0.0015,0.0,0.0,0,0,0,0,0,0,0,0,"(-0.000582, 0.0582]"
2012,D683,0.8859,0.5561,0.4508,0.3374,0.1825,0.0723,0.0222,3,1,1,1,0,0,0,0,"(-0.000582, 0.0582]"
2012,H756,0.1141,0.0204,0.0076,0.0019,0.0005,0.0,0.0,0,0,0,0,0,0,0,0,"(-0.000582, 0.0582]"
2012,C977,0.86,0.4022,0.2988,0.2005,0.0886,0.0278,0.0061,3,1,1,1,0,0,0,0,"(-0.000582, 0.0582]"
2012,SK94,0.14,0.0213,0.0075,0.0014,0.0001,0.0,0.0,0,0,0,0,0,0,0,0,"(-0.000582, 0.0582]"
2012,K540,0.6031,0.2479,0.0966,0.0242,0.006,0.0011,0.0001,1,1,0,0,0,0,0,0,"(-0.000582, 0.0582]"
2012,I230,0.3969,0.1252,0.0354,0.0061,0.001,0.0002,0.0,0,0,0,0,0,0,0,0,"(-0.000582, 0.0582]"
2012,Q927,0.8569,0.5872,0.3102,0.1162,0.0365,0.0063,0.0007,2,1,1,0,0,0,0,0,"(-0.000582, 0.0582]"
2012,PD07,0.1431,0.0397,0.006,0.0006,0.0002,0.0,0.0,0,0,0,0,0,0,0,0,"(-0.000582, 0.0582]"
2012,R975,0.7096,0.4328,0.2682,0.1149,0.0416,0.0092,0.0012,1,1,0,0,0,0,0,0,"(-0.000582, 0.0582]"
2012,G725,0.2904,0.1106,0.0434,0.0102,0.0012,0.0001,0.0,0,0,0,0,0,0,0,0,"(-0.000582, 0.0582]"
2012,D875,0.4743,0.2144,0.1086,0.0354,0.0103,0.0013,0.0002,1,1,0,0,0,0,0,0,"(-0.000582, 0.0582]"
2012,A678,0.5257,0.2422,0.1316,0.0419,0.0123,0.0023,0.0004,0,0,0,0,0,0,0,0,"(-0.000582, 0.0582]"
2012,B837,0.6205,0.3228,0.0582,0.0301,0.0093,0.0014,0.0002,2,1,1,0,0,0,0,0,"(-0.000582, 0.0582]"
2012,M824,0.3795,0.1538,0.0219,0.0085,0.0024,0.0004,0.0001,0,0,0,0,0,0,0,0,"(-0.000582, 0.0582]"
2012,K336,0.7485,0.4437,0.09,0.0514,0.0163,0.0036,0.0002,1,1,0,0,0,0,0,0,"(-0.000582, 0.0582]"
2012,SC56,0.2515,0.0797,0.0073,0.002,0.0003,0.0,0.0,0,0,0,0,0,0,0,0,"(-0.000582, 0.0582]"
2012,MC10,0.9125,0.642,0.5553,0.4908,0.3658,0.1798,0.0765,6,1,1,1,1,1,1,0,"(0.0582, 0.116]"
2012,D402,0.0875,0.0178,0.0074,0.0031,0.0005,0.0001,0.0,0,0,0,0,0,0,0,0,"(-0.000582, 0.0582]"
2012,T786,0.683,0.261,0.2087,0.1627,0.103,0.0377,0.013,5,1,1,1,1,1,0,0,"(-0.000582, 0.0582]"
2012,H432,0.317,0.0792,0.0512,0.0335,0.0149,0.0021,0.0003,0,0,0,0,0,0,0,0,"(-0.000582, 0.0582]"
2012,T840,0.5622,0.3302,0.1659,0.0397,0.0129,0.0019,0.0002,3,1,1,1,0,0,0,0,"(-0.000582, 0.0582]"
2012,G710,0.4378,0.2346,0.1015,0.0192,0.0047,0.0008,0.0,0,0,0,0,0,0,0,0,"(-0.000582, 0.0582]"
2012,G476,0.4678,0.1904,0.0738,0.0108,0.0027,0.0003,0.0,1,1,0,0,0,0,0,0,"(-0.000582, 0.0582]"
2012,R613,0.5322,0.2448,0.1073,0.0176,0.0053,0.0007,0.0001,0,0,0,0,0,0,0,0,"(-0.000582, 0.0582]"
2012,L797,0.6215,0.1854,0.0761,0.0093,0.0016,0.0,0.0,2,1,1,0,0,0,0,0,"(-0.000582, 0.0582]"
2012,U061,0.3785,0.0776,0.025,0.0019,0.0,0.0,0.0,0,0,0,0,0,0,0,0,"(-0.000582, 0.0582]"
2012,M762,0.4745,0.3419,0.2025,0.05,0.0194,0.0034,0.0001,1,1,0,0,0,0,0,0,"(-0.000582, 0.0582]"
2012,W367,0.5255,0.3951,0.2479,0.0694,0.0271,0.0052,0.0008,0,0,0,0,0,0,0,0,"(-0.000582, 0.0582]"
2012,GB88,0.3164,0.1869,0.0426,0.0144,0.0012,0.0001,0.0,2,1,1,0,0,0,0,0,"(-0.000582, 0.0582]"
2012,TA46,0.6836,0.506,0.1801,0.0943,0.0155,0.0033,0.0005,0,0,0,0,0,0,0,0,"(-0.000582, 0.0582]"
2012,L799,0.508,0.1566,0.0291,0.006,0.0004,0.0001,0.0,1,1,0,0,0,0,0,0,"(-0.000582, 0.0582]"
2012,B804,0.492,0.1505,0.0296,0.0068,0.0001,0.0,0.0,0,0,0,0,0,0,0,0,"(-0.000582, 0.0582]"
2012,W503,0.5894,0.1044,0.0405,0.011,0.0006,0.0,0.0,1,1,0,0,0,0,0,0,"(-0.000582, 0.0582]"
2012,A596,0.4106,0.0505,0.0159,0.0046,0.0003,0.0001,0.0,0,0,0,0,0,0,0,0,"(-0.000582, 0.0582]"
2012,F339,0.9455,0.8299,0.6589,0.4723,0.1277,0.0581,0.0141,3,1,1,1,0,0,0,0,"(-0.000582, 0.0582]"
2012,R383,0.0545,0.0152,0.0033,0.0006,0.0,0.0,0.0,0,0,0,0,0,0,0,0,"(-0.000582, 0.0582]"
2012,N289,0.2665,0.148,0.0694,0.0199,0.002,0.0002,0.0,1,1,0,0,0,0,0,0,"(-0.000582, 0.0582]"
2012,L397,0.7335,0.5664,0.3885,0.19,0.0378,0.0105,0.0016,0,0,0,0,0,0,0,0,"(-0.000582, 0.0582]"
2012,BA23,0.691,0.2261,0.1028,0.0306,0.0037,0.0007,0.0001,3,1,1,1,0,0,0,0,"(-0.000582, 0.0582]"
2012,MA49,0.309,0.0595,0.0147,0.003,0.0,0.0,0.0,0,0,0,0,0,0,0,0,"(-0.000582, 0.0582]"
2012,PD31,0.6007,0.4557,0.2351,0.0922,0.0146,0.0039,0.0006,2,1,1,0,0,0,0,0,"(-0.000582, 0.0582]"
2012,E690,0.3993,0.2647,0.1136,0.0373,0.0044,0.0008,0.0,0,0,0,0,0,0,0,0,"(-0.000582, 0.0582]"
2012,K966,0.4175,0.1004,0.0234,0.005,0.0004,0.0,0.0,1,1,0,0,0,0,0,0,"(-0.000582, 0.0582]"
2012,C514,0.5825,0.1792,0.0525,0.012,0.0003,0.0,0.0,0,0,0,0,0,0,0,0,"(-0.000582, 0.0582]"
2012,D801,0.5878,0.1315,0.07,0.0078,0.0026,0.0004,0.0002,1,1,0,0,0,0,0,0,"(-0.000582, 0.0582]"
2012,B842,0.4122,0.0653,0.03,0.0026,0.0009,0.0,0.0,0,0,0,0,0,0,0,0,"(-0.000582, 0.0582]"
2012,K435,0.4531,0.3574,0.2768,0.0678,0.0378,0.0168,0.0044,4,1,1,1,1,0,0,0,"(-0.000582, 0.0582]"
2012,H355,0.5469,0.4458,0.3646,0.0929,0.0565,0.0265,0.0064,0,0,0,0,0,0,0,0,"(-0.000582, 0.0582]"
2012,J267,0.4133,0.0947,0.0106,0.0007,0.0001,0.0,0.0,1,1,0,0,0,0,0,0,"(-0.000582, 0.0582]"
2012,Z254,0.5867,0.1721,0.0264,0.0019,0.0001,0.0001,0.0,0,0,0,0,0,0,0,0,"(-0.000582, 0.0582]"
2012,R685,0.5749,0.4329,0.1442,0.02,0.0075,0.0014,0.0001,2,1,1,0,0,0,0,0,"(-0.000582, 0.0582]"
2012,D646,0.4251,0.3003,0.0774,0.0085,0.003,0.0006,0.0,0,0,0,0,0,0,0,0,"(-0.000582, 0.0582]"
2012,N409,0.9478,0.9115,0.8498,0.7485,0.6627,0.5066,0.2836,1,1,0,0,0,0,0,0,"(0.233, 0.291]"
2012,BD20,0.0522,0.0295,0.0122,0.0026,0.0008,0.0,0.0,0,0,0,0,0,0,0,0,"(-0.000582, 0.0582]"
2012,CA12,0.6982,0.0479,0.0193,0.006,0.002,0.0004,0.0001,1,1,0,0,0,0,0,0,"(-0.000582, 0.0582]"
2012,V254,0.3018,0.0111,0.0028,0.0004,0.0,0.0,0.0,0,0,0,0,0,0,0,0,"(-0.000582, 0.0582]"
2012,MA21,0.5695,0.246,0.0232,0.0065,0.0024,0.0005,0.0,2,1,1,0,0,0,0,0,"(-0.000582, 0.0582]"
2012,MD56,0.4305,0.1531,0.0119,0.0027,0.0007,0.0001,0.0,0,0,0,0,0,0,0,0,"(-0.000582, 0.0582]"
2012,A479,0.6523,0.424,0.0626,0.0264,0.0122,0.0037,0.0004,2,1,1,0,0,0,0,0,"(-0.000582, 0.0582]"
2012,R397,0.3477,0.1769,0.0182,0.0047,0.0017,0.0002,0.0001,0,0,0,0,0,0,0,0,"(-0.000582, 0.0582]"
2013,D643,0.9014,0.8834,0.8069,0.686,0.5562,0.3486,0.1912,6,1,1,1,1,1,1,0,"(0.174, 0.233]"
2013,MB02,0.0986,0.0805,0.0443,0.0196,0.0071,0.001,0.0002,0,0,0,0,0,0,0,0,"(-0.000582, 0.0582]"
2013,SC47,0.4951,0.0179,0.0034,0.0007,0.0,0.0,0.0,1,1,0,0,0,0,0,0,"(-0.000582, 0.0582]"
2013,H804,0.5049,0.0182,0.0051,0.0008,0.0002,0.0,0.0,0,0,0,0,0,0,0,0,"(-0.000582, 0.0582]"
2013,B676,0.5997,0.1981,0.018,0.0067,0.0018,0.0004,0.0,1,1,0,0,0,0,0,0,"(-0.000582, 0.0582]"
2013,D776,0.4003,0.1038,0.0081,0.0011,0.0003,0.0,0.0,0,0,0,0,0,0,0,0,"(-0.000582, 0.0582]"
2013,TA46,0.3297,0.1947,0.0214,0.0075,0.0024,0.0008,0.0,3,1,1,1,0,0,0,0,"(-0.000582, 0.0582]"
2013,Q927,0.6703,0.5034,0.0928,0.0423,0.0198,0.0063,0.0009,0,0,0,0,0,0,0,0,"(-0.000582, 0.0582]"
2013,A678,0.6684,0.3908,0.1347,0.0217,0.0077,0.0018,0.0003,2,1,1,0,0,0,0,0,"(-0.000582, 0.0582]"
2013,R397,0.3316,0.1451,0.034,0.0037,0.0011,0.0001,0.0,0,0,0,0,0,0,0,0,"(-0.000582, 0.0582]"
2013,P701,0.1732,0.0317,0.0033,0.0003,0.0,0.0,0.0,1,1,0,0,0,0,0,0,"(-0.000582, 0.0582]"
2013,P624,0.8268,0.4324,0.141,0.0191,0.0065,0.0017,0.0001,0,0,0,0,0,0,0,0,"(-0.000582, 0.0582]"
2013,BC72,0.7045,0.1511,0.0627,0.0064,0.0019,0.0,0.0,1,1,0,0,0,0,0,0,"(-0.000582, 0.0582]"
2013,G676,0.2955,0.0325,0.0087,0.0002,0.0,0.0,0.0,0,0,0,0,0,0,0,0,"(-0.000582, 0.0582]"
2013,BA47,0.8768,0.7555,0.5944,0.1813,0.1055,0.0374,0.0113,4,1,1,1,1,0,0,0,"(-0.000582, 0.0582]"
2013,K966,0.1232,0.0609,0.0212,0.0026,0.0004,0.0,0.0,0,0,0,0,0,0,0,0,"(-0.000582, 0.0582]"
2013,F401,0.9044,0.8078,0.7407,0.6131,0.2337,0.0915,0.029,4,1,1,1,1,0,0,0,"(-0.000582, 0.0582]"
2013,A539,0.0956,0.0454,0.0272,0.0093,0.0012,0.0002,0.0,0,0,0,0,0,0,0,0,"(-0.000582, 0.0582]"
2013,BD06,0.672,0.1144,0.0727,0.0308,0.0039,0.0009,0.0,1,1,0,0,0,0,0,0,"(-0.000582, 0.0582]"
2013,G681,0.328,0.0324,0.0148,0.0044,0.0001,0.0,0.0,0,0,0,0,0,0,0,0,"(-0.000582, 0.0582]"
2013,G725,0.6227,0.3982,0.0716,0.0282,0.0027,0.0003,0.0,1,1,0,0,0,0,0,0,"(-0.000582, 0.0582]"
2013,Z184,0.3773,0.2001,0.0263,0.0072,0.0004,0.0,0.0,0,0,0,0,0,0,0,0,"(-0.000582, 0.0582]"
2013,R483,0.4296,0.1596,0.0171,0.0036,0.0001,0.0,0.0,1,1,0,0,0,0,0,0,"(-0.000582, 0.0582]"
2013,J386,0.5704,0.2421,0.0296,0.0081,0.0007,0.0,0.0,0,0,0,0,0,0,0,0,"(-0.000582, 0.0582]"
2013,D801,0.6508,0.266,0.1326,0.0341,0.0042,0.0008,0.0001,2,1,1,0,0,0,0,0,"(-0.000582, 0.0582]"
2013,E698,0.3492,0.0933,0.0332,0.0048,0.0001,0.0,0.0,0,0,0,0,0,0,0,0,"(-0.000582, 0.0582]"
2013,R975,0.7688,0.5436,0.3506,0.1292,0.0242,0.0054,0.0009,1,1,0,0,0,0,0,0,"(-0.000582, 0.0582]"
2013,B884,0.2312,0.0971,0.0353,0.0053,0.0003,0.0,0.0,0,0,0,0,0,0,0,0,"(-0.000582, 0.0582]"
2013,SF36,0.7863,0.4817,0.2446,0.0738,0.0115,0.0013,0.0003,2,1,1,0,0,0,0,0,"(-0.000582, 0.0582]"
2013,K737,0.2137,0.0644,0.014,0.0015,0.0,0.0,0.0,0,0,0,0,0,0,0,0,"(-0.000582, 0.0582]"
2013,KB09,0.6866,0.3457,0.1579,0.0418,0.0057,0.0007,0.0,1,1,0,0,0,0,0,0,"(-0.000582, 0.0582]"
2013,D994,0.3134,0.1082,0.0318,0.0048,0.0003,0.0,0.0,0,0,0,0,0,0,0,0,"(-0.000582, 0.0582]"
2013,D646,0.3856,0.19,0.1101,0.0613,0.0111,0.0016,0.0001,3,1,1,1,0,0,0,0,"(-0.000582, 0.0582]"
2013,K435,0.6144,0.3589,0.247,0.1646,0.0373,0.0089,0.0016,0,0,0,0,0,0,0,0,"(-0.000582, 0.0582]"
2013,N552,0.8001,0.407,0.2692,0.1713,0.0378,0.0085,0.0007,2,1,1,0,0,0,0,0,"(-0.000582, 0.0582]"
2013,E690,0.1999,0.0441,0.0151,0.0045,0.0004,0.0001,0.0,0,0,0,0,0,0,0,0,"(-0.000582, 0.0582]"
2013,MD56,0.3973,0.1006,0.0188,0.0061,0.0002,0.0,0.0,1,1,0,0,0,0,0,0,"(-0.000582, 0.0582]"
2013,BH09,0.6027,0.2099,0.0542,0.02,0.0026,0.0002,0.0001,0,0,0,0,0,0,0,0,"(-0.000582, 0.0582]"
2013,L428,0.6583,0.486,0.2244,0.1314,0.0254,0.005,0.001,1,1,0,0,0,0,0,0,"(-0.000582, 0.0582]"
2013,N289,0.3417,0.2035,0.0612,0.0258,0.0028,0.0005,0.0001,0,0,0,0,0,0,0,0,"(-0.000582, 0.0582]"
2013,SA93,0.6056,0.3319,0.254,0.1278,0.0233,0.0053,0.0005,3,1,1,1,0,0,0,0,"(-0.000582, 0.0582]"
2013,I165,0.3944,0.1781,0.1212,0.0489,0.0049,0.0012,0.0,0,0,0,0,0,0,0,0,"(-0.000582, 0.0582]"
2013,D875,0.6432,0.3505,0.2712,0.136,0.0253,0.0056,0.0011,1,1,0,0,0,0,0,0,"(-0.000582, 0.0582]"
2013,BA98,0.3568,0.1395,0.0886,0.0309,0.0039,0.0008,0.0,0,0,0,0,0,0,0,0,"(-0.000582, 0.0582]"
2013,SL28,0.4178,0.1158,0.0157,0.0028,0.0002,0.0,0.0,1,1,0,0,0,0,0,0,"(-0.000582, 0.0582]"
2013,K834,0.5822,0.1936,0.0342,0.0073,0.0001,0.0,0.0,0,0,0,0,0,0,0,0,"(-0.000582, 0.0582]"
2013,Z189,0.6499,0.4781,0.1625,0.0503,0.0053,0.0008,0.0,2,1,1,0,0,0,0,0,"(-0.000582, 0.0582]"
2013,R368,0.3501,0.2125,0.0526,0.011,0.0006,0.0,0.0,0,0,0,0,0,0,0,0,"(-0.000582, 0.0582]"
2013,L799,0.5032,0.0532,0.0036,0.0011,0.0003,0.0,0.0,1,1,0,0,0,0,0,0,"(-0.000582, 0.0582]"
2013,PC11,0.4968,0.0525,0.0023,0.0006,0.0,0.0,0.0,0,0,0,0,0,0,0,0,"(-0.000582, 0.0582]"
2013,D683,0.8873,0.8227,0.2577,0.205,0.1582,0.0658,0.0258,5,1,1,1,1,1,0,0,"(-0.000582, 0.0582]"
2013,R772,0.1127,0.0716,0.0058,0.0027,0.0007,0.0001,0.0,0,0,0,0,0,0,0,0,"(-0.000582, 0.0582]"
2013,D632,0.0561,0.0329,0.0084,0.0034,0.0016,0.0001,0.0,1,1,0,0,0,0,0,0,"(-0.000582, 0.0582]"
2013,N409,0.9439,0.9125,0.7124,0.6565,0.5954,0.3836,0.2227,0,0,0,0,0,0,0,0,"(0.174, 0.233]"
2013,K540,0.4649,0.0248,0.0045,0.0015,0.0007,0.0,0.0,4,1,1,1,1,0,0,0,"(-0.000582, 0.0582]"
2013,A511,0.5351,0.0298,0.0053,0.002,0.0009,0.0001,0.0001,0,0,0,0,0,0,0,0,"(-0.000582, 0.0582]"
2013,R612,0.3683,0.1194,0.0309,0.001,0.0002,0.0,0.0,1,1,0,0,0,0,0,0,"(-0.000582, 0.0582]"
2013,F444,0.6317,0.2728,0.0975,0.0068,0.0016,0.0004,0.0,0,0,0,0,0,0,0,0,"(-0.000582, 0.0582]"
2013,PD31,0.8312,0.5605,0.2756,0.0315,0.013,0.0019,0.0001,2,1,1,0,0,0,0,0,"(-0.000582, 0.0582]"
2013,U061,0.1688,0.0473,0.0067,0.0001,0.0,0.0,0.0,0,0,0,0,0,0,0,0,"(-0.000582, 0.0582]"
2013,I186,0.7633,0.6396,0.4523,0.0793,0.0441,0.0103,0.0015,1,1,0,0,0,0,0,0,"(-0.000582, 0.0582]"
2013,D864,0.2367,0.1423,0.0628,0.0042,0.0011,0.0,0.0,0,0,0,0,0,0,0,0,"(-0.000582, 0.0582]"
2013,ME82,0.5955,0.1435,0.055,0.0037,0.0008,0.0,0.0,3,1,1,1,0,0,0,0,"(-0.000582, 0.0582]"
2013,A596,0.4045,0.0746,0.0192,0.0006,0.0002,0.0,0.0,0,0,0,0,0,0,0,0,"(-0.000582, 0.0582]"
2013,BA65,0.2621,0.0708,0.0093,0.0016,0.0001,0.0,0.0,2,1,1,0,0,0,0,0,"(-0.000582, 0.0582]"
2013,G476,0.7379,0.382,0.1078,0.0466,0.0074,0.001,0.0001,0,0,0,0,0,0,0,0,"(-0.000582, 0.0582]"
2013,CA12,0.5512,0.3126,0.0848,0.0332,0.0046,0.0012,0.0,2,1,1,0,0,0,0,0,"(-0.000582, 0.0582]"
2013,H940,0.4488,0.2346,0.0609,0.022,0.0017,0.0002,0.0,0,0,0,0,0,0,0,0,"(-0.000582, 0.0582]"
2013,H432,0.5027,0.2945,0.2257,0.1476,0.0341,0.0083,0.0015,1,1,0,0,0,0,0,0,"(-0.000582, 0.0582]"
2013,W367,0.4973,0.3005,0.2266,0.1467,0.0338,0.0098,0.0018,0,0,0,0,0,0,0,0,"(-0.000582, 0.0582]"
2013,A479,0.8462,0.385,0.2785,0.1672,0.0317,0.008,0.0013,2,1,1,0,0,0,0,0,"(-0.000582, 0.0582]"
2013,Z254,0.1538,0.02,0.0064,0.0009,0.0,0.0,0.0,0,0,0,0,0,0,0,0,"(-0.000582, 0.0582]"
2013,RA17,0.4456,0.1161,0.0322,0.0071,0.0004,0.0001,0.0,1,1,0,0,0,0,0,0,"(-0.000582, 0.0582]"
2013,ME05,0.5544,0.1628,0.0495,0.0118,0.0007,0.0,0.0,0,0,0,0,0,0,0,0,"(-0.000582, 0.0582]"
2013,S694,0.8226,0.6438,0.3789,0.189,0.0321,0.007,0.0005,1,1,0,0,0,0,0,0,"(-0.000582, 0.0582]"
2013,R977,0.1774,0.0773,0.0179,0.0035,0.0003,0.0,0.0,0,0,0,0,0,0,0,0,"(-0.000582, 0.0582]"
2013,J397,0.7378,0.348,0.1792,0.0744,0.0109,0.0008,0.0001,5,1,1,1,1,1,0,0,"(-0.000582, 0.0582]"
2013,E831,0.2622,0.0596,0.0166,0.0034,0.0001,0.0,0.0,0,0,0,0,0,0,0,0,"(-0.000582, 0.0582]"
2013,M762,0.4075,0.2214,0.1096,0.0438,0.0051,0.0008,0.0001,3,1,1,1,0,0,0,0,"(-0.000582, 0.0582]"
2013,F510,0.5925,0.371,0.2161,0.1012,0.0174,0.004,0.0006,0,0,0,0,0,0,0,0,"(-0.000582, 0.0582]"
2013,R782,0.2069,0.0903,0.0027,0.0007,0.0,0.0,0.0,1,1,0,0,0,0,0,0,"(-0.000582, 0.0582]"
2013,R685,0.7931,0.5746,0.0604,0.026,0.0114,0.0026,0.0002,0,0,0,0,0,0,0,0,"(-0.000582, 0.0582]"
2013,SC77,0.6259,0.2355,0.0108,0.0035,0.0006,0.0002,0.0,2,1,1,0,0,0,0,0,"(-0.000582, 0.0582]"
2013,SC73,0.3741,0.0996,0.0026,0.0004,0.0001,0.0,0.0,0,0,0,0,0,0,0,0,"(-0.000582, 0.0582]"
2013,F324,0.9722,0.7483,0.7061,0.6498,0.5969,0.4117,0.2545,1,1,0,0,0,0,0,0,"(0.233, 0.291]"
2013,H528,0.0278,0.0033,0.001,0.0001,0.0001,0.0,0.0,0,0,0,0,0,0,0,0,"(-0.000582, 0.0582]"
2013,T786,0.947,0.2466,0.2159,0.1657,0.1318,0.0589,0.0226,1,1,0,0,0,0,0,0,"(-0.000582, 0.0582]"
2013,GB88,0.053,0.0018,0.0005,0.0001,0.0,0.0,0.0,0,0,0,0,0,0,0,0,"(-0.000582, 0.0582]"
2013,L397,0.5364,0.3686,0.2285,0.0459,0.0263,0.006,0.0019,2,1,1,0,0,0,0,0,"(-0.000582, 0.0582]"
2013,SD32,0.4636,0.3051,0.1735,0.0282,0.014,0.0039,0.0007,0,0,0,0,0,0,0,0,"(-0.000582, 0.0582]"
2013,G858,0.6115,0.2187,0.0994,0.0116,0.0051,0.001,0.0001,2,1,1,0,0,0,0,0,"(-0.000582, 0.0582]"
2013,R613,0.3885,0.1076,0.0371,0.004,0.0017,0.0001,0.0,0,0,0,0,0,0,0,0,"(-0.000582, 0.0582]"
2013,V306,0.4715,0.2691,0.1249,0.0164,0.0085,0.0015,0.0001,4,1,1,1,1,0,0,0,"(-0.000582, 0.0582]"
2013,M680,0.5285,0.3235,0.1624,0.0244,0.011,0.0026,0.0002,0,0,0,0,0,0,0,0,"(-0.000582, 0.0582]"
2013,B747,0.6755,0.3133,0.1436,0.0212,0.0115,0.0023,0.0001,1,1,0,0,0,0,0,0,"(-0.000582, 0.0582]"
2013,K839,0.3245,0.0941,0.0306,0.002,0.0006,0.0002,0.0001,0,0,0,0,0,0,0,0,"(-0.000582, 0.0582]"
2013,MA21,0.7001,0.4215,0.118,0.0561,0.0072,0.0011,0.0001,2,1,1,0,0,0,0,0,"(-0.000582, 0.0582]"
2013,K624,0.2999,0.12,0.0198,0.0051,0.0002,0.0,0.0,0,0,0,0,0,0,0,0,"(-0.000582, 0.0582]"
2013,R548,0.4791,0.2137,0.0469,0.017,0.0018,0.0001,0.0,1,1,0,0,0,0,0,0,"(-0.000582, 0.0582]"
2013,L797,0.5209,0.2448,0.0593,0.0204,0.0017,0.0003,0.0,0,0,0,0,0,0,0,0,"(-0.000582, 0.0582]"
2013,D750,0.3941,0.0427,0.0136,0.0034,0.0,0.0,0.0,3,1,1,1,0,0,0,0,"(-0.000582, 0.0582]"
2013,L503,0.6059,0.095,0.0439,0.016,0.0008,0.0002,0.0001,0,0,0,0,0,0,0,0,"(-0.000582, 0.0582]"
2013,C977,0.7781,0.6983,0.5957,0.4685,0.1571,0.0577,0.0157,1,1,0,0,0,0,0,0,"(-0.000582, 0.0582]"
2013,B837,0.2219,0.164,0.1028,0.0555,0.0085,0.0017,0.0004,0,0,0,0,0,0,0,0,"(-0.000582, 0.0582]"
2013,T840,0.3392,0.2097,0.1397,0.0493,0.0068,0.001,0.0002,2,1,1,0,0,0,0,0,"(-0.000582, 0.0582]"
2013,T742,0.6608,0.4952,0.3874,0.1873,0.0375,0.0073,0.0014,0,0,0,0,0,0,0,0,"(-0.000582, 0.0582]"
2013,KB54,0.3084,0.0561,0.0239,0.0049,0.0007,0.0002,0.0001,1,1,0,0,0,0,0,0,"(-0.000582, 0.0582]"
2013,M824,0.6916,0.239,0.1452,0.0443,0.0048,0.0006,0.0,0,0,0,0,0,0,0,0,"(-0.000582, 0.0582]"
2013,PD07,0.4716,0.1656,0.038,0.0057,0.0003,0.0,0.0,1,1,0,0,0,0,0,0,"(-0.000582, 0.0582]"
2013,G436,0.5284,0.198,0.0486,0.01,0.0005,0.0004,0.0,0,0,0,0,0,0,0,0,"(-0.000582, 0.0582]"
2013,M850,0.5084,0.3243,0.1126,0.0291,0.0033,0.0003,0.0,1,1,0,0,0,0,0,0,"(-0.000582, 0.0582]"
2013,BE90,0.4916,0.3121,0.1046,0.0274,0.0021,0.0003,0.0001,0,0,0,0,0,0,0,0,"(-0.000582, 0.0582]"
2013,Y061,0.8378,0.6527,0.464,0.1051,0.0605,0.0164,0.0042,3,1,1,1,0,0,0,0,"(-0.000582, 0.0582]"
2013,H756,0.1622,0.0646,0.0217,0.0014,0.0003,0.0001,0.0,0,0,0,0,0,0,0,0,"(-0.000582, 0.0582]"
2013,R419,0.6686,0.2134,0.1031,0.0085,0.0021,0.0003,0.0,2,1,1,0,0,0,0,0,"(-0.000582, 0.0582]"
2013,B842,0.3314,0.0693,0.0207,0.0006,0.0002,0.0,0.0,0,0,0,0,0,0,0,0,"(-0.000582, 0.0582]"
2013,M873,0.8189,0.5555,0.2571,0.0398,0.017,0.0027,0.0004,1,1,0,0,0,0,0,0,"(-0.000582, 0.0582]"
2013,H571,0.1811,0.0565,0.0108,0.0004,0.0001,0.0,0.0,0,0,0,0,0,0,0,0,"(-0.000582, 0.0582]"
2013,L575,0.6727,0.2931,0.101,0.0087,0.0036,0.0006,0.0,1,1,0,0,0,0,0,0,"(-0.000582, 0.0582]"
2013,W503,0.3273,0.0949,0.0216,0.0013,0.0004,0.0,0.0,0,0,0,0,0,0,0,0,"(-0.000582, 0.0582]"
2013,MC10,0.9269,0.9024,0.7308,0.6531,0.5671,0.336,0.1898,7,1,1,1,1,1,1,1,"(0.174, 0.233]"
2013,B896,0.0731,0.0525,0.012,0.0038,0.0011,0.0,0.0,0,0,0,0,0,0,0,0,"(-0.000582, 0.0582]"
2013,W373,0.4968,0.0218,0.0026,0.0005,0.0002,0.0001,0.0,1,1,0,0,0,0,0,0,"(-0.000582, 0.0582]"
2013,O234,0.5032,0.0233,0.0034,0.0008,0.0002,0.0,0.0,0,0,0,0,0,0,0,0,"(-0.000582, 0.0582]"
2013,H355,0.8113,0.5058,0.1403,0.1024,0.0689,0.0258,0.0077,3,1,1,1,0,0,0,0,"(-0.000582, 0.0582]"
2013,T315,0.1887,0.0537,0.0071,0.0026,0.0006,0.0001,0.0001,0,0,0,0,0,0,0,0,"(-0.000582, 0.0582]"
2013,G628,0.8036,0.3984,0.1002,0.07,0.0443,0.0145,0.0035,2,1,1,0,0,0,0,0,"(-0.000582, 0.0582]"
2013,G710,0.1964,0.0421,0.0036,0.001,0.0001,0.0,0.0,0,0,0,0,0,0,0,0,"(-0.000582, 0.0582]"
2014,D643,0.983,0.9469,0.8765,0.7446,0.512,0.4439,0.2895,7,1,1,1,1,1,1,1,"(0.233, 0.291]"
2014,G806,0.017,0.0053,0.0011,0.0001,0.0,0.0,0.0,0,0,0,0,0,0,0,0,"(-0.000582, 0.0582]"
2014,SC77,0.5839,0.0314,0.0128,0.0025,0.0002,0.0,0.0,2,1,1,0,0,0,0,0,"(-0.000582, 0.0582]"
2014,B884,0.4161,0.0164,0.0045,0.001,0.0001,0.0,0.0,0,0,0,0,0,0,0,0,"(-0.000582, 0.0582]"
2014,CA12,0.8781,0.3812,0.0336,0.01,0.0021,0.0008,0.0,3,1,1,1,0,0,0,0,"(-0.000582, 0.0582]"
2014,CB14,0.1219,0.0113,0.0001,0.0,0.0,0.0,0.0,0,0,0,0,0,0,0,0,"(-0.000582, 0.0582]"
2014,ME05,0.3474,0.1783,0.0157,0.0039,0.0006,0.0002,0.0,1,1,0,0,0,0,0,0,"(-0.000582, 0.0582]"
2014,V306,0.6526,0.4292,0.0557,0.0218,0.0054,0.0028,0.0005,0,0,0,0,0,0,0,0,"(-0.000582, 0.0582]"
2014,C977,0.8422,0.7823,0.448,0.1027,0.0367,0.0197,0.0062,4,1,1,1,1,0,0,0,"(-0.000582, 0.0582]"
2014,M850,0.1578,0.1135,0.0244,0.0017,0.0,0.0,0.0,0,0,0,0,0,0,0,0,"(-0.000582, 0.0582]"
2014,H804,0.5664,0.0641,0.0081,0.0002,0.0,0.0,0.0,1,1,0,0,0,0,0,0,"(-0.000582, 0.0582]"
2014,E831,0.4336,0.0401,0.0039,0.0,0.0,0.0,0.0,0,0,0,0,0,0,0,0,"(-0.000582, 0.0582]"
2014,TA46,0.6963,0.2001,0.0716,0.0081,0.0008,0.0005,0.0001,1,1,0,0,0,0,0,0,"(-0.000582, 0.0582]"
2014,D864,0.3037,0.0504,0.0115,0.0007,0.0,0.0,0.0,0,0,0,0,0,0,0,0,"(-0.000582, 0.0582]"
2014,BA47,0.8926,0.7117,0.4247,0.1022,0.0372,0.0224,0.0071,2,1,1,0,0,0,0,0,"(-0.000582, 0.0582]"
2014,H528,0.1074,0.0378,0.0078,0.0005,0.0001,0.0,0.0,0,0,0,0,0,0,0,0,"(-0.000582, 0.0582]"
2014,MC10,0.9685,0.9502,0.8436,0.7263,0.3574,0.29,0.1582,4,1,1,1,1,0,0,0,"(0.116, 0.174]"
2014,GB88,0.0315,0.0177,0.0042,0.0005,0.0,0.0,0.0,0,0,0,0,0,0,0,0,"(-0.000582, 0.0582]"
2014,RA51,0.4993,0.0165,0.0034,0.0005,0.0001,0.0,0.0,1,1,0,0,0,0,0,0,"(-0.000582, 0.0582]"
2014,A596,0.5007,0.0156,0.0024,0.0004,0.0,0.0,0.0,0,0,0,0,0,0,0,0,"(-0.000582, 0.0582]"
2014,H442,0.6025,0.2305,0.0244,0.009,0.0008,0.0001,0.0,1,1,0,0,0,0,0,0,"(-0.000582, 0.0582]"
2014,K839,0.3975,0.1225,0.0095,0.0025,0.0002,0.0,0.0,0,0,0,0,0,0,0,0,"(-0.000582, 0.0582]"
2014,S694,0.8065,0.5762,0.107,0.061,0.0104,0.0039,0.0009,1,1,0,0,0,0,0,0,"(-0.000582, 0.0582]"
2014,C882,0.1935,0.0708,0.0055,0.0007,0.0,0.0,0.0,0,0,0,0,0,0,0,0,"(-0.000582, 0.0582]"
2014,BD06,0.8258,0.5769,0.4604,0.1227,0.026,0.0133,0.0027,2,1,1,0,0,0,0,0,"(-0.000582, 0.0582]"
2014,J386,0.1742,0.0599,0.0266,0.003,0.0002,0.0,0.0,0,0,0,0,0,0,0,0,"(-0.000582, 0.0582]"
2014,A678,0.7945,0.3292,0.225,0.0418,0.0066,0.0029,0.0002,3,1,1,1,0,0,0,0,"(-0.000582, 0.0582]"
2014,BH09,0.2055,0.034,0.0125,0.0007,0.0,0.0,0.0,0,0,0,0,0,0,0,0,"(-0.000582, 0.0582]"
2014,R613,0.8328,0.5589,0.1899,0.0246,0.0027,0.0009,0.0001,1,1,0,0,0,0,0,0,"(-0.000582, 0.0582]"
2014,V254,0.1672,0.0482,0.0047,0.0,0.0,0.0,0.0,0,0,0,0,0,0,0,0,"(-0.000582, 0.0582]"
2014,PC68,0.4034,0.136,0.0233,0.0009,0.0,0.0,0.0,1,1,0,0,0,0,0,0,"(-0.000582, 0.0582]"
2014,G681,0.5966,0.2569,0.0576,0.0054,0.0004,0.0,0.0,0,0,0,0,0,0,0,0,"(-0.000582, 0.0582]"
2014,F510,0.8282,0.329,0.2208,0.1218,0.0469,0.0053,0.0013,2,1,1,0,0,0,0,0,"(-0.000582, 0.0582]"
2014,K737,0.1718,0.0252,0.0083,0.0015,0.0002,0.0,0.0,0,0,0,0,0,0,0,0,"(-0.000582, 0.0582]"
2014,D875,0.8521,0.5961,0.4772,0.3421,0.18,0.0376,0.0098,5,1,1,1,1,1,0,0,"(-0.000582, 0.0582]"
2014,H940,0.1479,0.0497,0.0205,0.0059,0.0011,0.0001,0.0,0,0,0,0,0,0,0,0,"(-0.000582, 0.0582]"
2014,SM09,0.3528,0.0939,0.0131,0.0029,0.0002,0.0,0.0,1,1,0,0,0,0,0,0,"(-0.000582, 0.0582]"
2014,TB69,0.6472,0.2617,0.0548,0.0179,0.0034,0.0002,0.0,0,0,0,0,0,0,0,0,"(-0.000582, 0.0582]"
2014,B896,0.7557,0.5338,0.1889,0.0898,0.0277,0.0024,0.0002,1,1,0,0,0,0,0,0,"(-0.000582, 0.0582]"
2014,Y124,0.2443,0.1106,0.0164,0.0037,0.0009,0.0,0.0,0,0,0,0,0,0,0,0,"(-0.000582, 0.0582]"
2014,D801,0.8282,0.4765,0.2863,0.1349,0.049,0.0071,0.0008,2,1,1,0,0,0,0,0,"(-0.000582, 0.0582]"
2014,G940,0.1718,0.0379,0.0101,0.0012,0.0,0.0,0.0,0,0,0,0,0,0,0,0,"(-0.000582, 0.0582]"
2014,MD56,0.2714,0.0914,0.034,0.0089,0.0018,0.0002,0.0,3,1,1,1,0,0,0,0,"(-0.000582, 0.0582]"
2014,SA93,0.7286,0.3942,0.2292,0.1047,0.0352,0.0039,0.0005,0,0,0,0,0,0,0,0,"(-0.000582, 0.0582]"
2014,SD32,0.8131,0.4794,0.2389,0.0981,0.0291,0.0031,0.0004,2,1,1,0,0,0,0,0,"(-0.000582, 0.0582]"
2014,K776,0.1869,0.0477,0.0082,0.002,0.0001,0.0,0.0,0,0,0,0,0,0,0,0,"(-0.000582, 0.0582]"
2014,B837,0.5366,0.2555,0.1063,0.037,0.0095,0.0007,0.0,1,1,0,0,0,0,0,0,"(-0.000582, 0.0582]"
2014,BA65,0.4634,0.2174,0.087,0.0276,0.0061,0.0005,0.0001,0,0,0,0,0,0,0,0,"(-0.000582, 0.0582]"
2014,KB54,0.3982,0.0391,0.0076,0.0019,0.0005,0.0,0.0,2,1,1,0,0,0,0,0,"(-0.000582, 0.0582]"
2014,E687,0.6018,0.0854,0.0169,0.0043,0.0011,0.0,0.0,0,0,0,0,0,0,0,0,"(-0.000582, 0.0582]"
2014,F401,0.9081,0.8259,0.5771,0.3922,0.2765,0.0761,0.0268,1,1,0,0,0,0,0,0,"(-0.000582, 0.0582]"
2014,CD85,0.0919,0.0496,0.0115,0.0027,0.0005,0.0,0.0,0,0,0,0,0,0,0,0,"(-0.000582, 0.0582]"
2014,W367,0.7521,0.5845,0.2748,0.164,0.099,0.0191,0.0054,4,1,1,1,1,0,0,0,"(-0.000582, 0.0582]"
2014,SH90,0.2479,0.1305,0.034,0.0112,0.0035,0.0,0.0,0,0,0,0,0,0,0,0,"(-0.000582, 0.0582]"
2014,L575,0.8205,0.266,0.0754,0.0258,0.0085,0.0009,0.0002,1,1,0,0,0,0,0,0,"(-0.000582, 0.0582]"
2014,N503,0.1795,0.019,0.0027,0.0,0.0,0.0,0.0,0,0,0,0,0,0,0,0,"(-0.000582, 0.0582]"
2014,R782,0.3908,0.0803,0.0122,0.0011,0.0001,0.0,0.0,1,1,0,0,0,0,0,0,"(-0.000582, 0.0582]"
2014,R368,0.6092,0.1667,0.0338,0.0037,0.001,0.0,0.0,0,0,0,0,0,0,0,0,"(-0.000582, 0.0582]"
2014,I165,0.5523,0.4294,0.1819,0.0593,0.0261,0.0024,0.0004,2,1,1,0,0,0,0,0,"(-0.000582, 0.0582]"
2014,T315,0.4477,0.3236,0.1138,0.0318,0.0112,0.0016,0.0001,0,0,0,0,0,0,0,0,"(-0.000582, 0.0582]"
2014,L397,0.8728,0.7144,0.5391,0.2751,0.1718,0.0371,0.01,3,1,1,1,0,0,0,0,"(-0.000582, 0.0582]"
2014,SE73,0.1272,0.0481,0.0155,0.0021,0.0005,0.0001,0.0,0,0,0,0,0,0,0,0,"(-0.000582, 0.0582]"
2014,PC78,0.2232,0.0244,0.0053,0.0003,0.0,0.0,0.0,1,1,0,0,0,0,0,0,"(-0.000582, 0.0582]"
2014,F444,0.7768,0.2131,0.0984,0.0245,0.0085,0.0002,0.0,0,0,0,0,0,0,0,0,"(-0.000582, 0.0582]"
2014,N289,0.601,0.3347,0.0999,0.0378,0.0054,0.0011,0.0002,1,1,0,0,0,0,0,0,"(-0.000582, 0.0582]"
2014,D874,0.399,0.1787,0.0433,0.0134,0.0015,0.0002,0.0,0,0,0,0,0,0,0,0,"(-0.000582, 0.0582]"
2014,H756,0.4717,0.2225,0.0579,0.0176,0.002,0.0003,0.0,1,1,0,0,0,0,0,0,"(-0.000582, 0.0582]"
2014,PD07,0.5283,0.2641,0.0738,0.0248,0.0024,0.0004,0.0,0,0,0,0,0,0,0,0,"(-0.000582, 0.0582]"
2014,I186,0.8804,0.6394,0.5117,0.3346,0.0849,0.03,0.0068,2,1,1,0,0,0,0,0,"(-0.000582, 0.0582]"
2014,SI57,0.1196,0.0331,0.0125,0.0023,0.0001,0.0,0.0,0,0,0,0,0,0,0,0,"(-0.000582, 0.0582]"
2014,J397,0.7666,0.2864,0.1856,0.0877,0.0137,0.0026,0.0006,2,1,1,0,0,0,0,0,"(-0.000582, 0.0582]"
2014,D616,0.2334,0.0411,0.0153,0.003,0.0002,0.0,0.0,0,0,0,0,0,0,0,0,"(-0.000582, 0.0582]"
2014,H432,0.8606,0.6828,0.4568,0.2608,0.0582,0.019,0.0038,1,1,0,0,0,0,0,0,"(-0.000582, 0.0582]"
2014,P701,0.1394,0.0568,0.0149,0.0038,0.0003,0.0,0.0,0,0,0,0,0,0,0,0,"(-0.000582, 0.0582]"
2014,ME82,0.7698,0.2299,0.0901,0.0312,0.0029,0.0003,0.0,1,1,0,0,0,0,0,0,"(-0.000582, 0.0582]"
2014,R750,0.2302,0.0305,0.0049,0.0006,0.0,0.0,0.0,0,0,0,0,0,0,0,0,"(-0.000582, 0.0582]"
2014,R419,0.6672,0.3576,0.1659,0.0727,0.0116,0.002,0.0003,3,1,1,1,0,0,0,0,"(-0.000582, 0.0582]"
2014,L797,0.3328,0.1239,0.0405,0.0139,0.0012,0.0001,0.0,0,0,0,0,0,0,0,0,"(-0.000582, 0.0582]"
2014,G710,0.3653,0.1585,0.0578,0.0194,0.0018,0.0,0.0,1,1,0,0,0,0,0,0,"(-0.000582, 0.0582]"
2014,M873,0.6347,0.36,0.1691,0.0764,0.0139,0.0027,0.0003,0,0,0,0,0,0,0,0,"(-0.000582, 0.0582]"
2014,G725,0.7271,0.3038,0.0241,0.01,0.003,0.0005,0.0001,2,1,1,0,0,0,0,0,"(-0.000582, 0.0582]"
2014,G676,0.2729,0.058,0.0027,0.0006,0.0001,0.0,0.0,0,0,0,0,0,0,0,0,"(-0.000582, 0.0582]"
2014,MA30,0.3631,0.205,0.0157,0.0062,0.002,0.0002,0.0,1,1,0,0,0,0,0,0,"(-0.000582, 0.0582]"
2014,B747,0.6369,0.4332,0.0474,0.0235,0.0101,0.0027,0.0004,0,0,0,0,0,0,0,0,"(-0.000582, 0.0582]"
2014,F324,0.9799,0.9027,0.8506,0.7843,0.7014,0.5078,0.2951,6,1,1,1,1,1,1,0,"(0.291, 0.349]"
2014,L503,0.0201,0.0041,0.0009,0.0002,0.0,0.0,0.0,0,0,0,0,0,0,0,0,"(-0.000582, 0.0582]"
2014,R975,0.8111,0.0865,0.0563,0.0313,0.0155,0.0047,0.0007,5,1,1,1,1,1,0,0,"(-0.000582, 0.0582]"
2014,E690,0.1889,0.0067,0.0023,0.0004,0.0,0.0,0.0,0,0,0,0,0,0,0,0,"(-0.000582, 0.0582]"
2014,Y061,0.8541,0.6426,0.4802,0.0939,0.0513,0.017,0.0037,1,1,0,0,0,0,0,0,"(-0.000582, 0.0582]"
2014,W503,0.1459,0.0535,0.0179,0.001,0.0,0.0,0.0,0,0,0,0,0,0,0,0,"(-0.000582, 0.0582]"
2014,SM25,0.5698,0.1819,0.0947,0.0095,0.0032,0.0005,0.0,1,1,0,0,0,0,0,0,"(-0.000582, 0.0582]"
2014,H996,0.4302,0.122,0.0556,0.0039,0.0012,0.0001,0.0,0,0,0,0,0,0,0,0,"(-0.000582, 0.0582]"
2014,K540,0.5152,0.2197,0.0653,0.0051,0.0012,0.0002,0.0,2,1,1,0,0,0,0,0,"(-0.000582, 0.0582]"
2014,SL28,0.4848,0.2026,0.0606,0.0043,0.0011,0.0,0.0,0,0,0,0,0,0,0,0,"(-0.000582, 0.0582]"
2014,L987,0.3036,0.1295,0.0324,0.0024,0.0005,0.0,0.0,1,1,0,0,0,0,0,0,"(-0.000582, 0.0582]"
2014,G476,0.6964,0.4482,0.1933,0.0234,0.0093,0.002,0.0002,0,0,0,0,0,0,0,0,"(-0.000582, 0.0582]"
2014,K435,0.8223,0.6436,0.3243,0.1902,0.0606,0.0149,0.0027,1,1,0,0,0,0,0,0,"(-0.000582, 0.0582]"
2014,SF36,0.1777,0.0777,0.0164,0.0031,0.0002,0.0,0.0,0,0,0,0,0,0,0,0,"(-0.000582, 0.0582]"
2014,BA98,0.6955,0.2242,0.0703,0.0238,0.0034,0.0003,0.0,2,1,1,0,0,0,0,0,"(-0.000582, 0.0582]"
2014,I230,0.3045,0.0545,0.0104,0.0017,0.0002,0.0,0.0,0,0,0,0,0,0,0,0,"(-0.000582, 0.0582]"
2014,KB09,0.6154,0.1128,0.0294,0.0074,0.0008,0.0001,0.0,1,1,0,0,0,0,0,0,"(-0.000582, 0.0582]"
2014,K771,0.3846,0.047,0.0094,0.0021,0.0,0.0,0.0,0,0,0,0,0,0,0,0,"(-0.000582, 0.0582]"
2014,N552,0.8696,0.7695,0.521,0.3488,0.1302,0.0416,0.0108,3,1,1,1,0,0,0,0,"(-0.000582, 0.0582]"
2014,D750,0.1304,0.0707,0.0188,0.005,0.0008,0.0,0.0,0,0,0,0,0,0,0,0,"(-0.000582, 0.0582]"
2014,G628,0.8672,0.7329,0.6157,0.3335,0.1138,0.0321,0.0082,1,1,0,0,0,0,0,0,"(-0.000582, 0.0582]"
2014,D994,0.1328,0.0591,0.0259,0.004,0.0003,0.0,0.0,0,0,0,0,0,0,0,0,"(-0.000582, 0.0582]"
2014,KE17,0.4578,0.0865,0.0397,0.0083,0.0011,0.0003,0.0,4,1,1,1,1,0,0,0,"(-0.000582, 0.0582]"
2014,R612,0.5422,0.1215,0.0594,0.0125,0.0015,0.0001,0.0,0,0,0,0,0,0,0,0,"(-0.000582, 0.0582]"
2014,V708,0.5806,0.3988,0.1242,0.0325,0.0058,0.0007,0.0001,2,1,1,0,0,0,0,0,"(-0.000582, 0.0582]"
2014,E224,0.4194,0.2547,0.069,0.0168,0.0013,0.0003,0.0,0,0,0,0,0,0,0,0,"(-0.000582, 0.0582]"
2014,W373,0.5526,0.2005,0.0397,0.006,0.0007,0.0001,0.0,2,1,1,0,0,0,0,0,"(-0.000582, 0.0582]"
2014,G892,0.4474,0.146,0.0264,0.0043,0.0,0.0,0.0,0,0,0,0,0,0,0,0,"(-0.000582, 0.0582]"
2014,MC65,0.8,0.5287,0.4238,0.1177,0.0587,0.0169,0.0042,1,1,0,0,0,0,0,0,"(-0.000582, 0.0582]"
2014,J267,0.2,0.0631,0.0297,0.0031,0.0005,0.0,0.0,0,0,0,0,0,0,0,0,"(-0.000582, 0.0582]"
2014,D499,0.2379,0.0557,0.0248,0.0025,0.0006,0.0,0.0,1,1,0,0,0,0,0,0,"(-0.000582, 0.0582]"
2014,K336,0.7621,0.3525,0.2572,0.051,0.0215,0.004,0.0007,0,0,0,0,0,0,0,0,"(-0.000582, 0.0582]"
2014,K926,0.4011,0.1216,0.0182,0.0006,0.0001,0.0,0.0,2,1,1,0,0,0,0,0,"(-0.000582, 0.0582]"
2014,SC56,0.5989,0.2354,0.053,0.0043,0.0009,0.0001,0.0,0,0,0,0,0,0,0,0,"(-0.000582, 0.0582]"
2014,R685,0.5889,0.3925,0.1283,0.0157,0.0043,0.0005,0.0,1,1,0,0,0,0,0,0,"(-0.000582, 0.0582]"
2014,PD31,0.4111,0.2505,0.065,0.0067,0.0016,0.0003,0.0,0,0,0,0,0,0,0,0,"(-0.000582, 0.0582]"
2014,N409,0.9083,0.8136,0.6591,0.5822,0.4759,0.2589,0.1307,3,1,1,1,0,0,0,0,"(0.116, 0.174]"
2014,K966,0.0917,0.0412,0.011,0.0043,0.0011,0.0002,0.0,0,0,0,0,0,0,0,0,"(-0.000582, 0.0582]"
2014,Q927,0.864,0.1404,0.0529,0.0274,0.011,0.0023,0.0004,1,1,0,0,0,0,0,0,"(-0.000582, 0.0582]"
2014,KA98,0.136,0.0048,0.0006,0.0001,0.0001,0.0001,0.0,0,0,0,0,0,0,0,0,"(-0.000582, 0.0582]"
2014,T786,0.7468,0.5405,0.1857,0.1354,0.0824,0.0272,0.0075,3,1,1,1,0,0,0,0,"(-0.000582, 0.0582]"
2014,M762,0.2532,0.1198,0.0193,0.0089,0.0032,0.0005,0.0001,0,0,0,0,0,0,0,0,"(-0.000582, 0.0582]"
2014,G858,0.849,0.3228,0.0705,0.0398,0.0174,0.0041,0.0009,1,1,0,0,0,0,0,0,"(-0.000582, 0.0582]"
2014,Z254,0.151,0.0169,0.0009,0.0003,0.0,0.0,0.0,0,0,0,0,0,0,0,0,"(-0.000582, 0.0582]"
2015,D643,0.9252,0.9131,0.8438,0.7612,0.6913,0.6286,0.4212,7,1,1,1,1,1,1,1,"(0.407, 0.465]"
2015,K435,0.0748,0.062,0.0333,0.0169,0.0085,0.0045,0.0008,0,0,0,0,0,0,0,0,"(-0.000582, 0.0582]"
2015,BE90,0.4194,0.0093,0.002,0.0002,0.0,0.0,0.0,1,1,0,0,0,0,0,0,"(-0.000582, 0.0582]"
2015,H804,0.5806,0.0156,0.0038,0.0005,0.0,0.0,0.0,0,0,0,0,0,0,0,0,"(-0.000582, 0.0582]"
2015,E690,0.4372,0.0618,0.0017,0.0007,0.0001,0.0,0.0,1,1,0,0,0,0,0,0,"(-0.000582, 0.0582]"
2015,RA51,0.5628,0.0966,0.0035,0.0007,0.0001,0.0001,0.0,0,0,0,0,0,0,0,0,"(-0.000582, 0.0582]"
2015,I186,0.8809,0.7798,0.11,0.059,0.0315,0.017,0.0029,2,1,1,0,0,0,0,0,"(-0.000582, 0.0582]"
2015,SC47,0.1191,0.0618,0.0019,0.0003,0.0003,0.0002,0.0,0,0,0,0,0,0,0,0,"(-0.000582, 0.0582]"
2015,KB09,0.3909,0.1665,0.0286,0.0012,0.0001,0.0,0.0,3,1,1,1,0,0,0,0,"(-0.000582, 0.0582]"
2015,C882,0.6091,0.3267,0.0864,0.006,0.0013,0.0003,0.0,0,0,0,0,0,0,0,0,"(-0.000582, 0.0582]"
2015,Z355,0.6126,0.3355,0.0873,0.0058,0.0015,0.0007,0.0,1,1,0,0,0,0,0,0,"(-0.000582, 0.0582]"
2015,G681,0.3874,0.1713,0.0313,0.0006,0.0002,0.0,0.0,0,0,0,0,0,0,0,0,"(-0.000582, 0.0582]"
2015,G725,0.6198,0.1151,0.0597,0.0029,0.0008,0.0002,0.0,2,1,1,0,0,0,0,0,"(-0.000582, 0.0582]"
2015,SG64,0.3802,0.0505,0.0212,0.0004,0.0,0.0,0.0,0,0,0,0,0,0,0,0,"(-0.000582, 0.0582]"
2015,N552,0.763,0.6678,0.5761,0.1309,0.0906,0.056,0.0174,1,1,0,0,0,0,0,0,"(-0.000582, 0.0582]"
2015,BA98,0.237,0.1666,0.1094,0.0127,0.0057,0.0018,0.0003,0,0,0,0,0,0,0,0,"(-0.000582, 0.0582]"
2015,W367,0.8217,0.6806,0.4915,0.382,0.0955,0.0619,0.0159,4,1,1,1,1,0,0,0,"(-0.000582, 0.0582]"
2015,SH90,0.1783,0.0898,0.0354,0.0157,0.001,0.0003,0.0,0,0,0,0,0,0,0,0,"(-0.000582, 0.0582]"
2015,E224,0.3478,0.0577,0.0153,0.0047,0.0003,0.0001,0.0,1,1,0,0,0,0,0,0,"(-0.000582, 0.0582]"
2015,B896,0.6522,0.1719,0.0708,0.0351,0.0032,0.0009,0.0,0,0,0,0,0,0,0,0,"(-0.000582, 0.0582]"
2015,V306,0.67,0.3791,0.1571,0.0981,0.0138,0.0069,0.0008,2,1,1,0,0,0,0,0,"(-0.000582, 0.0582]"
2015,K966,0.33,0.1334,0.0379,0.0172,0.0019,0.0003,0.0,0,0,0,0,0,0,0,0,"(-0.000582, 0.0582]"
2015,N289,0.2653,0.0797,0.0189,0.0074,0.0001,0.0001,0.0,1,1,0,0,0,0,0,0,"(-0.000582, 0.0582]"
2015,H432,0.7347,0.4078,0.1731,0.1076,0.0157,0.0061,0.0012,0,0,0,0,0,0,0,0,"(-0.000582, 0.0582]"
2015,TB69,0.5314,0.2098,0.0923,0.0237,0.0011,0.0003,0.0,1,1,0,0,0,0,0,0,"(-0.000582, 0.0582]"
2015,SC56,0.4686,0.1675,0.0696,0.0159,0.0006,0.0003,0.0,0,0,0,0,0,0,0,0,"(-0.000582, 0.0582]"
2015,MH30,0.2268,0.0876,0.0282,0.004,0.0,0.0,0.0,1,1,0,0,0,0,0,0,"(-0.000582, 0.0582]"
2015,R419,0.7732,0.5351,0.3264,0.1279,0.0162,0.0061,0.0009,0,0,0,0,0,0,0,0,"(-0.000582, 0.0582]"
2015,B837,0.7878,0.5696,0.3322,0.1313,0.0171,0.0054,0.0006,2,1,1,0,0,0,0,0,"(-0.000582, 0.0582]"
2015,Y124,0.2122,0.0879,0.0255,0.0032,0.0,0.0,0.0,0,0,0,0,0,0,0,0,"(-0.000582, 0.0582]"
2015,BI23,0.3075,0.0709,0.0161,0.0016,0.0,0.0,0.0,1,1,0,0,0,0,0,0,"(-0.000582, 0.0582]"
2015,ME05,0.6925,0.2716,0.1097,0.0246,0.0015,0.0003,0.0,0,0,0,0,0,0,0,0,"(-0.000582, 0.0582]"
2015,GB88,0.7754,0.2468,0.1581,0.0582,0.0196,0.0019,0.0003,3,1,1,1,0,0,0,0,"(-0.000582, 0.0582]"
2015,Z184,0.2246,0.0299,0.0097,0.0012,0.0001,0.0,0.0,0,0,0,0,0,0,0,0,"(-0.000582, 0.0582]"
2015,D875,0.8736,0.676,0.5556,0.3447,0.2018,0.046,0.0098,2,1,1,0,0,0,0,0,"(-0.000582, 0.0582]"
2015,D874,0.1264,0.0473,0.0205,0.0036,0.0005,0.0001,0.0,0,0,0,0,0,0,0,0,"(-0.000582, 0.0582]"
2015,J386,0.6795,0.5072,0.1679,0.0609,0.0184,0.0019,0.0002,1,1,0,0,0,0,0,0,"(-0.000582, 0.0582]"
2015,L797,0.3205,0.1918,0.038,0.007,0.0008,0.0002,0.0,0,0,0,0,0,0,0,0,"(-0.000582, 0.0582]"
2015,D750,0.5928,0.1957,0.036,0.0065,0.0009,0.0,0.0,1,1,0,0,0,0,0,0,"(-0.000582, 0.0582]"
2015,SJ55,0.4072,0.1053,0.0142,0.0016,0.0004,0.0,0.0,0,0,0,0,0,0,0,0,"(-0.000582, 0.0582]"
2015,G628,0.8493,0.5296,0.3621,0.2182,0.1182,0.0229,0.0052,5,1,1,1,1,1,0,0,"(-0.000582, 0.0582]"
2015,SM09,0.1507,0.0381,0.0119,0.0026,0.0002,0.0001,0.0,0,0,0,0,0,0,0,0,"(-0.000582, 0.0582]"
2015,KE17,0.827,0.3991,0.2459,0.1311,0.061,0.0109,0.0016,3,1,1,1,0,0,0,0,"(-0.000582, 0.0582]"
2015,SM37,0.173,0.0332,0.0084,0.0022,0.0001,0.0,0.0,0,0,0,0,0,0,0,0,"(-0.000582, 0.0582]"
2015,H996,0.3801,0.093,0.0181,0.0046,0.0004,0.0,0.0,1,1,0,0,0,0,0,0,"(-0.000582, 0.0582]"
2015,CH27,0.6199,0.2019,0.0522,0.0166,0.004,0.0003,0.0,0,0,0,0,0,0,0,0,"(-0.000582, 0.0582]"
2015,MA21,0.3373,0.2009,0.0629,0.0232,0.0068,0.0005,0.0002,1,1,0,0,0,0,0,0,"(-0.000582, 0.0582]"
2015,MB02,0.6627,0.5042,0.2385,0.1178,0.0522,0.0087,0.0008,0,0,0,0,0,0,0,0,"(-0.000582, 0.0582]"
2015,H355,0.8394,0.4261,0.3571,0.2291,0.1329,0.0299,0.0078,1,1,0,0,0,0,0,0,"(-0.000582, 0.0582]"
2015,L987,0.1606,0.0303,0.0151,0.003,0.0007,0.0,0.0,0,0,0,0,0,0,0,0,"(-0.000582, 0.0582]"
2015,R975,0.9144,0.5314,0.4556,0.2968,0.1789,0.0444,0.0117,2,1,1,0,0,0,0,0,"(-0.000582, 0.0582]"
2015,G676,0.0856,0.0122,0.0053,0.0013,0.0001,0.0,0.0,0,0,0,0,0,0,0,0,"(-0.000582, 0.0582]"
2015,W503,0.3719,0.135,0.0134,0.0026,0.0002,0.0,0.0,2,1,1,0,0,0,0,0,"(-0.000582, 0.0582]"
2015,V495,0.6281,0.3034,0.0514,0.0151,0.004,0.0002,0.0001,0,0,0,0,0,0,0,0,"(-0.000582, 0.0582]"
2015,V708,0.6921,0.4293,0.0879,0.0255,0.0045,0.0006,0.0,1,1,0,0,0,0,0,0,"(-0.000582, 0.0582]"
2015,L503,0.3079,0.1323,0.0142,0.0022,0.0004,0.0,0.0,0,0,0,0,0,0,0,0,"(-0.000582, 0.0582]"
2015,PD07,0.6726,0.2883,0.0781,0.0214,0.0061,0.0005,0.0,4,1,1,1,1,0,0,0,"(-0.000582, 0.0582]"
2015,ME31,0.3274,0.0921,0.0144,0.0018,0.0004,0.0,0.0,0,0,0,0,0,0,0,0,"(-0.000582, 0.0582]"
2015,F510,0.7024,0.4798,0.202,0.0767,0.0291,0.0047,0.0004,1,1,0,0,0,0,0,0,"(-0.000582, 0.0582]"
2015,SF62,0.2976,0.1398,0.0278,0.0063,0.0009,0.0,0.0,0,0,0,0,0,0,0,0,"(-0.000582, 0.0582]"
2015,T840,0.885,0.5499,0.3959,0.2015,0.1061,0.0206,0.0034,3,1,1,1,0,0,0,0,"(-0.000582, 0.0582]"
2015,N503,0.115,0.0191,0.0047,0.0007,0.0001,0.0,0.0,0,0,0,0,0,0,0,0,"(-0.000582, 0.0582]"
2015,BH09,0.2322,0.0575,0.0244,0.0057,0.0015,0.0001,0.0,1,1,0,0,0,0,0,0,"(-0.000582, 0.0582]"
2015,S694,0.7678,0.3735,0.2527,0.1103,0.0487,0.0071,0.0013,0,0,0,0,0,0,0,0,"(-0.000582, 0.0582]"
2015,BA65,0.3466,0.1222,0.0119,0.0036,0.0002,0.0,0.0,2,1,1,0,0,0,0,0,"(-0.000582, 0.0582]"
2015,L575,0.6534,0.3245,0.0559,0.0233,0.0045,0.0012,0.0001,0,0,0,0,0,0,0,0,"(-0.000582, 0.0582]"
2015,TA46,0.8314,0.5109,0.1067,0.0501,0.0102,0.0018,0.0006,2,1,1,0,0,0,0,0,"(-0.000582, 0.0582]"
2015,SL28,0.1686,0.0424,0.0012,0.0002,0.0,0.0,0.0,0,0,0,0,0,0,0,0,"(-0.000582, 0.0582]"
2015,N409,0.9016,0.6157,0.5367,0.4423,0.2095,0.1004,0.038,1,1,0,0,0,0,0,0,"(-0.000582, 0.0582]"
2015,BD20,0.0984,0.0183,0.0071,0.0022,0.0007,0.0001,0.0,0,0,0,0,0,0,0,0,"(-0.000582, 0.0582]"
2015,T786,0.7476,0.3129,0.2495,0.1799,0.0639,0.022,0.0059,2,1,1,0,0,0,0,0,"(-0.000582, 0.0582]"
2015,MA30,0.2524,0.0531,0.031,0.014,0.0026,0.0005,0.0002,0,0,0,0,0,0,0,0,"(-0.000582, 0.0582]"
2015,R772,0.2319,0.0661,0.0155,0.0018,0.0002,0.0001,0.0,1,1,0,0,0,0,0,0,"(-0.000582, 0.0582]"
2015,I165,0.7681,0.4024,0.2031,0.0539,0.0114,0.0025,0.0001,0,0,0,0,0,0,0,0,"(-0.000582, 0.0582]"
2015,D801,0.908,0.5186,0.2604,0.0741,0.0147,0.0032,0.0006,1,1,0,0,0,0,0,0,"(-0.000582, 0.0582]"
2015,E831,0.092,0.0129,0.0014,0.0001,0.0,0.0,0.0,0,0,0,0,0,0,0,0,"(-0.000582, 0.0582]"
2015,K336,0.7894,0.4299,0.2295,0.0692,0.017,0.0036,0.0002,3,1,1,1,0,0,0,0,"(-0.000582, 0.0582]"
2015,Y218,0.2106,0.051,0.0124,0.0017,0.0,0.0,0.0,0,0,0,0,0,0,0,0,"(-0.000582, 0.0582]"
2015,SA93,0.8251,0.4762,0.2683,0.0826,0.0195,0.0042,0.0005,2,1,1,0,0,0,0,0,"(-0.000582, 0.0582]"
2015,K964,0.1749,0.0429,0.0094,0.001,0.0001,0.0,0.0,0,0,0,0,0,0,0,0,"(-0.000582, 0.0582]"
2015,CG80,0.4975,0.2701,0.0226,0.0101,0.0017,0.0002,0.0,1,1,0,0,0,0,0,0,"(-0.000582, 0.0582]"
2015,SC77,0.5025,0.2759,0.0278,0.0119,0.0022,0.0004,0.0001,0,0,0,0,0,0,0,0,"(-0.000582, 0.0582]"
2015,H756,0.5521,0.2648,0.0217,0.0095,0.0013,0.0005,0.0,1,1,0,0,0,0,0,0,"(-0.000582, 0.0582]"
2015,F444,0.4479,0.1892,0.0138,0.006,0.0013,0.0002,0.0001,0,0,0,0,0,0,0,0,"(-0.000582, 0.0582]"
2015,MC10,0.9659,0.7884,0.7432,0.6943,0.5367,0.3198,0.1753,5,1,1,1,1,1,0,0,"(0.174, 0.233]"
2015,K926,0.0341,0.0053,0.0021,0.0008,0.0003,0.0,0.0,0,0,0,0,0,0,0,0,"(-0.000582, 0.0582]"
2015,BA47,0.7864,0.1882,0.1578,0.124,0.0649,0.0238,0.008,3,1,1,1,0,0,0,0,"(-0.000582, 0.0582]"
2015,CA12,0.2136,0.0181,0.011,0.0049,0.001,0.0003,0.0,0,0,0,0,0,0,0,0,"(-0.000582, 0.0582]"
2015,MD56,0.6076,0.3022,0.1811,0.0292,0.0063,0.0013,0.0004,2,1,1,0,0,0,0,0,"(-0.000582, 0.0582]"
2015,KD46,0.3924,0.1595,0.0735,0.0074,0.0018,0.0004,0.0001,0,0,0,0,0,0,0,0,"(-0.000582, 0.0582]"
2015,M873,0.7575,0.454,0.294,0.0518,0.0161,0.0032,0.0002,1,1,0,0,0,0,0,0,"(-0.000582, 0.0582]"
2015,KB05,0.2425,0.0843,0.0318,0.0024,0.0003,0.0,0.0,0,0,0,0,0,0,0,0,"(-0.000582, 0.0582]"
2015,R685,0.4179,0.2082,0.0758,0.0068,0.001,0.0001,0.0,1,1,0,0,0,0,0,0,"(-0.000582, 0.0582]"
2015,G858,0.5821,0.3343,0.1525,0.0191,0.0049,0.0006,0.0,0,0,0,0,0,0,0,0,"(-0.000582, 0.0582]"
2015,A596,0.2509,0.0645,0.0126,0.0012,0.0004,0.0,0.0,2,1,1,0,0,0,0,0,"(-0.000582, 0.0582]"
2015,G476,0.7491,0.393,0.1787,0.0206,0.0053,0.001,0.0002,0,0,0,0,0,0,0,0,"(-0.000582, 0.0582]"
2015,MC65,0.8784,0.6986,0.4404,0.2945,0.0771,0.0222,0.0044,2,1,1,0,0,0,0,0,"(-0.000582, 0.0582]"
2015,CD85,0.1216,0.042,0.0096,0.0017,0.0,0.0,0.0,0,0,0,0,0,0,0,0,"(-0.000582, 0.0582]"
2015,ME82,0.6638,0.198,0.0748,0.0273,0.0026,0.0004,0.0001,1,1,0,0,0,0,0,0,"(-0.000582, 0.0582]"
2015,B678,0.3362,0.0614,0.017,0.0036,0.0003,0.0,0.0,0,0,0,0,0,0,0,0,"(-0.000582, 0.0582]"
2015,K834,0.4137,0.0511,0.0061,0.001,0.0,0.0,0.0,1,1,0,0,0,0,0,0,"(-0.000582, 0.0582]"
2015,SE73,0.5863,0.0973,0.0197,0.005,0.0,0.0,0.0,0,0,0,0,0,0,0,0,"(-0.000582, 0.0582]"
2015,SD32,0.6023,0.5237,0.284,0.1766,0.0372,0.0091,0.0017,4,1,1,1,1,0,0,0,"(-0.000582, 0.0582]"
2015,A479,0.3977,0.3279,0.1484,0.0832,0.0131,0.002,0.0004,0,0,0,0,0,0,0,0,"(-0.000582, 0.0582]"
2015,L397,0.6548,0.5472,0.3674,0.185,0.0356,0.0065,0.002,1,1,0,0,0,0,0,0,"(-0.000582, 0.0582]"
2015,D632,0.3452,0.2556,0.1258,0.0438,0.0056,0.0003,0.0,0,0,0,0,0,0,0,0,"(-0.000582, 0.0582]"
2015,BG23,0.422,0.0677,0.0165,0.0033,0.0002,0.0002,0.0,2,1,1,0,0,0,0,0,"(-0.000582, 0.0582]"
2015,BF23,0.578,0.1295,0.0383,0.0073,0.0004,0.0,0.0,0,0,0,0,0,0,0,0,"(-0.000582, 0.0582]"
2015,PD31,0.2832,0.0871,0.0251,0.0051,0.0004,0.0002,0.0,1,1,0,0,0,0,0,0,"(-0.000582, 0.0582]"
2015,Y061,0.7168,0.3875,0.1886,0.0741,0.0094,0.0016,0.0002,0,0,0,0,0,0,0,0,"(-0.000582, 0.0582]"
2015,G710,0.3862,0.1777,0.069,0.0204,0.0028,0.0002,0.0001,1,1,0,0,0,0,0,0,"(-0.000582, 0.0582]"
2015,T742,0.6138,0.3477,0.1693,0.0681,0.0105,0.0013,0.0002,0,0,0,0,0,0,0,0,"(-0.000582, 0.0582]"
2015,BD06,0.8632,0.4745,0.2912,0.0476,0.0228,0.0056,0.001,3,1,1,1,0,0,0,0,"(-0.000582, 0.0582]"
2015,BE54,0.1368,0.0219,0.0049,0.0003,0.0,0.0,0.0,0,0,0,0,0,0,0,0,"(-0.000582, 0.0582]"
2015,G940,0.323,0.1258,0.0568,0.0056,0.0013,0.0,0.0,2,1,1,0,0,0,0,0,"(-0.000582, 0.0582]"
2015,SM25,0.677,0.3778,0.2332,0.0364,0.0201,0.0042,0.001,0,0,0,0,0,0,0,0,"(-0.000582, 0.0582]"
2015,D994,0.5519,0.1523,0.0356,0.0025,0.0006,0.0,0.0,1,1,0,0,0,0,0,0,"(-0.000582, 0.0582]"
2015,J267,0.4481,0.1069,0.0205,0.001,0.0001,0.0001,0.0001,0,0,0,0,0,0,0,0,"(-0.000582, 0.0582]"
2015,Q927,0.8123,0.6469,0.337,0.0528,0.0265,0.0051,0.0005,1,1,0,0,0,0,0,0,"(-0.000582, 0.0582]"
2015,SF36,0.1877,0.0939,0.0208,0.0006,0.0001,0.0,0.0,0,0,0,0,0,0,0,0,"(-0.000582, 0.0582]"
2015,F324,0.9662,0.9011,0.7778,0.7136,0.6482,0.4233,0.2467,6,1,1,1,1,1,1,0,"(0.233, 0.291]"
2015,D923,0.0338,0.011,0.0014,0.0001,0.0,0.0,0.0,0,0,0,0,0,0,0,0,"(-0.000582, 0.0582]"
2015,K771,0.1673,0.0037,0.0005,0.0,0.0,0.0,0.0,1,1,0,0,0,0,0,0,"(-0.000582, 0.0582]"
2015,J397,0.8327,0.0842,0.0306,0.0143,0.0064,0.0013,0.0002,0,0,0,0,0,0,0,0,"(-0.000582, 0.0582]"
2015,A678,0.866,0.4546,0.0836,0.0542,0.0333,0.0109,0.0026,3,1,1,1,0,0,0,0,"(-0.000582, 0.0582]"
2015,PF39,0.134,0.0222,0.0007,0.0002,0.0,0.0,0.0,0,0,0,0,0,0,0,0,"(-0.000582, 0.0582]"
2015,C977,0.9061,0.5084,0.1048,0.0706,0.0454,0.0141,0.0034,4,1,1,1,1,0,0,0,"(-0.000582, 0.0582]"
2015,MI01,0.0939,0.0148,0.0006,0.0002,0.0,0.0,0.0,0,0,0,0,0,0,0,0,"(-0.000582, 0.0582]"
2016,D643,0.9928,0.9667,0.9365,0.8694,0.7884,0.6027,0.4437,2,1,1,0,0,0,0,0,"(0.407, 0.465]"
2016,W503,0.0072,0.0014,0.0002,0.0,0.0,0.0,0.0,0,0,0,0,0,0,0,0,"(-0.000582, 0.0582]"
2016,ME82,0.7134,0.0264,0.0157,0.0063,0.0018,0.0002,0.0,1,1,0,0,0,0,0,0,"(-0.000582, 0.0582]"
2016,E831,0.2866,0.0055,0.002,0.0004,0.0,0.0,0.0,0,0,0,0,0,0,0,0,"(-0.000582, 0.0582]"
2016,BD20,0.5581,0.1869,0.0059,0.0016,0.0002,0.0001,0.0,1,1,0,0,0,0,0,0,"(-0.000582, 0.0582]"
2016,BE54,0.4419,0.1328,0.0029,0.0005,0.0001,0.0,0.0,0,0,0,0,0,0,0,0,"(-0.000582, 0.0582]"
2016,Q927,0.7056,0.5208,0.0325,0.0115,0.004,0.0013,0.0004,4,1,1,1,1,0,0,0,"(-0.000582, 0.0582]"
2016,R685,0.2944,0.1595,0.0043,0.0008,0.0002,0.0001,0.0,0,0,0,0,0,0,0,0,"(-0.000582, 0.0582]"
2016,H996,0.1618,0.0769,0.019,0.0005,0.0001,0.0001,0.0,2,1,1,0,0,0,0,0,"(-0.000582, 0.0582]"
2016,K435,0.8382,0.7005,0.4484,0.0591,0.0314,0.0095,0.0025,0,0,0,0,0,0,0,0,"(-0.000582, 0.0582]"
2016,D923,0.5651,0.1316,0.0393,0.0013,0.0002,0.0,0.0,1,1,0,0,0,0,0,0,"(-0.000582, 0.0582]"
2016,KB09,0.4349,0.091,0.0207,0.0006,0.0003,0.0,0.0,0,0,0,0,0,0,0,0,"(-0.000582, 0.0582]"
2016,M873,0.8682,0.4248,0.1977,0.0175,0.0075,0.0023,0.0003,3,1,1,1,0,0,0,0,"(-0.000582, 0.0582]"
2016,K964,0.1318,0.0197,0.0031,0.0,0.0,0.0,0.0,0,0,0,0,0,0,0,0,"(-0.000582, 0.0582]"
2016,F401,0.7811,0.4806,0.2536,0.0297,0.0147,0.0038,0.0015,1,1,0,0,0,0,0,0,"(-0.000582, 0.0582]"
2016,SC56,0.2189,0.0749,0.0182,0.0008,0.0003,0.0,0.0,0,0,0,0,0,0,0,0,"(-0.000582, 0.0582]"
2016,GB88,0.9061,0.7361,0.4396,0.1957,0.0266,0.0077,0.0022,3,1,1,1,0,0,0,0,"(-0.000582, 0.0582]"
2016,W579,0.0939,0.029,0.0042,0.0003,0.0,0.0,0.0,0,0,0,0,0,0,0,0,"(-0.000582, 0.0582]"
2016,R613,0.5913,0.155,0.0439,0.008,0.0005,0.0,0.0,1,1,0,0,0,0,0,0,"(-0.000582, 0.0582]"
2016,G681,0.4087,0.0799,0.0188,0.0034,0.0003,0.0,0.0,0,0,0,0,0,0,0,0,"(-0.000582, 0.0582]"
2016,A479,0.8091,0.3383,0.1494,0.0501,0.0037,0.0007,0.0001,1,1,0,0,0,0,0,0,"(-0.000582, 0.0582]"
2016,SC73,0.1909,0.0304,0.0051,0.0007,0.0,0.0,0.0,0,0,0,0,0,0,0,0,"(-0.000582, 0.0582]"
2016,I165,0.2698,0.1234,0.0465,0.0132,0.0008,0.0001,0.0,2,1,1,0,0,0,0,0,"(-0.000582, 0.0582]"
2016,A678,0.7302,0.5079,0.2925,0.133,0.0188,0.0033,0.0002,0,0,0,0,0,0,0,0,"(-0.000582, 0.0582]"
2016,SM25,0.7255,0.5412,0.1986,0.0985,0.0093,0.0023,0.0005,2,1,1,0,0,0,0,0,"(-0.000582, 0.0582]"
2016,G858,0.2745,0.142,0.0291,0.0077,0.0005,0.0,0.0,0,0,0,0,0,0,0,0,"(-0.000582, 0.0582]"
2016,H756,0.6617,0.2431,0.0485,0.015,0.0003,0.0,0.0,1,1,0,0,0,0,0,0,"(-0.000582, 0.0582]"
2016,SM37,0.3383,0.0737,0.0096,0.0015,0.0001,0.0,0.0,0,0,0,0,0,0,0,0,"(-0.000582, 0.0582]"
2016,SA93,0.6867,0.2108,0.1196,0.0585,0.0057,0.001,0.0003,1,1,0,0,0,0,0,0,"(-0.000582, 0.0582]"
2016,G476,0.3133,0.0571,0.0226,0.0073,0.0003,0.0,0.0,0,0,0,0,0,0,0,0,"(-0.000582, 0.0582]"
2016,R975,0.898,0.7,0.5598,0.4033,0.0837,0.03,0.011,6,1,1,1,1,1,1,0,"(-0.000582, 0.0582]"
2016,CD85,0.102,0.0321,0.0122,0.0038,0.0002,0.0,0.0,0,0,0,0,0,0,0,0,"(-0.000582, 0.0582]"
2016,F324,0.9746,0.9526,0.8921,0.7912,0.656,0.272,0.1643,5,1,1,1,1,1,0,0,"(0.116, 0.174]"
2016,PC11,0.0254,0.0145,0.0062,0.0014,0.0003,0.0,0.0,0,0,0,0,0,0,0,0,"(-0.000582, 0.0582]"
2016,W521,0.5796,0.0211,0.0063,0.0007,0.0001,0.0,0.0,1,1,0,0,0,0,0,0,"(-0.000582, 0.0582]"
2016,BE90,0.4204,0.0118,0.0022,0.0003,0.0,0.0,0.0,0,0,0,0,0,0,0,0,"(-0.000582, 0.0582]"
2016,E687,0.5414,0.1429,0.0065,0.0014,0.0001,0.0,0.0,2,1,1,0,0,0,0,0,"(-0.000582, 0.0582]"
2016,SL28,0.4586,0.1131,0.0054,0.0011,0.0001,0.0,0.0,0,0,0,0,0,0,0,0,"(-0.000582, 0.0582]"
2016,D801,0.7615,0.6099,0.0737,0.0321,0.011,0.001,0.0001,1,1,0,0,0,0,0,0,"(-0.000582, 0.0582]"
2016,D864,0.2385,0.1341,0.0076,0.0014,0.0004,0.0001,0.0,0,0,0,0,0,0,0,0,"(-0.000582, 0.0582]"
2016,CA12,0.2946,0.1263,0.0455,0.0057,0.0012,0.0001,0.0001,1,1,0,0,0,0,0,0,"(-0.000582, 0.0582]"
2016,MC65,0.7054,0.4325,0.2479,0.0468,0.0201,0.0033,0.0008,0,0,0,0,0,0,0,0,"(-0.000582, 0.0582]"
2016,J386,0.7773,0.3895,0.2021,0.0373,0.0147,0.0018,0.0003,3,1,1,1,0,0,0,0,"(-0.000582, 0.0582]"
2016,J267,0.2227,0.0517,0.0129,0.001,0.0,0.0,0.0,0,0,0,0,0,0,0,0,"(-0.000582, 0.0582]"
2016,D875,0.8083,0.4282,0.2219,0.0349,0.0128,0.0015,0.0002,2,1,1,0,0,0,0,0,"(-0.000582, 0.0582]"
2016,F811,0.1917,0.0427,0.0075,0.0008,0.0001,0.0,0.0,0,0,0,0,0,0,0,0,"(-0.000582, 0.0582]"
2016,SD32,0.6709,0.3858,0.2056,0.0364,0.0153,0.0021,0.0003,1,1,0,0,0,0,0,0,"(-0.000582, 0.0582]"
2016,T742,0.3291,0.1433,0.0566,0.0075,0.0017,0.0002,0.0,0,0,0,0,0,0,0,0,"(-0.000582, 0.0582]"
2016,C977,0.8438,0.7128,0.5244,0.2766,0.0785,0.0143,0.0051,4,1,1,1,1,0,0,0,"(-0.000582, 0.0582]"
2016,BA23,0.1562,0.0752,0.0272,0.0046,0.0004,0.0,0.0,0,0,0,0,0,0,0,0,"(-0.000582, 0.0582]"
2016,SC77,0.6457,0.1593,0.0689,0.0145,0.0015,0.0001,0.0001,1,1,0,0,0,0,0,0,"(-0.000582, 0.0582]"
2016,N732,0.3543,0.0527,0.0179,0.0026,0.0004,0.0,0.0,0,0,0,0,0,0,0,0,"(-0.000582, 0.0582]"
2016,L797,0.5778,0.1338,0.0243,0.004,0.0004,0.0001,0.0,2,1,1,0,0,0,0,0,"(-0.000582, 0.0582]"
2016,L503,0.4222,0.0715,0.0096,0.0015,0.0001,0.0,0.0,0,0,0,0,0,0,0,0,"(-0.000582, 0.0582]"
2016,K336,0.6752,0.5663,0.2578,0.0945,0.0147,0.0017,0.0003,1,1,0,0,0,0,0,0,"(-0.000582, 0.0582]"
2016,CG80,0.3248,0.2284,0.0699,0.0153,0.0011,0.0,0.0,0,0,0,0,0,0,0,0,"(-0.000582, 0.0582]"
2016,KB54,0.358,0.1287,0.0304,0.0095,0.0013,0.0002,0.0,2,1,1,0,0,0,0,0,"(-0.000582, 0.0582]"
2016,C882,0.642,0.3127,0.0987,0.0398,0.0055,0.0006,0.0003,0,0,0,0,0,0,0,0,"(-0.000582, 0.0582]"
2016,MA30,0.781,0.4918,0.2053,0.1069,0.0236,0.0035,0.0009,1,1,0,0,0,0,0,0,"(-0.000582, 0.0582]"
2016,G725,0.219,0.0668,0.0107,0.0023,0.0,0.0,0.0,0,0,0,0,0,0,0,0,"(-0.000582, 0.0582]"
2016,B747,0.6475,0.1326,0.0497,0.0172,0.0018,0.0004,0.0001,1,1,0,0,0,0,0,0,"(-0.000582, 0.0582]"
2016,ME89,0.3525,0.0432,0.0123,0.0029,0.0002,0.0,0.0,0,0,0,0,0,0,0,0,"(-0.000582, 0.0582]"
2016,N552,0.853,0.7445,0.5645,0.3989,0.1354,0.0318,0.012,3,1,1,1,0,0,0,0,"(-0.000582, 0.0582]"
2016,G940,0.147,0.0797,0.0284,0.0089,0.0012,0.0,0.0,0,0,0,0,0,0,0,0,"(-0.000582, 0.0582]"
2016,TB69,0.6119,0.5188,0.4346,0.2612,0.1453,0.0393,0.0071,1,1,0,0,0,0,0,0,"(-0.000582, 0.0582]"
2016,MB02,0.3881,0.2974,0.2275,0.1114,0.047,0.0105,0.001,0,0,0,0,0,0,0,0,"(-0.000582, 0.0582]"
2016,V708,0.6335,0.1369,0.0791,0.02,0.0038,0.0005,0.0,3,1,1,1,0,0,0,0,"(-0.000582, 0.0582]"
2016,SF36,0.3665,0.0469,0.0211,0.0026,0.0005,0.0,0.0,0,0,0,0,0,0,0,0,"(-0.000582, 0.0582]"
2016,N674,0.3736,0.0826,0.0092,0.0013,0.0,0.0,0.0,1,1,0,0,0,0,0,0,"(-0.000582, 0.0582]"
2016,SM09,0.6264,0.2187,0.0364,0.0052,0.0007,0.0,0.0,0,0,0,0,0,0,0,0,"(-0.000582, 0.0582]"
2016,SH90,0.4656,0.3203,0.0829,0.0206,0.0053,0.0004,0.0,2,1,1,0,0,0,0,0,"(-0.000582, 0.0582]"
2016,T315,0.5344,0.3784,0.1092,0.0307,0.0058,0.0007,0.0,0,0,0,0,0,0,0,0,"(-0.000582, 0.0582]"
2016,Z355,0.7739,0.5853,0.3177,0.1813,0.0864,0.0177,0.0025,2,1,1,0,0,0,0,0,"(-0.000582, 0.0582]"
2016,M850,0.2261,0.1137,0.0333,0.0121,0.0027,0.0002,0.0,0,0,0,0,0,0,0,0,"(-0.000582, 0.0582]"
2016,Y061,0.8096,0.2763,0.0925,0.0324,0.0083,0.0011,0.0,1,1,0,0,0,0,0,0,"(-0.000582, 0.0582]"
2016,Z184,0.1904,0.0247,0.0029,0.0003,0.0001,0.0,0.0,0,0,0,0,0,0,0,0,"(-0.000582, 0.0582]"
2016,B896,0.6892,0.1685,0.0548,0.0192,0.0053,0.0007,0.0,1,1,0,0,0,0,0,0,"(-0.000582, 0.0582]"
2016,BF23,0.3108,0.0388,0.0075,0.0017,0.0003,0.0001,0.0,0,0,0,0,0,0,0,0,"(-0.000582, 0.0582]"
2016,BA47,0.7769,0.6556,0.4394,0.2811,0.1526,0.0396,0.0061,5,1,1,1,1,1,0,0,"(-0.000582, 0.0582]"
2016,D646,0.2231,0.1371,0.0519,0.0189,0.0052,0.0004,0.0001,0,0,0,0,0,0,0,0,"(-0.000582, 0.0582]"
2016,BD06,0.9041,0.7401,0.5021,0.2447,0.1265,0.0305,0.0048,1,1,0,0,0,0,0,0,"(-0.000582, 0.0582]"
2016,TC61,0.0959,0.0294,0.0064,0.0006,0.0,0.0,0.0,0,0,0,0,0,0,0,0,"(-0.000582, 0.0582]"
2016,K926,0.4201,0.0865,0.0261,0.0041,0.0006,0.0001,0.0,1,1,0,0,0,0,0,0,"(-0.000582, 0.0582]"
2016,K966,0.5799,0.144,0.0527,0.0125,0.0029,0.0001,0.0,0,0,0,0,0,0,0,0,"(-0.000582, 0.0582]"
2016,A829,0.5905,0.1251,0.0303,0.0035,0.0009,0.0,0.0,1,1,0,0,0,0,0,0,"(-0.000582, 0.0582]"
2016,E698,0.4095,0.0727,0.0105,0.0011,0.0,0.0,0.0,0,0,0,0,0,0,0,0,"(-0.000582, 0.0582]"
2016,TA46,0.5298,0.4297,0.2043,0.077,0.0333,0.0057,0.0011,3,1,1,1,0,0,0,0,"(-0.000582, 0.0582]"
2016,V306,0.4702,0.3725,0.1676,0.0589,0.0241,0.0038,0.0005,0,0,0,0,0,0,0,0,"(-0.000582, 0.0582]"
2016,PF39,0.4827,0.2107,0.0313,0.009,0.0022,0.0,0.0,4,1,1,1,1,0,0,0,"(-0.000582, 0.0582]"
2016,CA99,0.5173,0.2342,0.0367,0.0099,0.0016,0.0004,0.0,0,0,0,0,0,0,0,0,"(-0.000582, 0.0582]"
2016,Y124,0.267,0.0998,0.0098,0.0015,0.0003,0.0,0.0,1,1,0,0,0,0,0,0,"(-0.000582, 0.0582]"
2016,MD56,0.733,0.4553,0.1001,0.0364,0.0107,0.0011,0.0,0,0,0,0,0,0,0,0,"(-0.000582, 0.0582]"
2016,D683,0.8946,0.5173,0.4349,0.2964,0.1825,0.0542,0.0094,2,1,1,0,0,0,0,0,"(-0.000582, 0.0582]"
2016,R612,0.1054,0.016,0.0065,0.0011,0.0003,0.0001,0.0,0,0,0,0,0,0,0,0,"(-0.000582, 0.0582]"
2016,W367,0.8858,0.4494,0.3734,0.2417,0.1443,0.041,0.0077,1,1,0,0,0,0,0,0,"(-0.000582, 0.0582]"
2016,FB98,0.1142,0.0173,0.0073,0.0016,0.0005,0.0001,0.0,0,0,0,0,0,0,0,0,"(-0.000582, 0.0582]"
2016,G628,0.8333,0.6871,0.5216,0.2944,0.0743,0.0388,0.0068,3,1,1,1,0,0,0,0,"(-0.000582, 0.0582]"
2016,BH09,0.1667,0.0777,0.0299,0.0058,0.0006,0.0,0.0,0,0,0,0,0,0,0,0,"(-0.000582, 0.0582]"
2016,G710,0.4908,0.1125,0.0487,0.0114,0.0007,0.0001,0.0,1,1,0,0,0,0,0,0,"(-0.000582, 0.0582]"
2016,E224,0.5092,0.1227,0.0547,0.0116,0.001,0.0001,0.0,0,0,0,0,0,0,0,0,"(-0.000582, 0.0582]"
2016,R772,0.5429,0.2238,0.0662,0.0141,0.001,0.0001,0.0,2,1,1,0,0,0,0,0,"(-0.000582, 0.0582]"
2016,PD07,0.4571,0.1694,0.0432,0.0105,0.0008,0.0002,0.0,0,0,0,0,0,0,0,0,"(-0.000582, 0.0582]"
2016,T840,0.8038,0.5397,0.2227,0.0843,0.0111,0.0032,0.0003,1,1,0,0,0,0,0,0,"(-0.000582, 0.0582]"
2016,LC11,0.1962,0.0671,0.013,0.0021,0.0001,0.0,0.0,0,0,0,0,0,0,0,0,"(-0.000582, 0.0582]"
2016,I186,0.6168,0.5206,0.2536,0.1417,0.0252,0.0128,0.002,2,1,1,0,0,0,0,0,"(-0.000582, 0.0582]"
2016,B837,0.3832,0.2966,0.1092,0.0477,0.0062,0.002,0.0002,0,0,0,0,0,0,0,0,"(-0.000582, 0.0582]"
2016,BH98,0.6029,0.1195,0.022,0.0056,0.0003,0.0001,0.0,1,1,0,0,0,0,0,0,"(-0.000582, 0.0582]"
2016,O411,0.3971,0.0633,0.0087,0.0011,0.0,0.0,0.0,0,0,0,0,0,0,0,0,"(-0.000582, 0.0582]"
2016,MA21,0.7013,0.1824,0.0736,0.0287,0.0033,0.0011,0.0001,1,1,0,0,0,0,0,0,"(-0.000582, 0.0582]"
2016,DA81,0.2987,0.0426,0.0112,0.0031,0.0001,0.0,0.0,0,0,0,0,0,0,0,0,"(-0.000582, 0.0582]"
2016,T786,0.9071,0.7424,0.5137,0.3363,0.0864,0.0488,0.0087,4,1,1,1,1,0,0,0,"(-0.000582, 0.0582]"
2016,CA33,0.0929,0.0326,0.008,0.0016,0.0002,0.0002,0.0,0,0,0,0,0,0,0,0,"(-0.000582, 0.0582]"
2016,KE17,0.6016,0.4419,0.2907,0.0438,0.0194,0.0081,0.0013,3,1,1,1,0,0,0,0,"(-0.000582, 0.0582]"
2016,S694,0.3984,0.2546,0.1416,0.0194,0.0079,0.0027,0.0001,0,0,0,0,0,0,0,0,"(-0.000582, 0.0582]"
2016,BA65,0.6972,0.2432,0.1169,0.0115,0.0039,0.001,0.0001,1,1,0,0,0,0,0,0,"(-0.000582, 0.0582]"
2016,L987,0.3028,0.0603,0.0172,0.001,0.0,0.0,0.0,0,0,0,0,0,0,0,0,"(-0.000582, 0.0582]"
2016,F510,0.671,0.3056,0.1235,0.0125,0.0042,0.0013,0.0001,1,1,0,0,0,0,0,0,"(-0.000582, 0.0582]"
2016,D874,0.329,0.0971,0.0257,0.0011,0.0001,0.0001,0.0,0,0,0,0,0,0,0,0,"(-0.000582, 0.0582]"
2016,L397,0.7118,0.4632,0.2424,0.0352,0.0142,0.0058,0.0006,2,1,1,0,0,0,0,0,"(-0.000582, 0.0582]"
2016,R548,0.2882,0.1341,0.042,0.0038,0.0009,0.0001,0.0,0,0,0,0,0,0,0,0,"(-0.000582, 0.0582]"
2016,PD31,0.6483,0.3089,0.0169,0.0053,0.0007,0.0001,0.0,1,1,0,0,0,0,0,0,"(-0.000582, 0.0582]"
2016,SF76,0.3517,0.1164,0.0037,0.0008,0.0,0.0,0.0,0,0,0,0,0,0,0,0,"(-0.000582, 0.0582]"
2016,MH30,0.595,0.3655,0.026,0.0101,0.002,0.0006,0.0001,2,1,1,0,0,0,0,0,"(-0.000582, 0.0582]"
2016,M824,0.405,0.2092,0.0096,0.0029,0.0008,0.0002,0.0,0,0,0,0,0,0,0,0,"(-0.000582, 0.0582]"
2016,L575,0.7789,0.0464,0.0271,0.0113,0.0032,0.0012,0.0001,1,1,0,0,0,0,0,0,"(-0.000582, 0.0582]"
2016,K596,0.2211,0.0051,0.0021,0.0002,0.0001,0.0,0.0,0,0,0,0,0,0,0,0,"(-0.000582, 0.0582]"
2016,MC10,0.9869,0.9445,0.9129,0.841,0.7313,0.623,0.2916,7,1,1,1,1,1,1,1,"(0.291, 0.349]"
2016,BI23,0.0131,0.004,0.0017,0.0001,0.0,0.0,0.0,0,0,0,0,0,0,0,0,"(-0.000582, 0.0582]"
2017,MC10,0.9661,0.93,0.869,0.7683,0.6398,0.5094,0.2723,4,1,1,1,1,0,0,0,"(0.233, 0.291]"
2017,BK92,0.0339,0.0157,0.0056,0.0014,0.0002,0.0,0.0,0,0,0,0,0,0,0,0,"(-0.000582, 0.0582]"
2017,BA65,0.5605,0.0322,0.0143,0.004,0.0008,0.0,0.0,1,1,0,0,0,0,0,0,"(-0.000582, 0.0582]"
2017,SH90,0.4395,0.0221,0.0073,0.0021,0.0002,0.0,0.0,0,0,0,0,0,0,0,0,"(-0.000582, 0.0582]"
2017,V708,0.7281,0.3744,0.0402,0.0151,0.0046,0.0008,0.0,1,1,0,0,0,0,0,0,"(-0.000582, 0.0582]"
2017,ME89,0.2719,0.0799,0.0048,0.0009,0.0002,0.0,0.0,0,0,0,0,0,0,0,0,"(-0.000582, 0.0582]"
2017,F510,0.6485,0.3859,0.0447,0.017,0.0057,0.0027,0.0001,2,1,1,0,0,0,0,0,"(-0.000582, 0.0582]"
2017,T315,0.3515,0.1598,0.0141,0.0046,0.001,0.0005,0.0,0,0,0,0,0,0,0,0,"(-0.000582, 0.0582]"
2017,H996,0.2147,0.1126,0.0357,0.0032,0.001,0.0002,0.0,1,1,0,0,0,0,0,0,"(-0.000582, 0.0582]"
2017,KE17,0.7853,0.6299,0.3983,0.0903,0.0419,0.0183,0.0033,0,0,0,0,0,0,0,0,"(-0.000582, 0.0582]"
2017,PD31,0.776,0.2322,0.0857,0.008,0.0026,0.0002,0.0,3,1,1,1,0,0,0,0,"(-0.000582, 0.0582]"
2017,SC73,0.224,0.0253,0.0038,0.0,0.0,0.0,0.0,0,0,0,0,0,0,0,0,"(-0.000582, 0.0582]"
2017,J397,0.6777,0.2502,0.097,0.0121,0.0042,0.0014,0.0002,2,1,1,0,0,0,0,0,"(-0.000582, 0.0582]"
2017,SU55,0.3223,0.0743,0.0197,0.0018,0.0001,0.0,0.0,0,0,0,0,0,0,0,0,"(-0.000582, 0.0582]"
2017,PF39,0.8278,0.6075,0.3441,0.0704,0.0337,0.0129,0.0021,1,1,0,0,0,0,0,0,"(-0.000582, 0.0582]"
2017,J267,0.1722,0.068,0.0157,0.0008,0.0,0.0,0.0,0,0,0,0,0,0,0,0,"(-0.000582, 0.0582]"
2017,T786,0.9182,0.7741,0.6119,0.4194,0.143,0.0771,0.0212,2,1,1,0,0,0,0,0,"(-0.000582, 0.0582]"
2017,N771,0.0818,0.0248,0.0064,0.0009,0.0002,0.0,0.0,0,0,0,0,0,0,0,0,"(-0.000582, 0.0582]"
2017,BA98,0.5224,0.1091,0.0481,0.0122,0.001,0.0001,0.0,1,1,0,0,0,0,0,0,"(-0.000582, 0.0582]"
2017,L575,0.4776,0.092,0.0391,0.012,0.0015,0.0002,0.0,0,0,0,0,0,0,0,0,"(-0.000582, 0.0582]"
2017,BG23,0.6147,0.2209,0.0472,0.013,0.0012,0.0002,0.0,1,1,0,0,0,0,0,0,"(-0.000582, 0.0582]"
2017,B884,0.3853,0.1078,0.0171,0.0036,0.0002,0.0,0.0,0,0,0,0,0,0,0,0,"(-0.000582, 0.0582]"
2017,Q927,0.8288,0.6101,0.2226,0.106,0.02,0.0056,0.0004,5,1,1,1,1,1,0,0,"(-0.000582, 0.0582]"
2017,F586,0.1712,0.0612,0.0076,0.0014,0.0002,0.0,0.0,0,0,0,0,0,0,0,0,"(-0.000582, 0.0582]"
2017,A678,0.5606,0.3641,0.1717,0.0731,0.0156,0.0046,0.0009,3,1,1,1,0,0,0,0,"(-0.000582, 0.0582]"
2017,V306,0.4394,0.2491,0.1062,0.0376,0.0056,0.0017,0.0002,0,0,0,0,0,0,0,0,"(-0.000582, 0.0582]"
2017,SA93,0.8136,0.3596,0.1361,0.0473,0.0082,0.0018,0.0003,1,1,0,0,0,0,0,0,"(-0.000582, 0.0582]"
2017,GB93,0.1864,0.0272,0.0032,0.0004,0.0,0.0,0.0,0,0,0,0,0,0,0,0,"(-0.000582, 0.0582]"
2017,BE54,0.1861,0.0234,0.004,0.0008,0.0,0.0,0.0,2,1,1,0,0,0,0,0,"(-0.000582, 0.0582]"
2017,H355,0.8139,0.3125,0.1596,0.0625,0.012,0.0046,0.0006,0,0,0,0,0,0,0,0,"(-0.000582, 0.0582]"
2017,MM58,0.3729,0.2202,0.1229,0.0506,0.0118,0.0041,0.0005,1,1,0,0,0,0,0,0,"(-0.000582, 0.0582]"
2017,W367,0.6271,0.4439,0.2963,0.1592,0.0435,0.0184,0.0045,0,0,0,0,0,0,0,0,"(-0.000582, 0.0582]"
2017,N409,0.8628,0.7512,0.6207,0.4598,0.3226,0.1409,0.0525,3,1,1,1,0,0,0,0,"(-0.000582, 0.0582]"
2017,MH30,0.1372,0.0688,0.0338,0.0131,0.0036,0.0007,0.0,0,0,0,0,0,0,0,0,"(-0.000582, 0.0582]"
2017,Y124,0.6079,0.1207,0.0579,0.0213,0.0055,0.001,0.0,1,1,0,0,0,0,0,0,"(-0.000582, 0.0582]"
2017,I165,0.3921,0.0593,0.0214,0.0058,0.0013,0.0002,0.0,0,0,0,0,0,0,0,0,"(-0.000582, 0.0582]"
2017,MJ08,0.4888,0.1064,0.013,0.0025,0.0001,0.0,0.0,1,1,0,0,0,0,0,0,"(-0.000582, 0.0582]"
2017,W630,0.5112,0.1209,0.0163,0.0032,0.0002,0.0001,0.0,0,0,0,0,0,0,0,0,"(-0.000582, 0.0582]"
2017,KE29,0.7181,0.5913,0.2009,0.0991,0.0436,0.0096,0.002,2,1,1,0,0,0,0,0,"(-0.000582, 0.0582]"
2017,KB54,0.2819,0.1814,0.036,0.0097,0.0029,0.0002,0.0,0,0,0,0,0,0,0,0,"(-0.000582, 0.0582]"
2017,BH09,0.3463,0.2167,0.0679,0.0172,0.0034,0.0,0.0,2,1,1,0,0,0,0,0,"(-0.000582, 0.0582]"
2017,K336,0.6537,0.4988,0.2217,0.0765,0.0283,0.0069,0.0006,0,0,0,0,0,0,0,0,"(-0.000582, 0.0582]"
2017,D923,0.6199,0.1989,0.0519,0.0101,0.0018,0.0002,0.0001,1,1,0,0,0,0,0,0,"(-0.000582, 0.0582]"
2017,O376,0.3801,0.0856,0.0162,0.0022,0.0001,0.0,0.0,0,0,0,0,0,0,0,0,"(-0.000582, 0.0582]"
2017,R685,0.5168,0.0913,0.0268,0.0036,0.0007,0.0001,0.0,1,1,0,0,0,0,0,0,"(-0.000582, 0.0582]"
2017,L949,0.4832,0.0804,0.0221,0.0042,0.0004,0.0,0.0,0,0,0,0,0,0,0,0,"(-0.000582, 0.0582]"
2017,MA30,0.8999,0.7825,0.5793,0.2705,0.1454,0.0434,0.0085,4,1,1,1,1,0,0,0,"(-0.000582, 0.0582]"
2017,F724,0.1001,0.0458,0.0141,0.0012,0.0001,0.0,0.0,0,0,0,0,0,0,0,0,"(-0.000582, 0.0582]"
2017,N552,0.9318,0.7678,0.5196,0.3163,0.1581,0.0515,0.0128,2,1,1,0,0,0,0,0,"(-0.000582, 0.0582]"
2017,CF01,0.0682,0.0163,0.003,0.0003,0.0,0.0,0.0,0,0,0,0,0,0,0,0,"(-0.000582, 0.0582]"
2017,SC77,0.4418,0.0862,0.0272,0.0067,0.0012,0.0,0.0,1,1,0,0,0,0,0,0,"(-0.000582, 0.0582]"
2017,B747,0.5582,0.1297,0.0472,0.013,0.0028,0.0006,0.0001,0,0,0,0,0,0,0,0,"(-0.000582, 0.0582]"
2017,G967,0.5513,0.1444,0.0317,0.009,0.0019,0.0004,0.0,1,1,0,0,0,0,0,0,"(-0.000582, 0.0582]"
2017,CA99,0.4487,0.0944,0.0183,0.0044,0.0003,0.0,0.0,0,0,0,0,0,0,0,0,"(-0.000582, 0.0582]"
2017,BD06,0.8695,0.7087,0.3449,0.1797,0.0757,0.0194,0.0041,3,1,1,1,0,0,0,0,"(-0.000582, 0.0582]"
2017,H804,0.1305,0.0525,0.0081,0.0013,0.0,0.0,0.0,0,0,0,0,0,0,0,0,"(-0.000582, 0.0582]"
2017,J386,0.7176,0.5753,0.2179,0.0857,0.0275,0.0058,0.0007,2,1,1,0,0,0,0,0,"(-0.000582, 0.0582]"
2017,KC29,0.2824,0.1695,0.0342,0.0065,0.0017,0.0003,0.0001,0,0,0,0,0,0,0,0,"(-0.000582, 0.0582]"
2017,A829,0.6362,0.1856,0.0346,0.0063,0.001,0.0,0.0,1,1,0,0,0,0,0,0,"(-0.000582, 0.0582]"
2017,BF23,0.3638,0.0696,0.0064,0.0012,0.0,0.0,0.0,0,0,0,0,0,0,0,0,"(-0.000582, 0.0582]"
2017,MB02,0.6019,0.1921,0.1151,0.0432,0.0129,0.0027,0.0006,1,1,0,0,0,0,0,0,"(-0.000582, 0.0582]"
2017,T840,0.3981,0.0934,0.0473,0.0141,0.0034,0.0003,0.0,0,0,0,0,0,0,0,0,"(-0.000582, 0.0582]"
2017,C977,0.6504,0.4954,0.3949,0.2426,0.127,0.0451,0.011,6,1,1,1,1,1,1,0,"(-0.000582, 0.0582]"
2017,K435,0.3496,0.2191,0.1496,0.0697,0.0265,0.0058,0.0013,0,0,0,0,0,0,0,0,"(-0.000582, 0.0582]"
2017,R975,0.905,0.7422,0.6343,0.3831,0.141,0.0493,0.0211,4,1,1,1,1,0,0,0,"(-0.000582, 0.0582]"
2017,SL28,0.095,0.0317,0.0124,0.002,0.0,0.0,0.0,0,0,0,0,0,0,0,0,"(-0.000582, 0.0582]"
2017,Y061,0.399,0.0782,0.0408,0.0088,0.0012,0.0002,0.0,1,1,0,0,0,0,0,0,"(-0.000582, 0.0582]"
2017,M873,0.601,0.1479,0.0904,0.0262,0.0035,0.0006,0.0001,0,0,0,0,0,0,0,0,"(-0.000582, 0.0582]"
2017,RE44,0.7393,0.3814,0.0867,0.0202,0.0019,0.0002,0.0,1,1,0,0,0,0,0,0,"(-0.000582, 0.0582]"
2017,TA12,0.2607,0.0713,0.0086,0.0008,0.0,0.0,0.0,0,0,0,0,0,0,0,0,"(-0.000582, 0.0582]"
2017,R772,0.6195,0.3673,0.0923,0.021,0.0031,0.0001,0.0,2,1,1,0,0,0,0,0,"(-0.000582, 0.0582]"
2017,TC61,0.3805,0.18,0.0345,0.0047,0.0003,0.0,0.0,0,0,0,0,0,0,0,0,"(-0.000582, 0.0582]"
2017,SM25,0.8484,0.6888,0.2571,0.1107,0.0234,0.0031,0.0005,1,1,0,0,0,0,0,0,"(-0.000582, 0.0582]"
2017,GD64,0.1516,0.0697,0.0086,0.0014,0.0,0.0,0.0,0,0,0,0,0,0,0,0,"(-0.000582, 0.0582]"
2017,O513,0.3908,0.0745,0.0076,0.0008,0.0,0.0,0.0,2,1,1,0,0,0,0,0,"(-0.000582, 0.0582]"
2017,BD20,0.6092,0.167,0.0261,0.0063,0.0006,0.0,0.0,0,0,0,0,0,0,0,0,"(-0.000582, 0.0582]"
2017,TD51,0.2214,0.0156,0.0035,0.0002,0.0,0.0,0.0,1,1,0,0,0,0,0,0,"(-0.000582, 0.0582]"
2017,H756,0.7786,0.1618,0.0701,0.0222,0.0033,0.0004,0.0001,0,0,0,0,0,0,0,0,"(-0.000582, 0.0582]"
2017,Z355,0.9279,0.7968,0.6207,0.3906,0.1479,0.0489,0.0166,3,1,1,1,0,0,0,0,"(-0.000582, 0.0582]"
2017,D864,0.0721,0.0258,0.0063,0.001,0.0,0.0,0.0,0,0,0,0,0,0,0,0,"(-0.000582, 0.0582]"
2017,D875,0.8399,0.5761,0.3657,0.0821,0.0297,0.0064,0.0009,3,1,1,1,0,0,0,0,"(-0.000582, 0.0582]"
2017,SM37,0.1601,0.0526,0.0145,0.0002,0.0,0.0,0.0,0,0,0,0,0,0,0,0,"(-0.000582, 0.0582]"
2017,B837,0.8477,0.3514,0.1751,0.0278,0.0073,0.0008,0.0002,1,1,0,0,0,0,0,0,"(-0.000582, 0.0582]"
2017,W503,0.1523,0.0199,0.0027,0.0001,0.0001,0.0,0.0,0,0,0,0,0,0,0,0,"(-0.000582, 0.0582]"
2017,SC56,0.5294,0.1626,0.0491,0.0046,0.0009,0.0,0.0,2,1,1,0,0,0,0,0,"(-0.000582, 0.0582]"
2017,G710,0.4706,0.1397,0.0375,0.0033,0.0005,0.0001,0.0,0,0,0,0,0,0,0,0,"(-0.000582, 0.0582]"
2017,I186,0.807,0.6142,0.3366,0.063,0.0238,0.0047,0.0018,1,1,0,0,0,0,0,0,"(-0.000582, 0.0582]"
2017,FB98,0.193,0.0835,0.0188,0.0016,0.0001,0.0,0.0,0,0,0,0,0,0,0,0,"(-0.000582, 0.0582]"
2017,Z168,0.43,0.2949,0.0341,0.015,0.0038,0.0006,0.0001,2,1,1,0,0,0,0,0,"(-0.000582, 0.0582]"
2017,TA46,0.57,0.4196,0.0581,0.0273,0.0078,0.0017,0.0004,0,0,0,0,0,0,0,0,"(-0.000582, 0.0582]"
2017,K926,0.5459,0.159,0.0087,0.0025,0.0008,0.0,0.0,1,1,0,0,0,0,0,0,"(-0.000582, 0.0582]"
2017,DA81,0.4541,0.1265,0.0075,0.0015,0.0002,0.0,0.0,0,0,0,0,0,0,0,0,"(-0.000582, 0.0582]"
2017,L987,0.6653,0.037,0.0138,0.0029,0.0003,0.0,0.0,1,1,0,0,0,0,0,0,"(-0.000582, 0.0582]"
2017,TE51,0.3347,0.0101,0.0032,0.0004,0.0001,0.0,0.0,0,0,0,0,0,0,0,0,"(-0.000582, 0.0582]"
2017,F324,0.935,0.9076,0.8501,0.7574,0.5957,0.3379,0.2154,7,1,1,1,1,1,1,1,"(0.174, 0.233]"
2017,D801,0.065,0.0453,0.0245,0.0103,0.0027,0.0004,0.0001,0,0,0,0,0,0,0,0,"(-0.000582, 0.0582]"
2017,TB69,0.7024,0.4562,0.3542,0.1673,0.0295,0.0063,0.0018,3,1,1,1,0,0,0,0,"(-0.000582, 0.0582]"
2017,PD07,0.2976,0.1345,0.0832,0.0227,0.0018,0.0002,0.0,0,0,0,0,0,0,0,0,"(-0.000582, 0.0582]"
2017,SD32,0.7979,0.3708,0.2665,0.0956,0.0127,0.0017,0.0001,1,1,0,0,0,0,0,0,"(-0.000582, 0.0582]"
2017,J551,0.2021,0.0385,0.0163,0.0022,0.0,0.0,0.0,0,0,0,0,0,0,0,0,"(-0.000582, 0.0582]"
2017,DC58,0.3646,0.2209,0.0523,0.0084,0.0004,0.0001,0.0,2,1,1,0,0,0,0,0,"(-0.000582, 0.0582]"
2017,T742,0.6354,0.4619,0.1698,0.0464,0.0038,0.0006,0.0,0,0,0,0,0,0,0,0,"(-0.000582, 0.0582]"
2017,L503,0.4677,0.1409,0.0232,0.0029,0.0001,0.0,0.0,1,1,0,0,0,0,0,0,"(-0.000582, 0.0582]"
2017,Z184,0.5323,0.1763,0.0345,0.0052,0.0001,0.0,0.0,0,0,0,0,0,0,0,0,"(-0.000582, 0.0582]"
2017,F401,0.3009,0.1897,0.0791,0.0415,0.0045,0.0003,0.0,2,1,1,0,0,0,0,0,"(-0.000582, 0.0582]"
2017,G628,0.6991,0.5563,0.3255,0.2299,0.0515,0.0116,0.0037,0,0,0,0,0,0,0,0,"(-0.000582, 0.0582]"
2017,D632,0.7987,0.2321,0.0824,0.0386,0.0046,0.0011,0.0002,1,1,0,0,0,0,0,0,"(-0.000582, 0.0582]"
2017,BE90,0.2013,0.0219,0.0026,0.0001,0.0,0.0,0.0,0,0,0,0,0,0,0,0,"(-0.000582, 0.0582]"
2017,H940,0.4295,0.0755,0.0157,0.0049,0.0004,0.0002,0.0,1,1,0,0,0,0,0,0,"(-0.000582, 0.0582]"
2017,CG80,0.5705,0.1264,0.0348,0.014,0.0011,0.0003,0.0,0,0,0,0,0,0,0,0,"(-0.000582, 0.0582]"
2017,BA47,0.7914,0.6736,0.4197,0.3038,0.0754,0.023,0.0068,5,1,1,1,1,1,0,0,"(-0.000582, 0.0582]"
2017,CA12,0.2086,0.1245,0.0402,0.0165,0.0011,0.0001,0.0,0,0,0,0,0,0,0,0,"(-0.000582, 0.0582]"
2017,MC65,0.8378,0.7369,0.4083,0.0635,0.0341,0.0091,0.003,2,1,1,0,0,0,0,0,"(-0.000582, 0.0582]"
2017,BC72,0.1622,0.0918,0.0178,0.0011,0.0004,0.0,0.0,0,0,0,0,0,0,0,0,"(-0.000582, 0.0582]"
2017,E831,0.6732,0.1321,0.0255,0.0007,0.0004,0.0001,0.0,1,1,0,0,0,0,0,0,"(-0.000582, 0.0582]"
2017,W579,0.3268,0.0392,0.0033,0.0,0.0,0.0,0.0,0,0,0,0,0,0,0,0,"(-0.000582, 0.0582]"
2017,SE73,0.8434,0.3155,0.1446,0.0143,0.005,0.0009,0.0002,1,1,0,0,0,0,0,0,"(-0.000582, 0.0582]"
2017,K964,0.1566,0.0171,0.0039,0.0,0.0,0.0,0.0,0,0,0,0,0,0,0,0,"(-0.000582, 0.0582]"
2017,ME82,0.2969,0.1597,0.0714,0.0075,0.0023,0.0006,0.0001,3,1,1,1,0,0,0,0,"(-0.000582, 0.0582]"
2017,L397,0.7031,0.5077,0.3252,0.0599,0.034,0.0107,0.0031,0,0,0,0,0,0,0,0,"(-0.000582, 0.0582]"
2017,D683,0.8985,0.8131,0.1798,0.1279,0.0869,0.0312,0.0119,1,1,0,0,0,0,0,0,"(-0.000582, 0.0582]"
2017,KD46,0.1015,0.0487,0.0015,0.0004,0.0,0.0,0.0,0,0,0,0,0,0,0,0,"(-0.000582, 0.0582]"
2017,G858,0.5496,0.0809,0.0043,0.0007,0.0001,0.0001,0.0,2,1,1,0,0,0,0,0,"(-0.000582, 0.0582]"
2017,E224,0.4504,0.0573,0.0029,0.0006,0.0002,0.0,0.0,0,0,0,0,0,0,0,0,"(-0.000582, 0.0582]"
2017,PG32,0.4102,0.008,0.0014,0.0002,0.0,0.0,0.0,1,1,0,0,0,0,0,0,"(-0.000582, 0.0582]"
2017,E873,0.5898,0.0188,0.0035,0.0003,0.0,0.0,0.0,0,0,0,0,0,0,0,0,"(-0.000582, 0.0582]"
2017,D643,0.9804,0.962,0.8048,0.7227,0.6496,0.4464,0.3108,4,1,1,1,1,0,0,0,"(0.291, 0.349]"
2017,K966,0.0196,0.0112,0.0018,0.0002,0.0,0.0,0.0,0,0,0,0,0,0,0,0,"(-0.000582, 0.0582]"
2018,F324,0.9543,0.9281,0.8759,0.7971,0.7036,0.5498,0.3577,4,1,1,1,1,0,0,0,"(0.349, 0.407]"
2018,L987,0.0457,0.0277,0.0128,0.0043,0.0011,0.0002,0.0001,0,0,0,0,0,0,0,0,"(-0.000582, 0.0582]"
2018,L797,0.5764,0.0281,0.0102,0.0031,0.0009,0.0001,0.0,1,1,0,0,0,0,0,0,"(-0.000582, 0.0582]"
2018,BM95,0.4236,0.0161,0.0051,0.0011,0.0002,0.0,0.0,0,0,0,0,0,0,0,0,"(-0.000582, 0.0582]"
2018,K336,0.6375,0.3617,0.0378,0.018,0.0067,0.0015,0.0002,1,1,0,0,0,0,0,0,"(-0.000582, 0.0582]"
2018,Y061,0.3625,0.1636,0.0115,0.003,0.0007,0.0001,0.0,0,0,0,0,0,0,0,0,"(-0.000582, 0.0582]"
2018,SL28,0.2825,0.0922,0.0052,0.0011,0.0002,0.0,0.0,2,1,1,0,0,0,0,0,"(-0.000582, 0.0582]"
2018,MD56,0.7175,0.3825,0.0415,0.017,0.0066,0.0022,0.0003,0,0,0,0,0,0,0,0,"(-0.000582, 0.0582]"
2018,ME82,0.8338,0.6454,0.3274,0.0475,0.0213,0.006,0.0011,3,1,1,1,0,0,0,0,"(-0.000582, 0.0582]"
2018,GD64,0.1662,0.066,0.0113,0.0009,0.0002,0.0,0.0,0,0,0,0,0,0,0,0,"(-0.000582, 0.0582]"
2018,H940,0.5155,0.1506,0.0371,0.0025,0.0006,0.0001,0.0,1,1,0,0,0,0,0,0,"(-0.000582, 0.0582]"
2018,CF59,0.4845,0.138,0.0334,0.0015,0.0003,0.0,0.0,0,0,0,0,0,0,0,0,"(-0.000582, 0.0582]"
2018,G476,0.6691,0.1708,0.0681,0.0065,0.0016,0.0001,0.0,1,1,0,0,0,0,0,0,"(-0.000582, 0.0582]"
2018,E698,0.3309,0.0527,0.0143,0.0005,0.0,0.0,0.0,0,0,0,0,0,0,0,0,"(-0.000582, 0.0582]"
2018,MM58,0.3179,0.2167,0.1168,0.0155,0.0058,0.0019,0.0003,2,1,1,0,0,0,0,0,"(-0.000582, 0.0582]"
2018,CG80,0.6821,0.5598,0.3916,0.0804,0.0446,0.0176,0.0042,0,0,0,0,0,0,0,0,"(-0.000582, 0.0582]"
2018,Q927,0.8827,0.663,0.3582,0.1946,0.0435,0.0172,0.0051,2,1,1,0,0,0,0,0,"(-0.000582, 0.0582]"
2018,TC61,0.1173,0.0333,0.0053,0.0007,0.0001,0.0,0.0,0,0,0,0,0,0,0,0,"(-0.000582, 0.0582]"
2018,SC77,0.4872,0.1481,0.0425,0.0123,0.0013,0.0001,0.0,1,1,0,0,0,0,0,0,"(-0.000582, 0.0582]"
2018,SH90,0.5128,0.1556,0.047,0.0147,0.002,0.0001,0.0,0,0,0,0,0,0,0,0,"(-0.000582, 0.0582]"
2018,L503,0.3374,0.0286,0.0044,0.0008,0.0,0.0,0.0,1,1,0,0,0,0,0,0,"(-0.000582, 0.0582]"
2018,DB63,0.6626,0.1091,0.0261,0.0056,0.0005,0.0001,0.0,0,0,0,0,0,0,0,0,"(-0.000582, 0.0582]"
2018,MC65,0.413,0.3454,0.1947,0.1021,0.0199,0.0059,0.0008,3,1,1,1,0,0,0,0,"(-0.000582, 0.0582]"
2018,G628,0.587,0.5169,0.3218,0.193,0.0478,0.0181,0.0042,0,0,0,0,0,0,0,0,"(-0.000582, 0.0582]"
2018,K435,0.8191,0.4786,0.262,0.1294,0.0232,0.0073,0.0014,2,1,1,0,0,0,0,0,"(-0.000582, 0.0582]"
2018,D864,0.1809,0.0471,0.0105,0.0027,0.0002,0.0,0.0,0,0,0,0,0,0,0,0,"(-0.000582, 0.0582]"
2018,MA30,0.8166,0.4347,0.2231,0.1047,0.0195,0.0059,0.0007,1,1,0,0,0,0,0,0,"(-0.000582, 0.0582]"
2018,MP01,0.1834,0.0396,0.0091,0.0013,0.0,0.0,0.0,0,0,0,0,0,0,0,0,"(-0.000582, 0.0582]"
2018,SA93,0.8034,0.3203,0.1344,0.0527,0.0073,0.0018,0.0004,1,1,0,0,0,0,0,0,"(-0.000582, 0.0582]"
2018,SJ55,0.1966,0.0314,0.005,0.0006,0.0,0.0,0.0,0,0,0,0,0,0,0,0,"(-0.000582, 0.0582]"
2018,A678,0.9033,0.626,0.3534,0.1846,0.0403,0.0143,0.0027,6,1,1,1,1,1,1,0,"(-0.000582, 0.0582]"
2018,GB93,0.0967,0.0223,0.0025,0.0002,0.0,0.0,0.0,0,0,0,0,0,0,0,0,"(-0.000582, 0.0582]"
2018,C977,0.936,0.8686,0.8034,0.5304,0.4146,0.177,0.0844,1,1,0,0,0,0,0,0,"(0.0582, 0.116]"
2018,N732,0.064,0.0279,0.0148,0.0022,0.0008,0.0,0.0,0,0,0,0,0,0,0,0,"(-0.000582, 0.0582]"
2018,PC11,0.6489,0.077,0.0435,0.0079,0.0022,0.0004,0.0,2,1,1,0,0,0,0,0,"(-0.000582, 0.0582]"
2018,KB95,0.3511,0.0265,0.0096,0.0011,0.0001,0.0,0.0,0,0,0,0,0,0,0,0,"(-0.000582, 0.0582]"
2018,MK66,0.5493,0.2055,0.0201,0.0029,0.0004,0.0,0.0,3,1,1,1,0,0,0,0,"(-0.000582, 0.0582]"
2018,BE90,0.4507,0.1514,0.0157,0.0016,0.0001,0.0001,0.0,0,0,0,0,0,0,0,0,"(-0.000582, 0.0582]"
2018,J551,0.4043,0.2375,0.0279,0.0053,0.0013,0.0001,0.0,1,1,0,0,0,0,0,0,"(-0.000582, 0.0582]"
2018,KB05,0.5957,0.4056,0.065,0.0151,0.0048,0.0006,0.0001,0,0,0,0,0,0,0,0,"(-0.000582, 0.0582]"
2018,PF39,0.7116,0.567,0.178,0.053,0.0229,0.0048,0.0009,1,1,0,0,0,0,0,0,"(-0.000582, 0.0582]"
2018,KB09,0.2884,0.1824,0.0301,0.0062,0.0013,0.0001,0.0,0,0,0,0,0,0,0,0,"(-0.000582, 0.0582]"
2018,DB59,0.5989,0.1667,0.0234,0.0041,0.0009,0.0001,0.0,2,1,1,0,0,0,0,0,"(-0.000582, 0.0582]"
2018,PB22,0.4011,0.0839,0.0066,0.0007,0.0001,0.0,0.0,0,0,0,0,0,0,0,0,"(-0.000582, 0.0582]"
2018,MH30,0.7468,0.1522,0.0801,0.0191,0.0071,0.0014,0.0001,1,1,0,0,0,0,0,0,"(-0.000582, 0.0582]"
2018,TA12,0.2532,0.0253,0.0067,0.0012,0.0,0.0,0.0,0,0,0,0,0,0,0,0,"(-0.000582, 0.0582]"
2018,R975,0.9407,0.8025,0.6693,0.3487,0.2558,0.095,0.0366,4,1,1,1,1,0,0,0,"(-0.000582, 0.0582]"
2018,BI23,0.0593,0.02,0.0058,0.0005,0.0002,0.0,0.0,0,0,0,0,0,0,0,0,"(-0.000582, 0.0582]"
2018,I186,0.8454,0.5672,0.4179,0.2344,0.0759,0.0166,0.0044,5,1,1,1,1,1,0,0,"(-0.000582, 0.0582]"
2018,MH16,0.1546,0.0422,0.0137,0.0024,0.0004,0.0,0.0,0,0,0,0,0,0,0,0,"(-0.000582, 0.0582]"
2018,BE54,0.298,0.0794,0.0352,0.0102,0.0014,0.0,0.0,1,1,0,0,0,0,0,0,"(-0.000582, 0.0582]"
2018,J386,0.702,0.3112,0.1995,0.0883,0.0199,0.0042,0.0009,0,0,0,0,0,0,0,0,"(-0.000582, 0.0582]"
2018,BH09,0.6244,0.3868,0.1533,0.0579,0.0104,0.0022,0.0004,1,1,0,0,0,0,0,0,"(-0.000582, 0.0582]"
2018,N771,0.3756,0.1813,0.0522,0.0156,0.0019,0.0001,0.0,0,0,0,0,0,0,0,0,"(-0.000582, 0.0582]"
2018,A829,0.4464,0.1764,0.0482,0.0121,0.0007,0.0002,0.0,2,1,1,0,0,0,0,0,"(-0.000582, 0.0582]"
2018,CD85,0.5536,0.2555,0.08,0.0223,0.0043,0.0006,0.0001,0,0,0,0,0,0,0,0,"(-0.000582, 0.0582]"
2018,TE51,0.806,0.5473,0.1969,0.0892,0.0171,0.0023,0.0001,3,1,1,1,0,0,0,0,"(-0.000582, 0.0582]"
2018,BK24,0.194,0.067,0.008,0.0009,0.0001,0.0,0.0,0,0,0,0,0,0,0,0,"(-0.000582, 0.0582]"
2018,DC58,0.4957,0.1918,0.0443,0.0117,0.0014,0.0,0.0,1,1,0,0,0,0,0,0,"(-0.000582, 0.0582]"
2018,J267,0.5043,0.1939,0.0418,0.0127,0.0008,0.0001,0.0,0,0,0,0,0,0,0,0,"(-0.000582, 0.0582]"
2018,F586,0.4439,0.0639,0.0235,0.0068,0.0012,0.0,0.0,2,1,1,0,0,0,0,0,"(-0.000582, 0.0582]"
2018,BF55,0.5561,0.0927,0.0386,0.0123,0.0016,0.0001,0.0,0,0,0,0,0,0,0,0,"(-0.000582, 0.0582]"
2018,W367,0.3906,0.3147,0.2301,0.1377,0.0407,0.0106,0.0022,1,1,0,0,0,0,0,0,"(-0.000582, 0.0582]"
2018,D875,0.6094,0.5287,0.4168,0.2855,0.1096,0.033,0.0107,0,0,0,0,0,0,0,0,"(-0.000582, 0.0582]"
2018,B837,0.2851,0.0973,0.0467,0.0052,0.0012,0.0002,0.0001,1,1,0,0,0,0,0,0,"(-0.000582, 0.0582]"
2018,TB69,0.7149,0.4039,0.2846,0.0598,0.024,0.0091,0.0025,0,0,0,0,0,0,0,0,"(-0.000582, 0.0582]"
2018,KE29,0.6176,0.3351,0.2244,0.042,0.018,0.0066,0.0016,3,1,1,1,0,0,0,0,"(-0.000582, 0.0582]"
2018,F401,0.3824,0.1637,0.0968,0.0139,0.0039,0.001,0.0003,0,0,0,0,0,0,0,0,"(-0.000582, 0.0582]"
2018,B747,0.6184,0.2946,0.1011,0.0118,0.0027,0.0002,0.0,1,1,0,0,0,0,0,0,"(-0.000582, 0.0582]"
2018,F724,0.3816,0.1418,0.0366,0.0028,0.0008,0.0002,0.0,0,0,0,0,0,0,0,0,"(-0.000582, 0.0582]"
2018,TD51,0.4786,0.266,0.0974,0.0119,0.0027,0.0007,0.0001,2,1,1,0,0,0,0,0,"(-0.000582, 0.0582]"
2018,V306,0.5214,0.2976,0.1124,0.0149,0.0047,0.0012,0.0002,0,0,0,0,0,0,0,0,"(-0.000582, 0.0582]"
2018,E831,0.7944,0.4729,0.0461,0.0181,0.0036,0.0007,0.0,2,1,1,0,0,0,0,0,"(-0.000582, 0.0582]"
2018,BI81,0.2056,0.0634,0.0028,0.0007,0.0001,0.0001,0.0,0,0,0,0,0,0,0,0,"(-0.000582, 0.0582]"
2018,KA98,0.1937,0.0407,0.001,0.0001,0.0,0.0,0.0,1,1,0,0,0,0,0,0,"(-0.000582, 0.0582]"
2018,SE73,0.8063,0.423,0.035,0.0135,0.0027,0.0004,0.0001,0,0,0,0,0,0,0,0,"(-0.000582, 0.0582]"
2018,Z184,0.3944,0.0113,0.0022,0.0003,0.0,0.0,0.0,1,1,0,0,0,0,0,0,"(-0.000582, 0.0582]"
2018,A887,0.6056,0.0236,0.0082,0.001,0.0001,0.0,0.0,0,0,0,0,0,0,0,0,"(-0.000582, 0.0582]"
2018,D643,0.9704,0.9488,0.8984,0.8029,0.6463,0.48,0.2828,7,1,1,1,1,1,1,1,"(0.233, 0.291]"
2018,SL08,0.0296,0.0163,0.0063,0.0011,0.0,0.0,0.0,0,0,0,0,0,0,0,0,"(-0.000582, 0.0582]"
2018,KE17,0.7907,0.6578,0.4122,0.2316,0.0673,0.0326,0.009,2,1,1,0,0,0,0,0,"(-0.000582, 0.0582]"
2018,I165,0.2093,0.1208,0.0409,0.01,0.001,0.0003,0.0001,0,0,0,0,0,0,0,0,"(-0.000582, 0.0582]"
2018,H756,0.6327,0.1606,0.0471,0.0126,0.0016,0.0002,0.0001,1,1,0,0,0,0,0,0,"(-0.000582, 0.0582]"
2018,CA99,0.3673,0.0608,0.0117,0.002,0.0002,0.0001,0.0,0,0,0,0,0,0,0,0,"(-0.000582, 0.0582]"
2018,TA46,0.7958,0.2728,0.1003,0.0316,0.0058,0.0018,0.0004,1,1,0,0,0,0,0,0,"(-0.000582, 0.0582]"
2018,HB71,0.2042,0.0323,0.005,0.0006,0.0,0.0,0.0,0,0,0,0,0,0,0,0,"(-0.000582, 0.0582]"
2018,N552,0.9084,0.6724,0.3796,0.1951,0.0548,0.0224,0.0071,4,1,1,1,1,0,0,0,"(-0.000582, 0.0582]"
2018,HB05,0.0916,0.0225,0.0032,0.0007,0.0001,0.0,0.0,0,0,0,0,0,0,0,0,"(-0.000582, 0.0582]"
2018,D923,0.74,0.5332,0.1797,0.0688,0.0117,0.0033,0.0006,1,1,0,0,0,0,0,0,"(-0.000582, 0.0582]"
2018,MN13,0.26,0.1277,0.0213,0.0028,0.0001,0.0001,0.0,0,0,0,0,0,0,0,0,"(-0.000582, 0.0582]"
2018,G858,0.6697,0.2528,0.0506,0.0113,0.0012,0.0002,0.0,3,1,1,1,0,0,0,0,"(-0.000582, 0.0582]"
2018,CI14,0.3303,0.0863,0.0108,0.0011,0.0001,0.0,0.0,0,0,0,0,0,0,0,0,"(-0.000582, 0.0582]"
2018,FB98,0.4462,0.0549,0.0171,0.0024,0.0,0.0,0.0,1,1,0,0,0,0,0,0,"(-0.000582, 0.0582]"
2018,SU87,0.5538,0.0759,0.0279,0.0049,0.0002,0.0,0.0,0,0,0,0,0,0,0,0,"(-0.000582, 0.0582]"
2018,Z355,0.923,0.8356,0.6806,0.423,0.1451,0.0776,0.0265,2,1,1,0,0,0,0,0,"(-0.000582, 0.0582]"
2018,D994,0.077,0.0336,0.012,0.0015,0.0,0.0,0.0,0,0,0,0,0,0,0,0,"(-0.000582, 0.0582]"
2018,D683,0.8244,0.598,0.4654,0.3585,0.1936,0.071,0.0263,4,1,1,1,1,0,0,0,"(-0.000582, 0.0582]"
2018,G967,0.1756,0.0665,0.0288,0.0126,0.003,0.0003,0.0,0,0,0,0,0,0,0,0,"(-0.000582, 0.0582]"
2018,L397,0.8427,0.3169,0.1965,0.1149,0.0425,0.0091,0.0018,1,1,0,0,0,0,0,0,"(-0.000582, 0.0582]"
2018,D874,0.1573,0.0186,0.0053,0.001,0.0,0.0,0.0,0,0,0,0,0,0,0,0,"(-0.000582, 0.0582]"
2018,PD31,0.8848,0.4595,0.1417,0.0727,0.0207,0.0039,0.0004,2,1,1,0,0,0,0,0,"(-0.000582, 0.0582]"
2018,J380,0.1152,0.0147,0.0017,0.0002,0.0,0.0,0.0,0,0,0,0,0,0,0,0,"(-0.000582, 0.0582]"
2018,SU55,0.3272,0.1298,0.0261,0.0087,0.0016,0.0002,0.0,1,1,0,0,0,0,0,0,"(-0.000582, 0.0582]"
2018,CA12,0.6728,0.396,0.1345,0.075,0.021,0.004,0.0005,0,0,0,0,0,0,0,0,"(-0.000582, 0.0582]"
2018,BK40,0.2594,0.0798,0.0191,0.0028,0.0004,0.0,0.0,1,1,0,0,0,0,0,0,"(-0.000582, 0.0582]"
2018,SM25,0.7406,0.3983,0.1722,0.0515,0.0112,0.0011,0.0,0,0,0,0,0,0,0,0,"(-0.000582, 0.0582]"
2018,SD32,0.6305,0.36,0.1555,0.0484,0.0123,0.0015,0.0004,3,1,1,1,0,0,0,0,"(-0.000582, 0.0582]"
2018,BG23,0.3695,0.1619,0.0514,0.0107,0.002,0.0,0.0,0,0,0,0,0,0,0,0,"(-0.000582, 0.0582]"
2018,R612,0.2954,0.0546,0.0166,0.0015,0.0004,0.0001,0.0,1,1,0,0,0,0,0,0,"(-0.000582, 0.0582]"
2018,R772,0.7046,0.2458,0.1224,0.0352,0.0087,0.0012,0.0,0,0,0,0,0,0,0,0,"(-0.000582, 0.0582]"
2018,E690,0.3008,0.1717,0.091,0.0256,0.0056,0.0004,0.0001,2,1,1,0,0,0,0,0,"(-0.000582, 0.0582]"
2018,GB88,0.6992,0.5279,0.3718,0.1807,0.0683,0.0151,0.0037,0,0,0,0,0,0,0,0,"(-0.000582, 0.0582]"
2018,SM37,0.4779,0.1655,0.05,0.0065,0.0007,0.0001,0.0,1,1,0,0,0,0,0,0,"(-0.000582, 0.0582]"
2018,BE67,0.5221,0.1891,0.0573,0.0071,0.0014,0.0002,0.0,0,0,0,0,0,0,0,0,"(-0.000582, 0.0582]"
2018,V708,0.482,0.3042,0.1301,0.0238,0.0071,0.0005,0.0,3,1,1,1,0,0,0,0,"(-0.000582, 0.0582]"
2018,MB02,0.518,0.3412,0.1544,0.0307,0.0103,0.0017,0.0002,0,0,0,0,0,0,0,0,"(-0.000582, 0.0582]"
2018,BA98,0.5046,0.2223,0.1205,0.0253,0.0075,0.0005,0.0,1,1,0,0,0,0,0,0,"(-0.000582, 0.0582]"
2018,C882,0.4954,0.2109,0.1181,0.0238,0.0067,0.0007,0.0001,0,0,0,0,0,0,0,0,"(-0.000582, 0.0582]"
2018,F510,0.8141,0.5129,0.351,0.1023,0.0425,0.0077,0.0011,2,1,1,0,0,0,0,0,"(-0.000582, 0.0582]"
2018,DA81,0.1859,0.0539,0.0186,0.0018,0.0001,0.0,0.0,0,0,0,0,0,0,0,0,"(-0.000582, 0.0582]"
2018,DH58,0.3247,0.0914,0.0099,0.0035,0.0005,0.0,0.0,2,1,1,0,0,0,0,0,"(-0.000582, 0.0582]"
2018,CF01,0.6753,0.3065,0.0607,0.0281,0.0098,0.0014,0.0003,0,0,0,0,0,0,0,0,"(-0.000582, 0.0582]"
2018,H996,0.4117,0.2302,0.0432,0.0244,0.008,0.0008,0.0003,1,1,0,0,0,0,0,0,"(-0.000582, 0.0582]"
2018,Z168,0.5883,0.3719,0.0925,0.0573,0.0224,0.0037,0.0005,0,0,0,0,0,0,0,0,"(-0.000582, 0.0582]"
2018,K926,0.604,0.0758,0.0289,0.0143,0.004,0.0002,0.0,1,1,0,0,0,0,0,0,"(-0.000582, 0.0582]"
2018,PD07,0.396,0.0364,0.0119,0.0032,0.0005,0.0,0.0,0,0,0,0,0,0,0,0,"(-0.000582, 0.0582]"
2018,N409,0.9126,0.838,0.7309,0.6405,0.4853,0.2354,0.1126,5,1,1,1,1,1,0,0,"(0.0582, 0.116]"
2018,SC56,0.0874,0.0498,0.022,0.0074,0.0019,0.0002,0.0001,0,0,0,0,0,0,0,0,"(-0.000582, 0.0582]"
2019,V306,0.7529,0.2704,0.1877,0.1065,0.0455,0.0221,0.0039,3,1,1,1,0,0,0,0,"(-0.000582, 0.0582]"
2019,MQ75,0.2471,0.0384,0.0169,0.0051,0.0012,0.0001,0.0,0,0,0,0,0,0,0,0,"(-0.000582, 0.0582]"
2019,T786,0.7576,0.5672,0.4794,0.3706,0.2329,0.1599,0.0526,2,1,1,0,0,0,0,0,"(-0.000582, 0.0582]"
2019,TA46,0.2424,0.124,0.08,0.0437,0.0167,0.0081,0.0016,0,0,0,0,0,0,0,0,"(-0.000582, 0.0582]"
2019,T742,0.5499,0.3253,0.0849,0.0361,0.0117,0.0041,0.0007,1,1,0,0,0,0,0,0,"(-0.000582, 0.0582]"
2019,N732,0.4501,0.2491,0.0599,0.0215,0.0057,0.0016,0.0002,0,0,0,0,0,0,0,0,"(-0.000582, 0.0582]"
2019,SH90,0.6726,0.3213,0.0767,0.029,0.0078,0.0026,0.0002,3,1,1,1,0,0,0,0,"(-0.000582, 0.0582]"
2019,J0A4,0.3274,0.1043,0.0145,0.003,0.0009,0.0002,0.0,0,0,0,0,0,0,0,0,"(-0.000582, 0.0582]"
2019,SA93,0.499,0.3499,0.1905,0.0796,0.0298,0.0133,0.0017,1,1,0,0,0,0,0,0,"(-0.000582, 0.0582]"
2019,J551,0.501,0.3515,0.1893,0.0769,0.0294,0.014,0.0023,0,0,0,0,0,0,0,0,"(-0.000582, 0.0582]"
2019,SL08,0.4175,0.1075,0.032,0.0069,0.0013,0.0002,0.0,3,1,1,1,0,0,0,0,"(-0.000582, 0.0582]"
2019,U134,0.5825,0.1911,0.069,0.0175,0.0051,0.0017,0.0,0,0,0,0,0,0,0,0,"(-0.000582, 0.0582]"
2019,RE44,0.4596,0.286,0.1563,0.0606,0.0252,0.012,0.002,1,1,0,0,0,0,0,0,"(-0.000582, 0.0582]"
2019,GD64,0.5404,0.3608,0.2139,0.0985,0.0414,0.0192,0.0032,0,0,0,0,0,0,0,0,"(-0.000582, 0.0582]"
2019,P09Z,0.3941,0.1172,0.0409,0.009,0.0019,0.0005,0.0,1,1,0,0,0,0,0,0,"(-0.000582, 0.0582]"
2019,CD85,0.6059,0.236,0.1081,0.0355,0.0111,0.0038,0.0001,0,0,0,0,0,0,0,0,"(-0.000582, 0.0582]"
2019,O522,0.4834,0.1827,0.0518,0.0101,0.0029,0.0008,0.0,2,1,1,0,0,0,0,0,"(-0.000582, 0.0582]"
2019,SK94,0.5166,0.2066,0.0619,0.0141,0.0045,0.0016,0.0003,0,0,0,0,0,0,0,0,"(-0.000582, 0.0582]"
2019,N771,0.3987,0.2232,0.0739,0.0182,0.0057,0.0019,0.0002,1,1,0,0,0,0,0,0,"(-0.000582, 0.0582]"
2019,I165,0.6013,0.3875,0.164,0.0565,0.0224,0.0087,0.0015,0,0,0,0,0,0,0,0,"(-0.000582, 0.0582]"
2019,MW02,0.1803,0.0755,0.0311,0.0073,0.0018,0.0005,0.0001,1,1,0,0,0,0,0,0,"(-0.000582, 0.0582]"
2019,D875,0.8197,0.618,0.4678,0.2493,0.1458,0.0872,0.0217,0,0,0,0,0,0,0,0,"(-0.000582, 0.0582]"
2019,MH30,0.5434,0.1767,0.0885,0.0261,0.0075,0.003,0.0001,2,1,1,0,0,0,0,0,"(-0.000582, 0.0582]"
2019,DA31,0.4566,0.1298,0.061,0.0168,0.0044,0.0014,0.0001,0,0,0,0,0,0,0,0,"(-0.000582, 0.0582]"
2019,MD56,0.5504,0.1942,0.0737,0.0351,0.0145,0.0059,0.0006,1,1,0,0,0,0,0,0,"(-0.000582, 0.0582]"
2019,G858,0.4496,0.1369,0.0472,0.0199,0.0065,0.003,0.0003,0,0,0,0,0,0,0,0,"(-0.000582, 0.0582]"
2019,L397,0.7983,0.5867,0.3383,0.2236,0.1336,0.0814,0.0225,1,1,0,0,0,0,0,0,"(-0.000582, 0.0582]"
2019,GC88,0.2017,0.0822,0.0227,0.0075,0.0018,0.0008,0.0001,0,0,0,0,0,0,0,0,"(-0.000582, 0.0582]"
2019,KE17,0.6535,0.5176,0.3254,0.2251,0.1405,0.0917,0.026,1,1,0,0,0,0,0,0,"(-0.000582, 0.0582]"
2019,TC61,0.3465,0.2307,0.1096,0.0563,0.0279,0.0145,0.0037,0,0,0,0,0,0,0,0,"(-0.000582, 0.0582]"
2019,K926,0.6975,0.2041,0.0746,0.0315,0.0123,0.0046,0.0003,3,1,1,1,0,0,0,0,"(-0.000582, 0.0582]"
2019,A596,0.3025,0.0476,0.0085,0.0026,0.0003,0.0,0.0,0,0,0,0,0,0,0,0,"(-0.000582, 0.0582]"
2019,KB09,0.646,0.3216,0.1347,0.0562,0.0189,0.0051,0.001,1,1,0,0,0,0,0,0,"(-0.000582, 0.0582]"
2019,J267,0.354,0.1201,0.0379,0.0115,0.0027,0.0004,0.0,0,0,0,0,0,0,0,0,"(-0.000582, 0.0582]"
2019,KE73,0.2814,0.1114,0.0308,0.0078,0.0014,0.0004,0.0001,1,1,0,0,0,0,0,0,"(-0.000582, 0.0582]"
2019,KB05,0.7186,0.4469,0.2254,0.1125,0.0463,0.0156,0.0011,0,0,0,0,0,0,0,0,"(-0.000582, 0.0582]"
2019,KI95,0.7146,0.4225,0.2681,0.1504,0.0694,0.028,0.0046,1,1,0,0,0,0,0,0,"(-0.000582, 0.0582]"
2019,CF59,0.2854,0.1136,0.0454,0.0152,0.0036,0.0011,0.0001,0,0,0,0,0,0,0,0,"(-0.000582, 0.0582]"
2019,K336,0.6865,0.3604,0.2158,0.1101,0.05,0.0183,0.003,1,1,0,0,0,0,0,0,"(-0.000582, 0.0582]"
2019,A622,0.3135,0.1035,0.0419,0.012,0.0037,0.0008,0.0,0,0,0,0,0,0,0,0,"(-0.000582, 0.0582]"
2019,J386,0.5749,0.3513,0.1738,0.0962,0.0424,0.0147,0.0026,2,1,1,0,0,0,0,0,"(-0.000582, 0.0582]"
2019,R772,0.4251,0.2328,0.0968,0.0443,0.0165,0.0059,0.0007,0,0,0,0,0,0,0,0,"(-0.000582, 0.0582]"
2019,H756,0.6453,0.3014,0.1306,0.0658,0.0237,0.0068,0.0009,1,1,0,0,0,0,0,0,"(-0.000582, 0.0582]"
2019,KC04,0.3547,0.1145,0.0323,0.01,0.0027,0.0005,0.0,0,0,0,0,0,0,0,0,"(-0.000582, 0.0582]"
2019,G710,0.3392,0.1609,0.0775,0.0361,0.0127,0.0036,0.0008,1,1,0,0,0,0,0,0,"(-0.000582, 0.0582]"
2019,SU87,0.6608,0.4157,0.2695,0.1643,0.0801,0.0354,0.006,0,0,0,0,0,0,0,0,"(-0.000582, 0.0582]"
2019,F724,0.504,0.2112,0.1083,0.053,0.0215,0.0056,0.0006,1,1,0,0,0,0,0,0,"(-0.000582, 0.0582]"
2019,DB59,0.496,0.2122,0.1112,0.0546,0.0217,0.0089,0.001,0,0,0,0,0,0,0,0,"(-0.000582, 0.0582]"
2019,FB98,0.3275,0.2243,0.1383,0.0943,0.0595,0.0255,0.0044,1,1,0,0,0,0,0,0,"(-0.000582, 0.0582]"
2019,BA47,0.6725,0.542,0.4216,0.3353,0.2582,0.1646,0.0572,0,0,0,0,0,0,0,0,"(-0.000582, 0.0582]"
2019,E687,0.7392,0.2032,0.1052,0.057,0.0255,0.0095,0.0012,2,1,1,0,0,0,0,0,"(-0.000582, 0.0582]"
2019,D874,0.2608,0.0305,0.0084,0.003,0.0007,0.0002,0.0,0,0,0,0,0,0,0,0,"(-0.000582, 0.0582]"
2019,D632,0.4792,0.2081,0.0616,0.0317,0.0153,0.0053,0.0006,1,1,0,0,0,0,0,0,"(-0.000582, 0.0582]"
2019,Z168,0.5208,0.2296,0.0691,0.0368,0.0155,0.0043,0.0006,0,0,0,0,0,0,0,0,"(-0.000582, 0.0582]"
2019,C882,0.4278,0.2201,0.0702,0.0351,0.016,0.0051,0.0006,1,1,0,0,0,0,0,0,"(-0.000582, 0.0582]"
2019,D923,0.5722,0.3422,0.1256,0.0714,0.0387,0.0141,0.003,0,0,0,0,0,0,0,0,"(-0.000582, 0.0582]"
2019,CI14,0.3873,0.0848,0.0234,0.003,0.0003,0.0001,0.0,1,1,0,0,0,0,0,0,"(-0.000582, 0.0582]"
2019,RC96,0.6127,0.1801,0.0643,0.0125,0.0033,0.0003,0.0,0,0,0,0,0,0,0,0,"(-0.000582, 0.0582]"
2019,CA12,0.6219,0.4832,0.3028,0.1237,0.0642,0.0237,0.0045,1,1,0,0,0,0,0,0,"(-0.000582, 0.0582]"
2019,K966,0.3781,0.2519,0.1223,0.0369,0.013,0.0038,0.0003,0,0,0,0,0,0,0,0,"(-0.000582, 0.0582]"
2019,BK24,0.3893,0.116,0.0373,0.0086,0.0027,0.0003,0.0001,1,1,0,0,0,0,0,0,"(-0.000582, 0.0582]"
2019,BK92,0.6107,0.2367,0.0994,0.0259,0.0102,0.0022,0.0001,0,0,0,0,0,0,0,0,"(-0.000582, 0.0582]"
2019,B837,0.6613,0.4634,0.2731,0.1045,0.0525,0.0178,0.0021,1,1,0,0,0,0,0,0,"(-0.000582, 0.0582]"
2019,SP24,0.3387,0.1839,0.0774,0.0203,0.0071,0.0017,0.0,0,0,0,0,0,0,0,0,"(-0.000582, 0.0582]"
2019,SL28,0.5929,0.3902,0.2648,0.1407,0.0613,0.0099,0.0053,2,1,1,0,0,0,0,0,"(-0.000582, 0.0582]"
2019,A829,0.4071,0.2305,0.1428,0.0652,0.0202,0.0028,0.001,0,0,0,0,0,0,0,0,"(-0.000582, 0.0582]"
2019,HB71,0.5115,0.1958,0.1084,0.0423,0.012,0.0008,0.0002,2,1,1,0,0,0,0,0,"(-0.000582, 0.0582]"
2019,L987,0.4885,0.1835,0.1006,0.0368,0.0086,0.0009,0.0003,0,0,0,0,0,0,0,0,"(-0.000582, 0.0582]"
2019,DB63,0.6076,0.2309,0.0698,0.02,0.0034,0.0001,0.0,1,1,0,0,0,0,0,0,"(-0.000582, 0.0582]"
2019,A887,0.3924,0.119,0.0276,0.0059,0.0007,0.0001,0.0,0,0,0,0,0,0,0,0,"(-0.000582, 0.0582]"
2019,E831,0.7266,0.5164,0.249,0.1107,0.0351,0.005,0.0019,1,1,0,0,0,0,0,0,"(-0.000582, 0.0582]"
2019,MU94,0.2734,0.1337,0.037,0.0079,0.0013,0.0001,0.0,0,0,0,0,0,0,0,0,"(-0.000582, 0.0582]"
2019,BE90,0.3214,0.0828,0.0182,0.0057,0.0005,0.0,0.0,1,1,0,0,0,0,0,0,"(-0.000582, 0.0582]"
2019,SU55,0.6786,0.2799,0.1006,0.0419,0.0105,0.0016,0.0006,0,0,0,0,0,0,0,0,"(-0.000582, 0.0582]"
2019,PD31,0.6422,0.4386,0.206,0.1177,0.0428,0.0056,0.0022,3,1,1,1,0,0,0,0,"(-0.000582, 0.0582]"
2019,LB84,0.3578,0.1987,0.0685,0.0288,0.0075,0.0005,0.0001,0,0,0,0,0,0,0,0,"(-0.000582, 0.0582]"
2019,PF39,0.3712,0.2477,0.143,0.0814,0.0292,0.0048,0.0022,2,1,1,0,0,0,0,0,"(-0.000582, 0.0582]"
2019,G628,0.6288,0.483,0.3446,0.2438,0.1235,0.0283,0.0148,0,0,0,0,0,0,0,0,"(-0.000582, 0.0582]"
2019,PC11,0.6281,0.1921,0.0914,0.044,0.0123,0.0013,0.0003,4,1,1,1,1,0,0,0,"(-0.000582, 0.0582]"
2019,CA99,0.3719,0.0772,0.0277,0.0072,0.0014,0.0,0.0,0,0,0,0,0,0,0,0,"(-0.000582, 0.0582]"
2019,DH58,0.585,0.2908,0.0783,0.0221,0.0082,0.0006,0.0002,1,1,0,0,0,0,0,0,"(-0.000582, 0.0582]"
2019,CF01,0.415,0.1724,0.0393,0.0082,0.0025,0.0002,0.0002,0,0,0,0,0,0,0,0,"(-0.000582, 0.0582]"
2019,SM37,0.6164,0.3572,0.1001,0.0332,0.0125,0.0019,0.0004,2,1,1,0,0,0,0,0,"(-0.000582, 0.0582]"
2019,E690,0.3836,0.1796,0.0382,0.0081,0.0022,0.0001,0.0001,0,0,0,0,0,0,0,0,"(-0.000582, 0.0582]"
2019,BD06,0.8317,0.5309,0.4212,0.24,0.166,0.0476,0.0303,5,1,1,1,1,1,0,0,"(-0.000582, 0.0582]"
2019,G967,0.1683,0.0511,0.0244,0.0054,0.0015,0.0002,0.0001,0,0,0,0,0,0,0,0,"(-0.000582, 0.0582]"
2019,W367,0.8052,0.3819,0.2845,0.1363,0.0878,0.0186,0.0104,1,1,0,0,0,0,0,0,"(-0.000582, 0.0582]"
2019,BE54,0.1948,0.0361,0.014,0.0035,0.001,0.0,0.0,0,0,0,0,0,0,0,0,"(-0.000582, 0.0582]"
2019,GB88,0.8833,0.6022,0.3568,0.2146,0.1448,0.036,0.0223,4,1,1,1,1,0,0,0,"(-0.000582, 0.0582]"
2019,KA98,0.1167,0.0302,0.0046,0.0012,0.0003,0.0,0.0,0,0,0,0,0,0,0,0,"(-0.000582, 0.0582]"
2019,SD32,0.8095,0.3352,0.1535,0.0716,0.0378,0.0065,0.0022,1,1,0,0,0,0,0,0,"(-0.000582, 0.0582]"
2019,CE25,0.1905,0.0324,0.0069,0.0012,0.0004,0.0,0.0,0,0,0,0,0,0,0,0,"(-0.000582, 0.0582]"
2019,AG37,0.8132,0.6684,0.3865,0.2281,0.1548,0.0426,0.0262,2,1,1,0,0,0,0,0,"(-0.000582, 0.0582]"
2019,PD07,0.1868,0.1012,0.0271,0.0078,0.0028,0.0004,0.0001,0,0,0,0,0,0,0,0,"(-0.000582, 0.0582]"
2019,BG23,0.7964,0.2107,0.0627,0.0185,0.007,0.0009,0.0003,1,1,0,0,0,0,0,0,"(-0.000582, 0.0582]"
2019,W503,0.2036,0.0197,0.0019,0.0002,0.0001,0.0,0.0,0,0,0,0,0,0,0,0,"(-0.000582, 0.0582]"
2019,BK40,0.8014,0.5244,0.2387,0.1456,0.0397,0.0249,0.0157,3,1,1,1,0,0,0,0,"(-0.000582, 0.0582]"
2019,BH09,0.1986,0.0658,0.0099,0.0033,0.0004,0.0,0.0,0,0,0,0,0,0,0,0,"(-0.000582, 0.0582]"
2019,HH26,0.1445,0.0226,0.0022,0.0002,0.0,0.0,0.0,3,1,1,1,0,0,0,0,"(-0.000582, 0.0582]"
2019,MC65,0.8555,0.3872,0.1416,0.0674,0.0134,0.0067,0.0038,0,0,0,0,0,0,0,0,"(-0.000582, 0.0582]"
2019,R975,0.9305,0.526,0.3337,0.2158,0.0694,0.0473,0.033,3,1,1,1,0,0,0,0,"(-0.000582, 0.0582]"
2019,GA94,0.0695,0.0069,0.001,0.0002,0.0,0.0,0.0,0,0,0,0,0,0,0,0,"(-0.000582, 0.0582]"
2019,C977,0.7329,0.3823,0.2386,0.1563,0.0462,0.0342,0.0235,1,1,0,0,0,0,0,0,"(-0.000582, 0.0582]"
2019,ME82,0.2671,0.0848,0.0343,0.0141,0.0023,0.0006,0.0003,0,0,0,0,0,0,0,0,"(-0.000582, 0.0582]"
2019,F510,0.6473,0.31,0.1338,0.0442,0.0074,0.0029,0.0014,2,1,1,0,0,0,0,0,"(-0.000582, 0.0582]"
2019,TD51,0.3527,0.1193,0.0352,0.0063,0.0011,0.0007,0.0001,0,0,0,0,0,0,0,0,"(-0.000582, 0.0582]"
2019,MM58,0.8976,0.5534,0.2757,0.1124,0.0224,0.0139,0.008,2,1,1,0,0,0,0,0,"(-0.000582, 0.0582]"
2019,L503,0.1024,0.0173,0.001,0.0,0.0,0.0,0.0,0,0,0,0,0,0,0,0,"(-0.000582, 0.0582]"
2019,KE29,0.9026,0.4842,0.2735,0.1159,0.025,0.0152,0.0097,2,1,1,0,0,0,0,0,"(-0.000582, 0.0582]"
2019,KF17,0.0974,0.0104,0.0015,0.0002,0.0,0.0,0.0,0,0,0,0,0,0,0,0,"(-0.000582, 0.0582]"
2019,I186,0.7431,0.4219,0.2504,0.1111,0.0274,0.0159,0.0099,1,1,0,0,0,0,0,0,"(-0.000582, 0.0582]"
2019,RH16,0.2569,0.0835,0.0289,0.007,0.0003,0.0,0.0,0,0,0,0,0,0,0,0,"(-0.000582, 0.0582]"
2019,N552,0.8782,0.5854,0.356,0.0822,0.0433,0.0278,0.0194,4,1,1,1,1,0,0,0,"(-0.000582, 0.0582]"
2019,MJ08,0.1218,0.0283,0.0049,0.0002,0.0001,0.0,0.0,0,0,0,0,0,0,0,0,"(-0.000582, 0.0582]"
2019,F586,0.2397,0.0522,0.012,0.0008,0.0002,0.0,0.0,2,1,1,0,0,0,0,0,"(-0.000582, 0.0582]"
2019,TE51,0.7603,0.3341,0.166,0.024,0.011,0.0068,0.0048,0,0,0,0,0,0,0,0,"(-0.000582, 0.0582]"
2019,V708,0.2629,0.0792,0.0199,0.0013,0.0,0.0,0.0,2,1,1,0,0,0,0,0,"(-0.000582, 0.0582]"
2019,Z355,0.7371,0.3939,0.1958,0.0368,0.0175,0.011,0.0063,0,0,0,0,0,0,0,0,"(-0.000582, 0.0582]"
2019,Q927,0.4707,0.238,0.1084,0.0173,0.0075,0.0038,0.0019,4,1,1,1,1,0,0,0,"(-0.000582, 0.0582]"
2019,TB69,0.5293,0.2889,0.137,0.0221,0.0105,0.0057,0.0034,0,0,0,0,0,0,0,0,"(-0.000582, 0.0582]"
2019,A678,0.6883,0.2175,0.0427,0.0249,0.0137,0.0086,0.006,2,1,1,0,0,0,0,0,"(-0.000582, 0.0582]"
2019,H996,0.3117,0.0585,0.0053,0.0014,0.0007,0.0002,0.0001,0,0,0,0,0,0,0,0,"(-0.000582, 0.0582]"
2019,N409,0.9452,0.7154,0.2728,0.2116,0.1597,0.1331,0.11,5,1,1,1,1,1,0,0,"(0.0582, 0.116]"
2019,SE73,0.0548,0.0086,0.0004,0.0,0.0,0.0,0.0,0,0,0,0,0,0,0,0,"(-0.000582, 0.0582]"
2019,F324,0.9769,0.5185,0.3561,0.3033,0.2513,0.2224,0.1994,6,1,1,1,1,1,1,0,"(0.174, 0.233]"
2019,HG86,0.0231,0.0011,0.0,0.0,0.0,0.0,0.0,0,0,0,0,0,0,0,0,"(-0.000582, 0.0582]"
2019,D643,0.9188,0.4721,0.3213,0.2737,0.2294,0.2009,0.1784,7,1,1,1,1,1,1,1,"(0.174, 0.233]"
2019,K435,0.0812,0.0083,0.0014,0.0004,0.0001,0.0,0.0,0,0,0,0,0,0,0,0,"(-0.000582, 0.0582]"
2021,D643,0.9663,0.8218,0.7184,0.5041,0.4555,0.3846,0.3537,7,1,1,1,1,1,1,1,"(0.349, 0.407]"
2021,D0CO,0.0337,0.0067,0.0011,0.0,0.0,0.0,0.0,0,0,0,0,0,0,0,0,"(-0.000582, 0.0582]"
2021,MM58,0.7999,0.1561,0.0937,0.0324,0.0238,0.0125,0.0088,3,1,1,1,0,0,0,0,"(-0.000582, 0.0582]"
2021,SL28,0.2001,0.0154,0.0041,0.0002,0.0,0.0,0.0,0,0,0,0,0,0,0,0,"(-0.000582, 0.0582]"
2021,TD51,0.211,0.0537,0.0033,0.0001,0.0,0.0,0.0,2,1,1,0,0,0,0,0,"(-0.000582, 0.0582]"
2021,TE51,0.789,0.4171,0.0801,0.0219,0.0127,0.0061,0.0038,0,0,0,0,0,0,0,0,"(-0.000582, 0.0582]"
2021,Z355,0.8986,0.5112,0.099,0.0272,0.0164,0.0095,0.0062,3,1,1,1,0,0,0,0,"(-0.000582, 0.0582]"
2021,GJ37,0.1014,0.018,0.0003,0.0,0.0,0.0,0.0,0,0,0,0,0,0,0,0,"(-0.000582, 0.0582]"
2021,RE44,0.9035,0.231,0.1058,0.0268,0.0172,0.0083,0.0051,3,1,1,1,0,0,0,0,"(-0.000582, 0.0582]"
2021,D874,0.0965,0.0031,0.0002,0.0,0.0,0.0,0.0,0,0,0,0,0,0,0,0,"(-0.000582, 0.0582]"
2021,F324,0.9148,0.7382,0.5455,0.2772,0.2386,0.1889,0.1665,4,1,1,1,1,0,0,0,"(0.116, 0.174]"
2021,ME82,0.0852,0.0277,0.0049,0.0007,0.0003,0.0,0.0,0,0,0,0,0,0,0,0,"(-0.000582, 0.0582]"
2021,BK40,0.9082,0.6764,0.272,0.0952,0.073,0.0489,0.0364,6,1,1,1,1,1,1,0,"(-0.000582, 0.0582]"
2021,PC11,0.0918,0.0221,0.0024,0.0001,0.0,0.0,0.0,0,0,0,0,0,0,0,0,"(-0.000582, 0.0582]"
2021,BD06,0.7542,0.261,0.0647,0.0136,0.0084,0.0031,0.0021,3,1,1,1,0,0,0,0,"(-0.000582, 0.0582]"
2021,MH30,0.2458,0.0405,0.0045,0.0005,0.0001,0.0,0.0,0,0,0,0,0,0,0,0,"(-0.000582, 0.0582]"
2021,SM37,0.5853,0.2753,0.1179,0.0418,0.0042,0.0018,0.0007,2,1,1,0,0,0,0,0,"(-0.000582, 0.0582]"
2021,PD31,0.4147,0.1607,0.0577,0.018,0.0015,0.0005,0.0003,0,0,0,0,0,0,0,0,"(-0.000582, 0.0582]"
2021,SU55,0.4987,0.284,0.1263,0.0498,0.0057,0.0017,0.0006,5,1,1,1,1,1,0,0,"(-0.000582, 0.0582]"
2021,K435,0.5013,0.28,0.1245,0.0513,0.0058,0.0016,0.001,0,0,0,0,0,0,0,0,"(-0.000582, 0.0582]"
2021,Q927,0.5958,0.3447,0.2154,0.1075,0.0177,0.0072,0.004,1,1,0,0,0,0,0,0,"(-0.000582, 0.0582]"
2021,CD85,0.4042,0.1991,0.104,0.0401,0.0054,0.0018,0.0009,0,0,0,0,0,0,0,0,"(-0.000582, 0.0582]"
2021,TC61,0.3092,0.0991,0.0403,0.0124,0.001,0.0003,0.0001,2,1,1,0,0,0,0,0,"(-0.000582, 0.0582]"
2021,RH16,0.6908,0.3571,0.2139,0.1011,0.016,0.0055,0.0034,0,0,0,0,0,0,0,0,"(-0.000582, 0.0582]"
2021,MC65,0.7809,0.4128,0.1419,0.0677,0.0068,0.0017,0.0006,1,1,0,0,0,0,0,0,"(-0.000582, 0.0582]"
2021,O483,0.2191,0.0523,0.0064,0.0018,0.0001,0.0,0.0,0,0,0,0,0,0,0,0,"(-0.000582, 0.0582]"
2021,HB71,0.4198,0.2054,0.055,0.0209,0.0012,0.0003,0.0,5,1,1,1,1,1,0,0,"(-0.000582, 0.0582]"
2021,M0EJ,0.5802,0.3295,0.1104,0.0501,0.0059,0.0015,0.001,0,0,0,0,0,0,0,0,"(-0.000582, 0.0582]"
2021,K0AH,0.4692,0.2115,0.1379,0.0822,0.012,0.0049,0.003,3,1,1,1,0,0,0,0,"(-0.000582, 0.0582]"
2021,DH58,0.5308,0.253,0.1686,0.0993,0.0154,0.0065,0.0039,0,0,0,0,0,0,0,0,"(-0.000582, 0.0582]"
2021,AG37,0.8396,0.5008,0.3663,0.2513,0.0552,0.0258,0.0176,4,1,1,1,1,0,0,0,"(-0.000582, 0.0582]"
2021,MJ08,0.1604,0.0347,0.0135,0.0047,0.0001,0.0,0.0,0,0,0,0,0,0,0,0,"(-0.000582, 0.0582]"
2021,GD64,0.697,0.3046,0.1517,0.0344,0.0126,0.0011,0.0003,3,1,1,1,0,0,0,0,"(-0.000582, 0.0582]"
2021,Z419,0.303,0.0736,0.0256,0.0026,0.0007,0.0,0.0,0,0,0,0,0,0,0,0,"(-0.000582, 0.0582]"
2021,D875,0.6194,0.4059,0.2512,0.0784,0.0329,0.0058,0.0024,1,1,0,0,0,0,0,0,"(-0.000582, 0.0582]"
2021,V306,0.3806,0.2159,0.1078,0.0225,0.0086,0.0013,0.0005,0,0,0,0,0,0,0,0,"(-0.000582, 0.0582]"
2021,F724,0.4893,0.2222,0.0998,0.0198,0.0061,0.0008,0.0006,4,1,1,1,1,0,0,0,"(-0.000582, 0.0582]"
2021,S0AG,0.5107,0.2441,0.1053,0.0222,0.0059,0.0006,0.0003,0,0,0,0,0,0,0,0,"(-0.000582, 0.0582]"
2021,CA12,0.4436,0.2237,0.1022,0.0208,0.0065,0.0003,0.0001,1,1,0,0,0,0,0,0,"(-0.000582, 0.0582]"
2021,KC56,0.5564,0.31,0.1564,0.039,0.0135,0.0016,0.0007,0,0,0,0,0,0,0,0,"(-0.000582, 0.0582]"
2021,KE17,0.4229,0.2707,0.0989,0.0718,0.0384,0.0074,0.0046,2,1,1,0,0,0,0,0,"(-0.000582, 0.0582]"
2021,HH26,0.5771,0.4084,0.1794,0.1348,0.0804,0.0234,0.0164,0,0,0,0,0,0,0,0,"(-0.000582, 0.0582]"
2021,E687,0.4572,0.1384,0.0362,0.0203,0.0073,0.0006,0.0003,2,1,1,0,0,0,0,0,"(-0.000582, 0.0582]"
2021,L397,0.5428,0.1825,0.0521,0.0297,0.01,0.0019,0.0008,0,0,0,0,0,0,0,0,"(-0.000582, 0.0582]"
2021,SU87,0.8064,0.2007,0.0801,0.0448,0.0193,0.0029,0.001,3,1,1,1,0,0,0,0,"(-0.000582, 0.0582]"
2021,S483,0.1936,0.0172,0.002,0.0008,0.0,0.0,0.0,0,0,0,0,0,0,0,0,"(-0.000582, 0.0582]"
2021,MC10,0.8693,0.7203,0.5296,0.4476,0.3347,0.1321,0.1028,2,1,1,0,0,0,0,0,"(0.0582, 0.116]"
2021,BG23,0.1307,0.0618,0.0217,0.0105,0.0031,0.0003,0.0002,0,0,0,0,0,0,0,0,"(-0.000582, 0.0582]"
2021,KE29,0.6084,0.3769,0.1851,0.0798,0.0296,0.0058,0.003,4,1,1,1,1,0,0,0,"(-0.000582, 0.0582]"
2021,MK66,0.3916,0.1974,0.0783,0.0258,0.0079,0.0009,0.0002,0,0,0,0,0,0,0,0,"(-0.000582, 0.0582]"
2021,F510,0.6817,0.3294,0.149,0.0588,0.0188,0.0028,0.0018,2,1,1,0,0,0,0,0,"(-0.000582, 0.0582]"
2021,R772,0.3183,0.0963,0.027,0.006,0.0013,0.0,0.0,0,0,0,0,0,0,0,0,"(-0.000582, 0.0582]"
2021,KE73,0.4147,0.0956,0.0299,0.0066,0.0014,0.0003,0.0001,2,1,1,0,0,0,0,0,"(-0.000582, 0.0582]"
2021,O522,0.5853,0.1645,0.0592,0.0172,0.0037,0.0001,0.0,0,0,0,0,0,0,0,0,"(-0.000582, 0.0582]"
2021,N732,0.1476,0.0594,0.016,0.0033,0.0002,0.0001,0.0,1,1,0,0,0,0,0,0,"(-0.000582, 0.0582]"
2021,I186,0.8524,0.6805,0.4555,0.2495,0.1163,0.0258,0.0163,0,0,0,0,0,0,0,0,"(-0.000582, 0.0582]"
2021,N771,0.5994,0.4123,0.1833,0.0944,0.037,0.0083,0.0046,2,1,1,0,0,0,0,0,"(-0.000582, 0.0582]"
2021,PF39,0.4006,0.2319,0.0804,0.0351,0.0093,0.0016,0.001,0,0,0,0,0,0,0,0,"(-0.000582, 0.0582]"
2021,KB09,0.3658,0.1039,0.0254,0.0074,0.0015,0.0001,0.0,2,1,1,0,0,0,0,0,"(-0.000582, 0.0582]"
2021,DH50,0.6342,0.2519,0.0802,0.0335,0.0091,0.0012,0.0007,0,0,0,0,0,0,0,0,"(-0.000582, 0.0582]"
2021,FB98,0.721,0.2373,0.1181,0.0518,0.0171,0.0018,0.0006,2,1,1,0,0,0,0,0,"(-0.000582, 0.0582]"
2021,N0AE,0.279,0.0469,0.0122,0.003,0.0007,0.0001,0.0,0,0,0,0,0,0,0,0,"(-0.000582, 0.0582]"
2021,C977,0.9307,0.702,0.4986,0.3274,0.1661,0.048,0.0323,2,1,1,0,0,0,0,0,"(-0.000582, 0.0582]"
2021,CE25,0.0693,0.0138,0.0018,0.0004,0.0,0.0,0.0,0,0,0,0,0,0,0,0,"(-0.000582, 0.0582]"
2021,A0E2,0.6748,0.1753,0.0679,0.0346,0.0158,0.0055,0.0001,1,1,0,0,0,0,0,0,"(-0.000582, 0.0582]"
2021,U134,0.3252,0.0535,0.0141,0.0042,0.0014,0.0006,0.0,0,0,0,0,0,0,0,0,"(-0.000582, 0.0582]"
2021,A678,0.8949,0.7338,0.5254,0.4138,0.3028,0.1933,0.047,1,1,0,0,0,0,0,0,"(-0.000582, 0.0582]"
2021,BS86,0.1051,0.0374,0.0075,0.0025,0.0004,0.0001,0.0,0,0,0,0,0,0,0,0,"(-0.000582, 0.0582]"
2021,A596,0.2023,0.0436,0.0074,0.002,0.0004,0.0,0.0,1,1,0,0,0,0,0,0,"(-0.000582, 0.0582]"
2021,H996,0.7977,0.4313,0.1747,0.1102,0.0645,0.0323,0.0047,0,0,0,0,0,0,0,0,"(-0.000582, 0.0582]"
2021,BH09,0.3946,0.1854,0.0588,0.0319,0.0145,0.0038,0.0002,2,1,1,0,0,0,0,0,"(-0.000582, 0.0582]"
2021,MW02,0.6054,0.3397,0.1442,0.0903,0.0504,0.0231,0.0025,0,0,0,0,0,0,0,0,"(-0.000582, 0.0582]"
2021,BI81,0.3963,0.1889,0.0581,0.013,0.0035,0.0007,0.0,1,1,0,0,0,0,0,0,"(-0.000582, 0.0582]"
2021,KB05,0.6037,0.3417,0.1366,0.035,0.0133,0.0042,0.0005,0,0,0,0,0,0,0,0,"(-0.000582, 0.0582]"
2021,BM95,0.4333,0.1823,0.0537,0.0097,0.0027,0.0008,0.0,1,1,0,0,0,0,0,0,"(-0.000582, 0.0582]"
2021,TA29,0.5667,0.2871,0.1031,0.0234,0.0085,0.0019,0.0002,0,0,0,0,0,0,0,0,"(-0.000582, 0.0582]"
2021,BI23,0.4162,0.1136,0.0516,0.0093,0.0026,0.0007,0.0,1,1,0,0,0,0,0,0,"(-0.000582, 0.0582]"
2021,CF01,0.5838,0.1966,0.1072,0.0266,0.0102,0.0029,0.0001,0,0,0,0,0,0,0,0,"(-0.000582, 0.0582]"
2021,BK92,0.6207,0.4559,0.342,0.1508,0.0845,0.0406,0.0062,2,1,1,0,0,0,0,0,"(-0.000582, 0.0582]"
2021,K926,0.3793,0.2339,0.1477,0.0427,0.0193,0.0061,0.0006,0,0,0,0,0,0,0,0,"(-0.000582, 0.0582]"
2021,DB63,0.3914,0.1885,0.0603,0.0237,0.0055,0.0013,0.0,1,1,0,0,0,0,0,0,"(-0.000582, 0.0582]"
2021,C882,0.6086,0.3615,0.1566,0.0765,0.027,0.0096,0.0007,0,0,0,0,0,0,0,0,"(-0.000582, 0.0582]"
2021,D994,0.4085,0.1667,0.0466,0.016,0.0036,0.0009,0.0001,2,1,1,0,0,0,0,0,"(-0.000582, 0.0582]"
2021,A829,0.5915,0.2833,0.1022,0.0474,0.0147,0.0049,0.0002,0,0,0,0,0,0,0,0,"(-0.000582, 0.0582]"
2021,GE33,0.5487,0.1908,0.1034,0.0462,0.0165,0.0057,0.0004,1,1,0,0,0,0,0,0,"(-0.000582, 0.0582]"
2021,CE77,0.4513,0.1453,0.0677,0.0289,0.0083,0.003,0.0,0,0,0,0,0,0,0,0,"(-0.000582, 0.0582]"
2021,G628,0.7526,0.546,0.4038,0.2746,0.1493,0.0814,0.018,1,1,0,0,0,0,0,0,"(-0.000582, 0.0582]"
2021,SE73,0.2474,0.1179,0.0594,0.0248,0.0081,0.0018,0.0004,0,0,0,0,0,0,0,0,"(-0.000582, 0.0582]"
2021,GC89,0.7702,0.3798,0.2119,0.1075,0.0407,0.014,0.001,1,1,0,0,0,0,0,0,"(-0.000582, 0.0582]"
2021,CI14,0.2298,0.0554,0.0137,0.0028,0.0007,0.0001,0.0,0,0,0,0,0,0,0,0,"(-0.000582, 0.0582]"
2021,GC88,0.6034,0.3605,0.2167,0.1122,0.046,0.0197,0.0021,1,1,0,0,0,0,0,0,"(-0.000582, 0.0582]"
2021,RH24,0.3966,0.2043,0.1022,0.0433,0.0148,0.0045,0.0004,0,0,0,0,0,0,0,0,"(-0.000582, 0.0582]"
2021,HG86,0.7005,0.4652,0.2477,0.1263,0.0515,0.0214,0.0019,1,1,0,0,0,0,0,0,"(-0.000582, 0.0582]"
2021,BE90,0.2995,0.1356,0.0469,0.0136,0.0035,0.0012,0.0001,0,0,0,0,0,0,0,0,"(-0.000582, 0.0582]"
2021,HA71,0.4583,0.1723,0.0647,0.0216,0.0051,0.0013,0.0,1,1,0,0,0,0,0,0,"(-0.000582, 0.0582]"
2021,Z371,0.5417,0.2269,0.0962,0.0346,0.0099,0.0027,0.0003,0,0,0,0,0,0,0,0,"(-0.000582, 0.0582]"
2021,I305,0.6593,0.3063,0.1448,0.05,0.0204,0.0067,0.0002,3,1,1,1,0,0,0,0,"(-0.000582, 0.0582]"
2021,MU94,0.3407,0.1083,0.0375,0.0084,0.0022,0.0003,0.0,0,0,0,0,0,0,0,0,"(-0.000582, 0.0582]"
2021,J386,0.6424,0.4073,0.2302,0.0899,0.0442,0.0163,0.0024,1,1,0,0,0,0,0,0,"(-0.000582, 0.0582]"
2021,DB59,0.3576,0.1781,0.0785,0.0212,0.0064,0.0022,0.0002,0,0,0,0,0,0,0,0,"(-0.000582, 0.0582]"
2021,KI95,0.7014,0.397,0.2198,0.0824,0.0391,0.0153,0.0014,1,1,0,0,0,0,0,0,"(-0.000582, 0.0582]"
2021,BF23,0.2986,0.1073,0.0377,0.0107,0.0024,0.0006,0.0002,0,0,0,0,0,0,0,0,"(-0.000582, 0.0582]"
2021,KF17,0.7258,0.401,0.2199,0.0869,0.0379,0.0154,0.0019,1,1,0,0,0,0,0,0,"(-0.000582, 0.0582]"
2021,MN20,0.2742,0.0947,0.0316,0.0067,0.0013,0.0,0.0,0,0,0,0,0,0,0,0,"(-0.000582, 0.0582]"
2021,L987,0.344,0.1578,0.034,0.013,0.0039,0.0007,0.0001,1,1,0,0,0,0,0,0,"(-0.000582, 0.0582]"
2021,SD32,0.656,0.3985,0.1351,0.0692,0.0288,0.011,0.0013,0,0,0,0,0,0,0,0,"(-0.000582, 0.0582]"
2021,ML57,0.6528,0.3232,0.0938,0.0431,0.0159,0.0065,0.0008,1,1,0,0,0,0,0,0,"(-0.000582, 0.0582]"
2021,LB84,0.3472,0.1205,0.0219,0.008,0.0028,0.0002,0.0,0,0,0,0,0,0,0,0,"(-0.000582, 0.0582]"
2021,MO44,0.5343,0.1218,0.0603,0.0258,0.0096,0.0026,0.0001,2,1,1,0,0,0,0,0,"(-0.000582, 0.0582]"
2021,TA12,0.4657,0.0963,0.0437,0.0169,0.0059,0.0021,0.0001,0,0,0,0,0,0,0,0,"(-0.000582, 0.0582]"
2021,N552,0.8052,0.674,0.5542,0.4396,0.3146,0.2105,0.0535,1,1,0,0,0,0,0,0,"(-0.000582, 0.0582]"
2021,P09Z,0.1948,0.1079,0.057,0.0282,0.0098,0.0039,0.0003,0,0,0,0,0,0,0,0,"(-0.000582, 0.0582]"
2021,O449,0.4299,0.203,0.0818,0.0242,0.0068,0.002,0.0003,1,1,0,0,0,0,0,0,"(-0.000582, 0.0582]"
2021,RC91,0.5701,0.303,0.1392,0.0495,0.0157,0.0044,0.0006,0,0,0,0,0,0,0,0,"(-0.000582, 0.0582]"
2021,PG94,0.3216,0.12,0.039,0.0094,0.0024,0.0002,0.0,1,1,0,0,0,0,0,0,"(-0.000582, 0.0582]"
2021,L575,0.6784,0.374,0.181,0.0638,0.0225,0.0085,0.0012,0,0,0,0,0,0,0,0,"(-0.000582, 0.0582]"
2021,PD07,0.7128,0.4366,0.2708,0.1221,0.0536,0.0218,0.0024,1,1,0,0,0,0,0,0,"(-0.000582, 0.0582]"
2021,CF59,0.2872,0.1152,0.0503,0.0131,0.0036,0.001,0.0001,0,0,0,0,0,0,0,0,"(-0.000582, 0.0582]"
2021,SL08,0.657,0.3267,0.1877,0.0757,0.0275,0.0093,0.0008,1,1,0,0,0,0,0,0,"(-0.000582, 0.0582]"
2021,GB93,0.343,0.1215,0.0502,0.0131,0.0033,0.0008,0.0001,0,0,0,0,0,0,0,0,"(-0.000582, 0.0582]"
2021,SA93,0.6468,0.4321,0.1848,0.1107,0.0481,0.0196,0.0028,1,1,0,0,0,0,0,0,"(-0.000582, 0.0582]"
2021,SH90,0.3532,0.1805,0.0487,0.0203,0.0056,0.0018,0.0002,0,0,0,0,0,0,0,0,"(-0.000582, 0.0582]"
2021,V812,0.5244,0.2088,0.0621,0.0276,0.0093,0.0018,0.0001,1,1,0,0,0,0,0,0,"(-0.000582, 0.0582]"
2021,BK24,0.4756,0.1786,0.0518,0.021,0.0064,0.0019,0.0002,0,0,0,0,0,0,0,0,"(-0.000582, 0.0582]"
2021,V708,0.6306,0.2455,0.141,0.0827,0.038,0.0169,0.002,1,1,0,0,0,0,0,0,"(-0.000582, 0.0582]"
2021,H997,0.3694,0.1025,0.0472,0.0212,0.0073,0.0022,0.0004,0,0,0,0,0,0,0,0,"(-0.000582, 0.0582]"
2021,Y268,0.1969,0.0757,0.0334,0.0161,0.0043,0.0017,0.0001,1,1,0,0,0,0,0,0,"(-0.000582, 0.0582]"
2021,T786,0.8031,0.5763,0.431,0.3295,0.2004,0.1217,0.0272,0,0,0,0,0,0,0,0,"(-0.000582, 0.0582]"
2022,D643,0.9626,0.9278,0.8903,0.8217,0.6995,0.6237,0.4755,7,1,1,1,1,1,1,1,"(0.465, 0.523]"
2022,KF17,0.0374,0.0184,0.0096,0.0029,0.0004,0.0,0.0,0,0,0,0,0,0,0,0,"(-0.000582, 0.0582]"
2022,KD46,0.5645,0.0327,0.0177,0.007,0.0017,0.0004,0.0,1,1,0,0,0,0,0,0,"(-0.000582, 0.0582]"
2022,MQ75,0.4355,0.0211,0.01,0.0041,0.0007,0.0001,0.0,0,0,0,0,0,0,0,0,"(-0.000582, 0.0582]"
2022,TE30,0.4302,0.1428,0.008,0.0029,0.0003,0.0001,0.0,1,1,0,0,0,0,0,0,"(-0.000582, 0.0582]"
2022,DB63,0.5698,0.2355,0.0139,0.0045,0.0007,0.0003,0.0,0,0,0,0,0,0,0,0,"(-0.000582, 0.0582]"
2022,KI95,0.5509,0.3533,0.0298,0.0126,0.0034,0.0014,0.0003,2,1,1,0,0,0,0,0,"(-0.000582, 0.0582]"
2022,MH30,0.4491,0.2684,0.0207,0.0068,0.0022,0.0007,0.0001,0,0,0,0,0,0,0,0,"(-0.000582, 0.0582]"
2022,BG23,0.6792,0.4567,0.1834,0.0198,0.0043,0.001,0.0003,2,1,1,0,0,0,0,0,"(-0.000582, 0.0582]"
2022,R685,0.3208,0.1613,0.0398,0.0024,0.0005,0.0002,0.0,0,0,0,0,0,0,0,0,"(-0.000582, 0.0582]"
2022,HB64,0.2752,0.0618,0.0095,0.0002,0.0,0.0,0.0,1,1,0,0,0,0,0,0,"(-0.000582, 0.0582]"
2022,PD31,0.7248,0.3202,0.0911,0.0067,0.0013,0.0003,0.0,0,0,0,0,0,0,0,0,"(-0.000582, 0.0582]"
2022,V942,0.9045,0.7248,0.5606,0.1011,0.0468,0.0247,0.0093,3,1,1,1,0,0,0,0,"(-0.000582, 0.0582]"
2022,D874,0.0955,0.0281,0.0085,0.0001,0.0,0.0,0.0,0,0,0,0,0,0,0,0,"(-0.000582, 0.0582]"
2022,O522,0.514,0.1304,0.0574,0.004,0.001,0.0002,0.0,1,1,0,0,0,0,0,0,"(-0.000582, 0.0582]"
2022,TE16,0.486,0.1167,0.0497,0.0032,0.0005,0.0001,0.0,0,0,0,0,0,0,0,0,"(-0.000582, 0.0582]"
2022,S0AG,0.3695,0.2152,0.0493,0.0143,0.0019,0.0007,0.0002,4,1,1,1,1,0,0,0,"(-0.000582, 0.0582]"
2022,W367,0.6305,0.4422,0.1446,0.0621,0.0107,0.004,0.0017,0,0,0,0,0,0,0,0,"(-0.000582, 0.0582]"
2022,Y268,0.604,0.2333,0.0461,0.0132,0.0015,0.0008,0.0002,1,1,0,0,0,0,0,0,"(-0.000582, 0.0582]"
2022,AE14,0.396,0.1093,0.0131,0.0037,0.0002,0.0,0.0,0,0,0,0,0,0,0,0,"(-0.000582, 0.0582]"
2022,MC10,0.9149,0.6696,0.5432,0.3833,0.1183,0.0826,0.0408,1,1,0,0,0,0,0,0,"(-0.000582, 0.0582]"
2022,D994,0.0851,0.0211,0.0074,0.0018,0.0001,0.0,0.0,0,0,0,0,0,0,0,0,"(-0.000582, 0.0582]"
2022,I186,0.8559,0.2945,0.1924,0.0978,0.0197,0.0098,0.0031,2,1,1,0,0,0,0,0,"(-0.000582, 0.0582]"
2022,CG94,0.1441,0.0148,0.0039,0.0009,0.0,0.0,0.0,0,0,0,0,0,0,0,0,"(-0.000582, 0.0582]"
2022,O449,0.7691,0.6566,0.3408,0.1429,0.0269,0.0126,0.0042,2,1,1,0,0,0,0,0,"(-0.000582, 0.0582]"
2022,G967,0.2309,0.1486,0.0392,0.0077,0.0007,0.0001,0.0,0,0,0,0,0,0,0,0,"(-0.000582, 0.0582]"
2022,HB05,0.7074,0.1641,0.0301,0.0063,0.0002,0.0001,0.0,1,1,0,0,0,0,0,0,"(-0.000582, 0.0582]"
2022,CI14,0.2926,0.0307,0.0027,0.0001,0.0,0.0,0.0,0,0,0,0,0,0,0,0,"(-0.000582, 0.0582]"
2022,GJ37,0.3802,0.1019,0.0412,0.0095,0.0005,0.0001,0.0001,1,1,0,0,0,0,0,0,"(-0.000582, 0.0582]"
2022,F510,0.6198,0.2251,0.1115,0.0351,0.0054,0.0017,0.0005,0,0,0,0,0,0,0,0,"(-0.000582, 0.0582]"
2022,A0E2,0.8107,0.5952,0.4071,0.2143,0.0497,0.0288,0.0107,3,1,1,1,0,0,0,0,"(-0.000582, 0.0582]"
2022,SL28,0.1893,0.0778,0.0274,0.007,0.0009,0.0001,0.0,0,0,0,0,0,0,0,0,"(-0.000582, 0.0582]"
2022,RH16,0.7572,0.4974,0.2806,0.1639,0.072,0.0133,0.0031,1,1,0,0,0,0,0,0,"(-0.000582, 0.0582]"
2022,R772,0.2428,0.0941,0.0278,0.0095,0.0022,0.0,0.0,0,0,0,0,0,0,0,0,"(-0.000582, 0.0582]"
2022,HH26,0.8001,0.3701,0.1736,0.0842,0.0258,0.0035,0.0004,2,1,1,0,0,0,0,0,"(-0.000582, 0.0582]"
2022,EA24,0.1999,0.0384,0.0065,0.0014,0.0002,0.0001,0.0,0,0,0,0,0,0,0,0,"(-0.000582, 0.0582]"
2022,GB88,0.7925,0.5655,0.3427,0.2157,0.0932,0.0144,0.0043,4,1,1,1,1,0,0,0,"(-0.000582, 0.0582]"
2022,A829,0.2075,0.0894,0.0277,0.0081,0.0011,0.0002,0.0001,0,0,0,0,0,0,0,0,"(-0.000582, 0.0582]"
2022,B0BI,0.7509,0.2973,0.1307,0.0605,0.0179,0.0013,0.0001,1,1,0,0,0,0,0,0,"(-0.000582, 0.0582]"
2022,DA81,0.2491,0.0478,0.0104,0.0024,0.0008,0.0,0.0,0,0,0,0,0,0,0,0,"(-0.000582, 0.0582]"
2022,TD51,0.7133,0.4401,0.183,0.0804,0.0228,0.0025,0.0005,3,1,1,1,0,0,0,0,"(-0.000582, 0.0582]"
2022,VA08,0.2867,0.1171,0.0269,0.0057,0.0007,0.0001,0.0,0,0,0,0,0,0,0,0,"(-0.000582, 0.0582]"
2022,MN13,0.2803,0.0825,0.016,0.003,0.0003,0.0,0.0,1,1,0,0,0,0,0,0,"(-0.000582, 0.0582]"
2022,BH09,0.7197,0.3603,0.1271,0.0471,0.0113,0.0012,0.0002,0,0,0,0,0,0,0,0,"(-0.000582, 0.0582]"
2022,BK92,0.5191,0.3245,0.2255,0.1203,0.0493,0.007,0.0015,2,1,1,0,0,0,0,0,"(-0.000582, 0.0582]"
2022,F724,0.4809,0.2887,0.1932,0.0974,0.0334,0.0048,0.0009,0,0,0,0,0,0,0,0,"(-0.000582, 0.0582]"
2022,L987,0.2811,0.0633,0.0252,0.0079,0.0017,0.0002,0.0001,1,1,0,0,0,0,0,0,"(-0.000582, 0.0582]"
2022,CD85,0.7189,0.3235,0.2031,0.0925,0.0304,0.0039,0.0007,0,0,0,0,0,0,0,0,"(-0.000582, 0.0582]"
2022,N771,0.8452,0.6352,0.3809,0.167,0.0998,0.0193,0.0066,5,1,1,1,1,1,0,0,"(-0.000582, 0.0582]"
2022,A596,0.1548,0.0549,0.012,0.0014,0.0004,0.0,0.0,0,0,0,0,0,0,0,0,"(-0.000582, 0.0582]"
2022,MU94,0.2654,0.0472,0.0099,0.0011,0.0003,0.0,0.0,1,1,0,0,0,0,0,0,"(-0.000582, 0.0582]"
2022,MJ08,0.7346,0.2627,0.1065,0.0262,0.01,0.0006,0.0002,0,0,0,0,0,0,0,0,"(-0.000582, 0.0582]"
2022,PH78,0.6944,0.2796,0.1233,0.0378,0.0171,0.0024,0.0008,1,1,0,0,0,0,0,0,"(-0.000582, 0.0582]"
2022,L949,0.3056,0.0689,0.0184,0.0032,0.0006,0.0,0.0,0,0,0,0,0,0,0,0,"(-0.000582, 0.0582]"
2022,J386,0.3245,0.1769,0.0717,0.0198,0.0069,0.0011,0.0002,2,1,1,0,0,0,0,0,"(-0.000582, 0.0582]"
2022,D875,0.6755,0.4746,0.2773,0.116,0.07,0.0126,0.0043,0,0,0,0,0,0,0,0,"(-0.000582, 0.0582]"
2022,PL56,0.5758,0.3088,0.0957,0.0451,0.0231,0.0034,0.0008,3,1,1,1,0,0,0,0,"(-0.000582, 0.0582]"
2022,V306,0.4242,0.1935,0.0522,0.021,0.0089,0.001,0.0003,0,0,0,0,0,0,0,0,"(-0.000582, 0.0582]"
2022,ME82,0.6353,0.3498,0.1241,0.0619,0.0323,0.0044,0.0015,1,1,0,0,0,0,0,0,"(-0.000582, 0.0582]"
2022,PH71,0.3647,0.1479,0.0318,0.0122,0.0038,0.0005,0.0001,0,0,0,0,0,0,0,0,"(-0.000582, 0.0582]"
2022,V708,0.5792,0.1202,0.0509,0.0197,0.0081,0.0007,0.0003,2,1,1,0,0,0,0,0,"(-0.000582, 0.0582]"
2022,CE77,0.4208,0.0637,0.0215,0.0061,0.0021,0.0001,0.0,0,0,0,0,0,0,0,0,"(-0.000582, 0.0582]"
2022,DH50,0.146,0.0764,0.0335,0.013,0.006,0.0003,0.0001,1,1,0,0,0,0,0,0,"(-0.000582, 0.0582]"
2022,HB71,0.854,0.7397,0.5903,0.4485,0.3475,0.1065,0.0524,0,0,0,0,0,0,0,0,"(-0.000582, 0.0582]"
2022,GD64,0.6385,0.466,0.2146,0.0904,0.0254,0.0043,0.0007,4,1,1,1,1,0,0,0,"(-0.000582, 0.0582]"
2022,Y218,0.3615,0.2139,0.0706,0.0224,0.004,0.0006,0.0,0,0,0,0,0,0,0,0,"(-0.000582, 0.0582]"
2022,GF95,0.4976,0.1609,0.0416,0.0078,0.0009,0.0002,0.0,1,1,0,0,0,0,0,0,"(-0.000582, 0.0582]"
2022,HH06,0.5024,0.1592,0.0416,0.0084,0.001,0.0001,0.0,0,0,0,0,0,0,0,0,"(-0.000582, 0.0582]"
2022,BM95,0.7833,0.5027,0.3541,0.1886,0.0681,0.016,0.002,1,1,0,0,0,0,0,0,"(-0.000582, 0.0582]"
2022,KH56,0.2167,0.0726,0.0283,0.0076,0.0011,0.0001,0.0,0,0,0,0,0,0,0,0,"(-0.000582, 0.0582]"
2022,B0CD,0.6054,0.278,0.1711,0.076,0.0194,0.003,0.0004,2,1,1,0,0,0,0,0,"(-0.000582, 0.0582]"
2022,K926,0.3946,0.1467,0.0781,0.026,0.0054,0.0012,0.0002,0,0,0,0,0,0,0,0,"(-0.000582, 0.0582]"
2022,DH58,0.8336,0.5062,0.3612,0.2343,0.096,0.0247,0.004,3,1,1,1,0,0,0,0,"(-0.000582, 0.0582]"
2022,DA31,0.1664,0.0446,0.0153,0.0049,0.0004,0.0001,0.0,0,0,0,0,0,0,0,0,"(-0.000582, 0.0582]"
2022,D0CO,0.8027,0.4058,0.2645,0.1641,0.0555,0.0122,0.0022,1,1,0,0,0,0,0,0,"(-0.000582, 0.0582]"
2022,BU13,0.1973,0.0434,0.0147,0.0048,0.0005,0.0,0.0,0,0,0,0,0,0,0,0,"(-0.000582, 0.0582]"
2022,BI23,0.5033,0.1573,0.035,0.0093,0.0007,0.0,0.0,2,1,1,0,0,0,0,0,"(-0.000582, 0.0582]"
2022,KI63,0.4967,0.1526,0.0352,0.0116,0.0016,0.0005,0.0,0,0,0,0,0,0,0,0,"(-0.000582, 0.0582]"
2022,SM37,0.6847,0.5103,0.2261,0.1264,0.0404,0.0084,0.0008,1,1,0,0,0,0,0,0,"(-0.000582, 0.0582]"
2022,KE64,0.3153,0.1798,0.048,0.0174,0.0029,0.0003,0.0001,0,0,0,0,0,0,0,0,"(-0.000582, 0.0582]"
2022,SU55,0.6378,0.3964,0.1655,0.0504,0.0261,0.0062,0.0007,1,1,0,0,0,0,0,0,"(-0.000582, 0.0582]"
2022,RC91,0.3622,0.1776,0.0563,0.0102,0.0039,0.001,0.0003,0,0,0,0,0,0,0,0,"(-0.000582, 0.0582]"
2022,N0AE,0.7318,0.3601,0.1307,0.033,0.0131,0.0029,0.0004,3,1,1,1,0,0,0,0,"(-0.000582, 0.0582]"
2022,KI74,0.2682,0.0659,0.0122,0.0016,0.0005,0.0001,0.0,0,0,0,0,0,0,0,0,"(-0.000582, 0.0582]"
2022,GE33,0.5118,0.1187,0.0485,0.009,0.0037,0.0003,0.0,1,1,0,0,0,0,0,0,"(-0.000582, 0.0582]"
2022,KE73,0.4882,0.1171,0.0435,0.0078,0.0032,0.0007,0.0,0,0,0,0,0,0,0,0,"(-0.000582, 0.0582]"
2022,BD06,0.8585,0.7033,0.522,0.2443,0.1704,0.061,0.0174,1,1,0,0,0,0,0,0,"(-0.000582, 0.0582]"
2022,BD80,0.1415,0.0609,0.0213,0.0032,0.001,0.0,0.0,0,0,0,0,0,0,0,0,"(-0.000582, 0.0582]"
2022,KB05,0.7609,0.2272,0.0739,0.0324,0.0168,0.0028,0.0007,1,1,0,0,0,0,0,0,"(-0.000582, 0.0582]"
2022,L0BV,0.2391,0.0321,0.0033,0.0005,0.0002,0.0001,0.0,0,0,0,0,0,0,0,0,"(-0.000582, 0.0582]"
2022,KE17,0.9475,0.7309,0.3932,0.2619,0.185,0.071,0.0181,5,1,1,1,1,1,0,0,"(-0.000582, 0.0582]"
2022,J0A4,0.0525,0.0098,0.0006,0.0,0.0,0.0,0.0,0,0,0,0,0,0,0,0,"(-0.000582, 0.0582]"
2022,TC61,0.7057,0.1458,0.0411,0.0149,0.0052,0.0013,0.0,1,1,0,0,0,0,0,0,"(-0.000582, 0.0582]"
2022,CF59,0.2943,0.0299,0.004,0.0009,0.0001,0.0,0.0,0,0,0,0,0,0,0,0,"(-0.000582, 0.0582]"
2022,TE51,0.9239,0.7965,0.4792,0.3287,0.2472,0.1027,0.0313,2,1,1,0,0,0,0,0,"(-0.000582, 0.0582]"
2022,RC04,0.0761,0.0278,0.0047,0.0012,0.0003,0.0,0.0,0,0,0,0,0,0,0,0,"(-0.000582, 0.0582]"
2022,C0BC,0.2445,0.1524,0.0931,0.043,0.0091,0.0038,0.0008,1,1,0,0,0,0,0,0,"(-0.000582, 0.0582]"
2022,AG37,0.7555,0.6242,0.5145,0.3635,0.1422,0.0862,0.0262,0,0,0,0,0,0,0,0,"(-0.000582, 0.0582]"
2022,SM25,0.6317,0.1619,0.0909,0.0328,0.0064,0.002,0.0002,2,1,1,0,0,0,0,0,"(-0.000582, 0.0582]"
2022,Z419,0.3683,0.0615,0.0294,0.0073,0.0008,0.0001,0.0,0,0,0,0,0,0,0,0,"(-0.000582, 0.0582]"
2022,DB59,0.5956,0.1919,0.0321,0.0058,0.0007,0.0003,0.0,1,1,0,0,0,0,0,0,"(-0.000582, 0.0582]"
2022,BF23,0.4044,0.0991,0.0141,0.0024,0.0001,0.0,0.0,0,0,0,0,0,0,0,0,"(-0.000582, 0.0582]"
2022,KB95,0.2375,0.1192,0.0188,0.005,0.0007,0.0,0.0,3,1,1,1,0,0,0,0,"(-0.000582, 0.0582]"
2022,E687,0.7625,0.5898,0.2071,0.0917,0.0171,0.0051,0.0006,0,0,0,0,0,0,0,0,"(-0.000582, 0.0582]"
2022,GC88,0.5551,0.3053,0.1217,0.0447,0.0076,0.0017,0.0001,1,1,0,0,0,0,0,0,"(-0.000582, 0.0582]"
2022,R0DG,0.4449,0.217,0.0761,0.0216,0.0032,0.0006,0.0001,0,0,0,0,0,0,0,0,"(-0.000582, 0.0582]"
2022,MV14,0.5395,0.2668,0.0987,0.0325,0.0053,0.0017,0.0003,2,1,1,0,0,0,0,0,"(-0.000582, 0.0582]"
2022,MO44,0.4605,0.2109,0.0698,0.0222,0.0032,0.0008,0.0001,0,0,0,0,0,0,0,0,"(-0.000582, 0.0582]"
2022,G0AO,0.3592,0.0384,0.007,0.0006,0.0,0.0,0.0,1,1,0,0,0,0,0,0,"(-0.000582, 0.0582]"
2022,T0AP,0.6408,0.1119,0.0356,0.007,0.0008,0.0005,0.0,0,0,0,0,0,0,0,0,"(-0.000582, 0.0582]"
2022,FB98,0.7979,0.7129,0.5327,0.3039,0.0981,0.0492,0.0104,4,1,1,1,1,0,0,0,"(-0.000582, 0.0582]"
2022,M0EJ,0.2021,0.1368,0.0584,0.016,0.0015,0.0004,0.0,0,0,0,0,0,0,0,0,"(-0.000582, 0.0582]"
2022,MK66,0.674,0.3021,0.155,0.0266,0.0083,0.0023,0.0002,1,1,0,0,0,0,0,0,"(-0.000582, 0.0582]"
2022,BT72,0.326,0.0906,0.0314,0.0025,0.0006,0.0002,0.0001,0,0,0,0,0,0,0,0,"(-0.000582, 0.0582]"
2022,G628,0.7842,0.5243,0.3335,0.0721,0.0329,0.0145,0.0032,2,1,1,0,0,0,0,0,"(-0.000582, 0.0582]"
2022,SH90,0.2158,0.083,0.0266,0.0024,0.0003,0.0001,0.0,0,0,0,0,0,0,0,0,"(-0.000582, 0.0582]"
2022,RH24,0.7086,0.3396,0.1551,0.0255,0.0083,0.0025,0.0003,1,1,0,0,0,0,0,0,"(-0.000582, 0.0582]"
2022,N732,0.2914,0.0806,0.0218,0.0018,0.0002,0.0,0.0,0,0,0,0,0,0,0,0,"(-0.000582, 0.0582]"
2022,V812,0.575,0.3448,0.1748,0.035,0.0138,0.0046,0.0005,3,1,1,1,0,0,0,0,"(-0.000582, 0.0582]"
2022,L397,0.425,0.235,0.1018,0.0155,0.0055,0.0021,0.0001,0,0,0,0,0,0,0,0,"(-0.000582, 0.0582]"
2022,SU87,0.5984,0.3396,0.0486,0.0241,0.008,0.0023,0.0003,2,1,1,0,0,0,0,0,"(-0.000582, 0.0582]"
2022,KB09,0.4016,0.189,0.0212,0.0071,0.002,0.0008,0.0001,0,0,0,0,0,0,0,0,"(-0.000582, 0.0582]"
2022,G09O,0.703,0.3749,0.0554,0.0272,0.009,0.0028,0.0004,1,1,0,0,0,0,0,0,"(-0.000582, 0.0582]"
2022,P09Z,0.297,0.0965,0.0067,0.0017,0.0005,0.0001,0.0,0,0,0,0,0,0,0,0,"(-0.000582, 0.0582]"
2022,BE90,0.2944,0.0181,0.0052,0.0021,0.0006,0.0001,0.0,1,1,0,0,0,0,0,0,"(-0.000582, 0.0582]"
2022,Q927,0.7056,0.0884,0.0502,0.0255,0.0091,0.0026,0.0006,0,0,0,0,0,0,0,0,"(-0.000582, 0.0582]"
2022,N409,0.947,0.8713,0.8033,0.7277,0.6033,0.4906,0.2496,5,1,1,1,1,1,0,0,"(0.233, 0.291]"
2022,C0AU,0.053,0.0222,0.0094,0.0032,0.0008,0.0002,0.0,0,0,0,0,0,0,0,0,"(-0.000582, 0.0582]"
2023,A0E2,0.8886,0.8179,0.723,0.4809,0.3784,0.2696,0.1091,7,1,1,1,1,1,1,1,"(0.0582, 0.116]"
2023,CA12,0.1114,0.0652,0.0337,0.0081,0.0032,0.0007,0.0002,0,0,0,0,0,0,0,0,"(-0.000582, 0.0582]"
2023,MP20,0.5301,0.064,0.0261,0.0046,0.0017,0.0001,0.0,1,1,0,0,0,0,0,0,"(-0.000582, 0.0582]"
2023,RC91,0.4699,0.0529,0.0203,0.0034,0.0006,0.0001,0.0,0,0,0,0,0,0,0,0,"(-0.000582, 0.0582]"
2023,KB95,0.4452,0.1931,0.0322,0.0059,0.0017,0.0006,0.0001,1,1,0,0,0,0,0,0,"(-0.000582, 0.0582]"
2023,HH26,0.5548,0.2765,0.0546,0.0119,0.004,0.0006,0.0,0,0,0,0,0,0,0,0,"(-0.000582, 0.0582]"
2023,J551,0.7545,0.4477,0.1013,0.025,0.0093,0.0025,0.0005,2,1,1,0,0,0,0,0,"(-0.000582, 0.0582]"
2023,CF01,0.2455,0.0827,0.0088,0.0009,0.0001,0.0,0.0,0,0,0,0,0,0,0,0,"(-0.000582, 0.0582]"
2023,Z355,0.8524,0.7,0.3413,0.1526,0.0982,0.0522,0.0134,2,1,1,0,0,0,0,0,"(-0.000582, 0.0582]"
2023,BO10,0.1476,0.0658,0.0094,0.0012,0.0004,0.0001,0.0,0,0,0,0,0,0,0,0,"(-0.000582, 0.0582]"
2023,WB08,0.643,0.1693,0.0352,0.0078,0.0024,0.0006,0.0,1,1,0,0,0,0,0,0,"(-0.000582, 0.0582]"
2023,HH06,0.357,0.0649,0.0077,0.0008,0.0002,0.0,0.0,0,0,0,0,0,0,0,0,"(-0.000582, 0.0582]"
2023,BK40,0.792,0.5642,0.3933,0.2174,0.162,0.1046,0.0331,3,1,1,1,0,0,0,0,"(-0.000582, 0.0582]"
2023,SU87,0.208,0.0873,0.0344,0.0092,0.0044,0.0019,0.0002,0,0,0,0,0,0,0,0,"(-0.000582, 0.0582]"
2023,DH58,0.9073,0.3412,0.1769,0.07,0.0403,0.0182,0.0045,1,1,0,0,0,0,0,0,"(-0.000582, 0.0582]"
2023,CG33,0.0927,0.0073,0.0018,0.0003,0.0001,0.0,0.0,0,0,0,0,0,0,0,0,"(-0.000582, 0.0582]"
2023,TD51,0.7879,0.5845,0.3782,0.2347,0.0849,0.0384,0.0089,2,1,1,0,0,0,0,0,"(-0.000582, 0.0582]"
2023,WB32,0.2121,0.0922,0.0341,0.0119,0.0018,0.0002,0.0,0,0,0,0,0,0,0,0,"(-0.000582, 0.0582]"
2023,S0LA,0.696,0.261,0.1181,0.0513,0.0121,0.0038,0.0006,1,1,0,0,0,0,0,0,"(-0.000582, 0.0582]"
2023,P09Z,0.304,0.0623,0.0157,0.0056,0.0008,0.0001,0.0,0,0,0,0,0,0,0,0,"(-0.000582, 0.0582]"
2023,I305,0.6791,0.2397,0.0821,0.0338,0.0053,0.001,0.0,1,1,0,0,0,0,0,0,"(-0.000582, 0.0582]"
2023,CE77,0.3209,0.0726,0.0141,0.0034,0.0001,0.0,0.0,0,0,0,0,0,0,0,0,"(-0.000582, 0.0582]"
2023,D875,0.8606,0.6426,0.3494,0.2039,0.0617,0.0245,0.004,3,1,1,1,0,0,0,0,"(-0.000582, 0.0582]"
2023,SY67,0.1394,0.0451,0.0083,0.0019,0.0001,0.0,0.0,0,0,0,0,0,0,0,0,"(-0.000582, 0.0582]"
2023,DH50,0.4898,0.2324,0.0846,0.0282,0.0044,0.0012,0.0003,2,1,1,0,0,0,0,0,"(-0.000582, 0.0582]"
2023,F0F1,0.5102,0.2444,0.0935,0.0325,0.0045,0.0007,0.0,0,0,0,0,0,0,0,0,"(-0.000582, 0.0582]"
2023,V812,0.5363,0.2926,0.1173,0.0429,0.0086,0.0023,0.0002,1,1,0,0,0,0,0,0,"(-0.000582, 0.0582]"
2023,Z371,0.4637,0.2306,0.0863,0.0274,0.0049,0.0009,0.0,0,0,0,0,0,0,0,0,"(-0.000582, 0.0582]"
2023,CF59,0.4951,0.1141,0.0394,0.0106,0.0011,0.0001,0.0,1,1,0,0,0,0,0,0,"(-0.000582, 0.0582]"
2023,A0FC,0.5049,0.121,0.0447,0.0104,0.001,0.0001,0.0,0,0,0,0,0,0,0,0,"(-0.000582, 0.0582]"
2023,R0DG,0.9012,0.7313,0.5278,0.3007,0.1017,0.0417,0.0081,4,1,1,1,1,0,0,0,"(-0.000582, 0.0582]"
2023,L0CF,0.0988,0.0336,0.0064,0.0008,0.0,0.0,0.0,0,0,0,0,0,0,0,0,"(-0.000582, 0.0582]"
2023,MM58,0.9324,0.7288,0.5494,0.3597,0.2379,0.1286,0.0427,5,1,1,1,1,1,0,0,"(-0.000582, 0.0582]"
2023,F0DM,0.0676,0.0148,0.0039,0.0008,0.0002,0.0001,0.0,0,0,0,0,0,0,0,0,"(-0.000582, 0.0582]"
2023,ME82,0.7428,0.2167,0.1143,0.0444,0.0177,0.0053,0.0007,1,1,0,0,0,0,0,0,"(-0.000582, 0.0582]"
2023,S0H2,0.2572,0.0397,0.0106,0.0019,0.0002,0.0,0.0,0,0,0,0,0,0,0,0,"(-0.000582, 0.0582]"
2023,GC88,0.6292,0.1532,0.0256,0.0056,0.0011,0.0001,0.0,1,1,0,0,0,0,0,0,"(-0.000582, 0.0582]"
2023,DA31,0.3708,0.0637,0.0079,0.0015,0.0002,0.0001,0.0,0,0,0,0,0,0,0,0,"(-0.000582, 0.0582]"
2023,F724,0.4098,0.3046,0.0953,0.0358,0.0144,0.0046,0.0007,2,1,1,0,0,0,0,0,"(-0.000582, 0.0582]"
2023,GJ37,0.5902,0.4785,0.193,0.0885,0.0412,0.0157,0.0031,0,0,0,0,0,0,0,0,"(-0.000582, 0.0582]"
2023,C0AU,0.8437,0.5821,0.2686,0.123,0.0575,0.0226,0.0049,1,1,0,0,0,0,0,0,"(-0.000582, 0.0582]"
2023,BT72,0.1563,0.0441,0.0062,0.0011,0.0001,0.0,0.0,0,0,0,0,0,0,0,0,"(-0.000582, 0.0582]"
2023,L0BV,0.4997,0.185,0.0533,0.0156,0.0052,0.0008,0.0001,3,1,1,1,0,0,0,0,"(-0.000582, 0.0582]"
2023,O513,0.5003,0.1888,0.0511,0.0137,0.0037,0.0006,0.0,0,0,0,0,0,0,0,0,"(-0.000582, 0.0582]"
2023,R975,0.9071,0.6347,0.4416,0.2406,0.1417,0.065,0.0159,1,1,0,0,0,0,0,0,"(-0.000582, 0.0582]"
2023,DB59,0.0929,0.0215,0.0045,0.0008,0.0,0.0,0.0,0,0,0,0,0,0,0,0,"(-0.000582, 0.0582]"
2023,PL56,0.8942,0.3342,0.1728,0.067,0.0296,0.0088,0.0013,2,1,1,0,0,0,0,0,"(-0.000582, 0.0582]"
2023,M0HU,0.1058,0.0096,0.0019,0.0,0.0,0.0,0.0,0,0,0,0,0,0,0,0,"(-0.000582, 0.0582]"
2023,N771,0.7862,0.5418,0.3131,0.168,0.0784,0.0313,0.0082,1,1,0,0,0,0,0,0,"(-0.000582, 0.0582]"
2023,M0FH,0.2138,0.0787,0.023,0.0056,0.0018,0.0002,0.0,0,0,0,0,0,0,0,0,"(-0.000582, 0.0582]"
2023,E865,0.7415,0.322,0.1512,0.0637,0.0194,0.0055,0.0008,4,1,1,1,1,0,0,0,"(-0.000582, 0.0582]"
2023,MJ08,0.2585,0.0575,0.0147,0.0034,0.0004,0.0001,0.0001,0,0,0,0,0,0,0,0,"(-0.000582, 0.0582]"
2023,O483,0.7277,0.2013,0.0654,0.0198,0.004,0.0012,0.0002,2,1,1,0,0,0,0,0,"(-0.000582, 0.0582]"
2023,M0JF,0.2723,0.0349,0.0051,0.001,0.0001,0.0,0.0,0,0,0,0,0,0,0,0,"(-0.000582, 0.0582]"
2023,V708,0.2549,0.156,0.0547,0.0171,0.0034,0.0006,0.0001,1,1,0,0,0,0,0,0,"(-0.000582, 0.0582]"
2023,K0AH,0.7451,0.6078,0.3728,0.2101,0.1034,0.0414,0.0104,0,0,0,0,0,0,0,0,"(-0.000582, 0.0582]"
2023,S0S1,0.5235,0.1964,0.0306,0.0073,0.0011,0.0001,0.0,1,1,0,0,0,0,0,0,"(-0.000582, 0.0582]"
2023,DA81,0.4765,0.1665,0.022,0.0038,0.0006,0.0,0.0,0,0,0,0,0,0,0,0,"(-0.000582, 0.0582]"
2023,DB63,0.4588,0.2863,0.0694,0.0172,0.004,0.0008,0.0002,2,1,1,0,0,0,0,0,"(-0.000582, 0.0582]"
2023,C0BC,0.5412,0.3508,0.0841,0.0268,0.0062,0.001,0.0003,0,0,0,0,0,0,0,0,"(-0.000582, 0.0582]"
2023,MC10,0.8537,0.5589,0.4717,0.3002,0.1645,0.0777,0.0229,1,1,0,0,0,0,0,0,"(-0.000582, 0.0582]"
2023,PH78,0.1463,0.035,0.0166,0.0034,0.0006,0.0001,0.0,0,0,0,0,0,0,0,0,"(-0.000582, 0.0582]"
2023,TE51,0.6812,0.3094,0.2449,0.1301,0.0559,0.0198,0.0043,3,1,1,1,0,0,0,0,"(-0.000582, 0.0582]"
2023,TB69,0.3188,0.0967,0.0607,0.0225,0.0055,0.0011,0.0002,0,0,0,0,0,0,0,0,"(-0.000582, 0.0582]"
2023,S0AG,0.8587,0.6671,0.5447,0.3868,0.2646,0.0605,0.0288,5,1,1,1,1,1,0,0,"(-0.000582, 0.0582]"
2023,C0C8,0.1413,0.0524,0.0235,0.0066,0.0011,0.0,0.0,0,0,0,0,0,0,0,0,"(-0.000582, 0.0582]"
2023,SM37,0.4668,0.1286,0.0745,0.0298,0.0114,0.0009,0.0002,1,1,0,0,0,0,0,0,"(-0.000582, 0.0582]"
2023,KI95,0.5332,0.1519,0.0907,0.0403,0.0157,0.0016,0.0007,0,0,0,0,0,0,0,0,"(-0.000582, 0.0582]"
2023,V832,0.5202,0.2,0.0445,0.0139,0.0037,0.0004,0.0,1,1,0,0,0,0,0,0,"(-0.000582, 0.0582]"
2023,AE14,0.4798,0.1865,0.0372,0.011,0.003,0.0001,0.0,0,0,0,0,0,0,0,0,"(-0.000582, 0.0582]"
2023,HB64,0.4038,0.229,0.0577,0.0198,0.0066,0.0003,0.0001,2,1,1,0,0,0,0,0,"(-0.000582, 0.0582]"
2023,E687,0.5962,0.3845,0.1272,0.0544,0.0198,0.0015,0.0002,0,0,0,0,0,0,0,0,"(-0.000582, 0.0582]"
2023,GE33,0.3956,0.1724,0.0382,0.009,0.0023,0.0001,0.0,3,1,1,1,0,0,0,0,"(-0.000582, 0.0582]"
2023,N732,0.6044,0.3179,0.091,0.0262,0.0079,0.0008,0.0,0,0,0,0,0,0,0,0,"(-0.000582, 0.0582]"
2023,O449,0.5917,0.319,0.0887,0.0265,0.008,0.0003,0.0,1,1,0,0,0,0,0,0,"(-0.000582, 0.0582]"
2023,KE73,0.4083,0.1907,0.043,0.0094,0.0026,0.0,0.0,0,0,0,0,0,0,0,0,"(-0.000582, 0.0582]"
2023,Y268,0.4433,0.1357,0.0813,0.0279,0.0103,0.001,0.0003,2,1,1,0,0,0,0,0,"(-0.000582, 0.0582]"
2023,MV14,0.5567,0.1954,0.1299,0.0528,0.0226,0.0015,0.0004,0,0,0,0,0,0,0,0,"(-0.000582, 0.0582]"
2023,FB98,0.6031,0.4269,0.3476,0.1994,0.121,0.0216,0.0077,1,1,0,0,0,0,0,0,"(-0.000582, 0.0582]"
2023,H997,0.3969,0.242,0.1803,0.0862,0.0442,0.0059,0.0014,0,0,0,0,0,0,0,0,"(-0.000582, 0.0582]"
2023,PC11,0.3211,0.1452,0.0435,0.0189,0.0058,0.0007,0.0,2,1,1,0,0,0,0,0,"(-0.000582, 0.0582]"
2023,CG80,0.6789,0.4222,0.1944,0.1094,0.0479,0.0064,0.0016,0,0,0,0,0,0,0,0,"(-0.000582, 0.0582]"
2023,M0G4,0.2202,0.0496,0.0084,0.0021,0.0002,0.0,0.0,1,1,0,0,0,0,0,0,"(-0.000582, 0.0582]"
2023,BM95,0.7798,0.383,0.1487,0.0766,0.027,0.0026,0.0006,0,0,0,0,0,0,0,0,"(-0.000582, 0.0582]"
2023,MW02,0.3617,0.1035,0.043,0.0176,0.0051,0.0005,0.0001,1,1,0,0,0,0,0,0,"(-0.000582, 0.0582]"
2023,G628,0.6383,0.2679,0.1462,0.0822,0.0361,0.0053,0.0013,0,0,0,0,0,0,0,0,"(-0.000582, 0.0582]"
2023,SX50,0.1963,0.0716,0.0256,0.0087,0.0018,0.0002,0.0001,4,1,1,1,1,0,0,0,"(-0.000582, 0.0582]"
2023,BD06,0.8037,0.557,0.3902,0.2688,0.1587,0.032,0.0122,0,0,0,0,0,0,0,0,"(-0.000582, 0.0582]"
2023,SU55,0.6991,0.3803,0.2073,0.0941,0.0397,0.0037,0.0008,3,1,1,1,0,0,0,0,"(-0.000582, 0.0582]"
2023,A829,0.3009,0.1027,0.0331,0.0076,0.0015,0.0,0.0,0,0,0,0,0,0,0,0,"(-0.000582, 0.0582]"
2023,BK24,0.545,0.2853,0.1476,0.0606,0.0236,0.0026,0.0002,1,1,0,0,0,0,0,0,"(-0.000582, 0.0582]"
2023,HG86,0.455,0.2317,0.11,0.0388,0.0134,0.0014,0.0,0,0,0,0,0,0,0,0,"(-0.000582, 0.0582]"
2023,BI23,0.4756,0.1408,0.0455,0.0109,0.0015,0.0,0.0,2,1,1,0,0,0,0,0,"(-0.000582, 0.0582]"
2023,LB66,0.5244,0.17,0.0626,0.0156,0.0043,0.0002,0.0,0,0,0,0,0,0,0,0,"(-0.000582, 0.0582]"
2023,RH16,0.8739,0.6511,0.3859,0.1869,0.0883,0.0123,0.0032,1,1,0,0,0,0,0,0,"(-0.000582, 0.0582]"
2023,LC12,0.1261,0.0381,0.008,0.0012,0.0003,0.0001,0.0,0,0,0,0,0,0,0,0,"(-0.000582, 0.0582]"
2023,RE44,0.8678,0.745,0.5811,0.364,0.0838,0.0552,0.0257,4,1,1,1,1,0,0,0,"(-0.000582, 0.0582]"
2023,PH71,0.1322,0.0607,0.0227,0.0045,0.0004,0.0001,0.0,0,0,0,0,0,0,0,0,"(-0.000582, 0.0582]"
2023,KC56,0.5889,0.1267,0.0552,0.0126,0.0008,0.0002,0.0,1,1,0,0,0,0,0,0,"(-0.000582, 0.0582]"
2023,V0DZ,0.4111,0.0676,0.0242,0.0042,0.0,0.0,0.0,0,0,0,0,0,0,0,0,"(-0.000582, 0.0582]"
2023,BS86,0.3252,0.078,0.012,0.0021,0.0,0.0,0.0,1,1,0,0,0,0,0,0,"(-0.000582, 0.0582]"
2023,B0BI,0.6748,0.2679,0.0726,0.0211,0.0016,0.0006,0.0,0,0,0,0,0,0,0,0,"(-0.000582, 0.0582]"
2023,GB88,0.7155,0.5087,0.1984,0.0829,0.009,0.0034,0.0009,2,1,1,0,0,0,0,0,"(-0.000582, 0.0582]"
2023,M0CI,0.2845,0.1454,0.0338,0.0081,0.0002,0.0,0.0,0,0,0,0,0,0,0,0,"(-0.000582, 0.0582]"
2023,BK92,0.6624,0.5208,0.3033,0.1659,0.0254,0.014,0.006,3,1,1,1,0,0,0,0,"(-0.000582, 0.0582]"
2023,MK66,0.3376,0.2209,0.0913,0.0326,0.0032,0.0011,0.0002,0,0,0,0,0,0,0,0,"(-0.000582, 0.0582]"
2023,W09G,0.6669,0.1959,0.0655,0.0216,0.0013,0.0005,0.0001,1,1,0,0,0,0,0,0,"(-0.000582, 0.0582]"
2023,CG94,0.3331,0.0624,0.0123,0.0023,0.0,0.0,0.0,0,0,0,0,0,0,0,0,"(-0.000582, 0.0582]"
2023,MN13,0.441,0.0748,0.0168,0.0031,0.0002,0.0,0.0,2,1,1,0,0,0,0,0,"(-0.000582, 0.0582]"
2023,GH92,0.559,0.1123,0.0279,0.0074,0.0004,0.0001,0.0,0,0,0,0,0,0,0,0,"(-0.000582, 0.0582]"
2023,MP01,0.1462,0.0748,0.0183,0.0032,0.0002,0.0001,0.0,1,1,0,0,0,0,0,0,"(-0.000582, 0.0582]"
2023,AG37,0.8538,0.7381,0.4646,0.2644,0.0505,0.0311,0.0128,0,0,0,0,0,0,0,0,"(-0.000582, 0.0582]"
2023,M0EJ,0.6082,0.2635,0.1076,0.0095,0.0029,0.001,0.0005,2,1,1,0,0,0,0,0,"(-0.000582, 0.0582]"
2023,V836,0.3918,0.1254,0.0416,0.0033,0.0011,0.0005,0.0001,0,0,0,0,0,0,0,0,"(-0.000582, 0.0582]"
2023,MU94,0.1478,0.0358,0.0073,0.0,0.0,0.0,0.0,1,1,0,0,0,0,0,0,"(-0.000582, 0.0582]"
2023,I186,0.8522,0.5753,0.3103,0.0417,0.0191,0.0111,0.003,0,0,0,0,0,0,0,0,"(-0.000582, 0.0582]"
2023,CH12,0.2023,0.0189,0.0022,0.0,0.0,0.0,0.0,1,1,0,0,0,0,0,0,"(-0.000582, 0.0582]"
2023,L987,0.7977,0.2093,0.0659,0.0028,0.0007,0.0002,0.0,0,0,0,0,0,0,0,0,"(-0.000582, 0.0582]"
2023,HB71,0.8777,0.7211,0.4548,0.0743,0.038,0.0215,0.0078,3,1,1,1,0,0,0,0,"(-0.000582, 0.0582]"
2023,R772,0.1223,0.0507,0.0103,0.0004,0.0,0.0,0.0,0,0,0,0,0,0,0,0,"(-0.000582, 0.0582]"
2023,EA24,0.6335,0.2345,0.012,0.0038,0.0008,0.0,0.0,1,1,0,0,0,0,0,0,"(-0.000582, 0.0582]"
2023,Z419,0.3665,0.0949,0.0032,0.0007,0.0001,0.0,0.0,0,0,0,0,0,0,0,0,"(-0.000582, 0.0582]"
2023,W367,0.5215,0.3576,0.0295,0.0134,0.0038,0.0015,0.0007,2,1,1,0,0,0,0,0,"(-0.000582, 0.0582]"
2023,RH24,0.4785,0.313,0.0248,0.0093,0.0041,0.0015,0.0004,0,0,0,0,0,0,0,0,"(-0.000582, 0.0582]"
2023,TC61,0.5228,0.0253,0.0118,0.0043,0.0017,0.0006,0.0,1,1,0,0,0,0,0,0,"(-0.000582, 0.0582]"
2023,N0AE,0.4772,0.0223,0.0118,0.0032,0.0007,0.0001,0.0001,0,0,0,0,0,0,0,0,"(-0.000582, 0.0582]"
2023,D643,0.9796,0.9441,0.9036,0.8329,0.75,0.6911,0.5815,6,1,1,1,1,1,1,0,"(0.523, 0.582]"
2023,CG04,0.0204,0.0083,0.0033,0.0004,0.0,0.0,0.0,0,0,0,0,0,0,0,0,"(-0.000582, 0.0582]"
2024,F510,0.6834,0.3284,0.1534,0.0554,0.0134,0.0019,0.0001,2,1,1,0,0,0,0,0,"(-0.000582, 0.0582]"
2024,V0DZ,0.3166,0.0985,0.0298,0.006,0.0006,0.0,0.0,0,0,0,0,0,0,0,0,"(-0.000582, 0.0582]"
2024,S0RE,0.4021,0.2054,0.0886,0.0284,0.0082,0.0011,0.0001,1,1,0,0,0,0,0,0,"(-0.000582, 0.0582]"
2024,GD64,0.5979,0.3677,0.1964,0.0855,0.0258,0.0041,0.0003,0,0,0,0,0,0,0,0,"(-0.000582, 0.0582]"
2024,RH16,0.8241,0.5556,0.3413,0.1604,0.0578,0.01,0.0019,1,1,0,0,0,0,0,0,"(-0.000582, 0.0582]"
2024,BI81,0.1759,0.0567,0.0144,0.0021,0.0002,0.0,0.0,0,0,0,0,0,0,0,0,"(-0.000582, 0.0582]"
2024,CG80,0.6871,0.2964,0.1483,0.0504,0.0106,0.0017,0.0002,1,1,0,0,0,0,0,0,"(-0.000582, 0.0582]"
2024,MW75,0.3129,0.0913,0.0278,0.0061,0.0012,0.0002,0.0001,0,0,0,0,0,0,0,0,"(-0.000582, 0.0582]"
2024,SL28,0.7681,0.3647,0.23,0.1447,0.0575,0.0137,0.0029,2,1,1,0,0,0,0,0,"(-0.000582, 0.0582]"
2024,M0CI,0.2319,0.0552,0.02,0.0065,0.0011,0.0,0.0,0,0,0,0,0,0,0,0,"(-0.000582, 0.0582]"
2024,D875,0.8292,0.5313,0.3803,0.2677,0.1257,0.0372,0.0099,3,1,1,1,0,0,0,0,"(-0.000582, 0.0582]"
2024,L987,0.1708,0.0488,0.0144,0.0041,0.0009,0.0001,0.0,0,0,0,0,0,0,0,0,"(-0.000582, 0.0582]"
2024,SU55,0.4814,0.2484,0.0885,0.0454,0.0132,0.0034,0.0004,2,1,1,0,0,0,0,0,"(-0.000582, 0.0582]"
2024,J551,0.5186,0.286,0.1094,0.0581,0.0175,0.003,0.0005,0,0,0,0,0,0,0,0,"(-0.000582, 0.0582]"
2024,TD51,0.5714,0.2851,0.103,0.0554,0.0139,0.0024,0.0004,2,1,1,0,0,0,0,0,"(-0.000582, 0.0582]"
2024,A0FC,0.4286,0.1805,0.0544,0.0238,0.0068,0.0015,0.0001,0,0,0,0,0,0,0,0,"(-0.000582, 0.0582]"
2024,TC61,0.59,0.3882,0.1515,0.0539,0.0277,0.0054,0.001,1,1,0,0,0,0,0,0,"(-0.000582, 0.0582]"
2024,K09F,0.41,0.2335,0.0766,0.023,0.0095,0.0014,0.0004,0,0,0,0,0,0,0,0,"(-0.000582, 0.0582]"
2024,Z371,0.8075,0.3495,0.105,0.03,0.012,0.0018,0.0,1,1,0,0,0,0,0,0,"(-0.000582, 0.0582]"
2024,J620,0.1925,0.0288,0.0017,0.0002,0.0001,0.0001,0.0,0,0,0,0,0,0,0,0,"(-0.000582, 0.0582]"
2024,BK40,0.7146,0.5944,0.4624,0.2777,0.1987,0.0709,0.0241,1,1,0,0,0,0,0,0,"(-0.000582, 0.0582]"
2024,F724,0.2854,0.1908,0.1113,0.0424,0.0218,0.0042,0.0004,0,0,0,0,0,0,0,0,"(-0.000582, 0.0582]"
2024,N0AE,0.5991,0.1444,0.065,0.018,0.0067,0.0012,0.0004,2,1,1,0,0,0,0,0,"(-0.000582, 0.0582]"
2024,B0BI,0.4009,0.0704,0.0265,0.0058,0.0015,0.0001,0.0,0,0,0,0,0,0,0,0,"(-0.000582, 0.0582]"
2024,MC65,0.5287,0.1448,0.0924,0.0387,0.0179,0.0028,0.0002,2,1,1,0,0,0,0,0,"(-0.000582, 0.0582]"
2024,ME82,0.4713,0.1172,0.0746,0.0306,0.0148,0.0032,0.0004,0,0,0,0,0,0,0,0,"(-0.000582, 0.0582]"
2024,MM58,0.9298,0.7249,0.6124,0.4115,0.3086,0.1205,0.0451,5,1,1,1,1,1,0,0,"(-0.000582, 0.0582]"
2024,K0AZ,0.0702,0.0131,0.0042,0.0005,0.0,0.0,0.0,0,0,0,0,0,0,0,0,"(-0.000582, 0.0582]"
2024,W367,0.8035,0.4837,0.1231,0.043,0.0187,0.0024,0.0004,1,1,0,0,0,0,0,0,"(-0.000582, 0.0582]"
2024,BV21,0.1965,0.052,0.0042,0.0004,0.0,0.0,0.0,0,0,0,0,0,0,0,0,"(-0.000582, 0.0582]"
2024,MP20,0.5013,0.2307,0.0443,0.0112,0.0037,0.0006,0.0001,1,1,0,0,0,0,0,0,"(-0.000582, 0.0582]"
2024,G09O,0.4987,0.2336,0.0448,0.0131,0.0039,0.0002,0.0,0,0,0,0,0,0,0,0,"(-0.000582, 0.0582]"
2024,AE14,0.5635,0.03,0.0114,0.0037,0.0004,0.0001,0.0,1,1,0,0,0,0,0,0,"(-0.000582, 0.0582]"
2024,F0DM,0.4365,0.0196,0.0062,0.0014,0.0001,0.0,0.0,0,0,0,0,0,0,0,0,"(-0.000582, 0.0582]"
2024,A0E2,0.9714,0.9373,0.8748,0.7739,0.4697,0.3554,0.1831,7,1,1,1,1,1,1,1,"(0.174, 0.233]"
2024,L0GH,0.0286,0.0131,0.0039,0.0006,0.0,0.0,0.0,0,0,0,0,0,0,0,0,"(-0.000582, 0.0582]"
2024,HG86,0.4128,0.2213,0.0211,0.0073,0.0005,0.0,0.0,1,1,0,0,0,0,0,0,"(-0.000582, 0.0582]"
2024,M0QI,0.5872,0.3674,0.0435,0.0187,0.003,0.0003,0.0001,0,0,0,0,0,0,0,0,"(-0.000582, 0.0582]"
2024,C0H0,0.4055,0.1461,0.0125,0.0039,0.0004,0.0,0.0,1,1,0,0,0,0,0,0,"(-0.000582, 0.0582]"
2024,BU13,0.5945,0.2652,0.0266,0.0089,0.0015,0.0002,0.0,0,0,0,0,0,0,0,0,"(-0.000582, 0.0582]"
2024,HH26,0.6735,0.3985,0.215,0.0416,0.0091,0.0032,0.0007,3,1,1,1,0,0,0,0,"(-0.000582, 0.0582]"
2024,S0H2,0.3265,0.1372,0.05,0.0061,0.0006,0.0001,0.0,0,0,0,0,0,0,0,0,"(-0.000582, 0.0582]"
2024,V832,0.5319,0.2561,0.1159,0.0219,0.0032,0.0005,0.0001,1,1,0,0,0,0,0,0,"(-0.000582, 0.0582]"
2024,O513,0.4681,0.2082,0.089,0.0144,0.0029,0.0008,0.0,0,0,0,0,0,0,0,0,"(-0.000582, 0.0582]"
2024,BK92,0.6279,0.4579,0.2922,0.0642,0.0182,0.0066,0.0013,2,1,1,0,0,0,0,0,"(-0.000582, 0.0582]"
2024,M0NI,0.3721,0.23,0.1169,0.0193,0.0035,0.0011,0.0002,0,0,0,0,0,0,0,0,"(-0.000582, 0.0582]"
2024,V812,0.5937,0.1989,0.0822,0.0104,0.0016,0.0003,0.0,1,1,0,0,0,0,0,0,"(-0.000582, 0.0582]"
2024,BI23,0.4063,0.1132,0.0388,0.0037,0.0003,0.0001,0.0,0,0,0,0,0,0,0,0,"(-0.000582, 0.0582]"
2024,BD06,0.8101,0.5357,0.115,0.0557,0.0132,0.0059,0.0011,3,1,1,1,0,0,0,0,"(-0.000582, 0.0582]"
2024,MN13,0.1899,0.0574,0.0037,0.0004,0.0001,0.0,0.0,0,0,0,0,0,0,0,0,"(-0.000582, 0.0582]"
2024,SU87,0.6298,0.2828,0.0426,0.0159,0.0032,0.0007,0.0002,1,1,0,0,0,0,0,0,"(-0.000582, 0.0582]"
2024,N0BS,0.3702,0.1241,0.0117,0.0029,0.0003,0.0,0.0,0,0,0,0,0,0,0,0,"(-0.000582, 0.0582]"
2024,GJ37,0.7735,0.1515,0.0944,0.0481,0.0139,0.0053,0.0014,1,1,0,0,0,0,0,0,"(-0.000582, 0.0582]"
2024,GE33,0.2265,0.0165,0.0048,0.0012,0.0001,0.0,0.0,0,0,0,0,0,0,0,0,"(-0.000582, 0.0582]"
2024,S0AG,0.9398,0.8128,0.7208,0.6001,0.364,0.2779,0.1469,4,1,1,1,1,0,0,0,"(0.116, 0.174]"
2024,H997,0.0602,0.0192,0.007,0.0017,0.0002,0.0001,0.0,0,0,0,0,0,0,0,0,"(-0.000582, 0.0582]"
2024,V0AM,0.4026,0.0771,0.036,0.0039,0.0004,0.0001,0.0,1,1,0,0,0,0,0,0,"(-0.000582, 0.0582]"
2024,PH71,0.5974,0.1493,0.0808,0.0131,0.0023,0.0009,0.0,0,0,0,0,0,0,0,0,"(-0.000582, 0.0582]"
2024,PL56,0.8741,0.724,0.6027,0.2211,0.0816,0.0441,0.0124,4,1,1,1,1,0,0,0,"(-0.000582, 0.0582]"
2024,MO44,0.1259,0.0496,0.0204,0.0024,0.0001,0.0,0.0,0,0,0,0,0,0,0,0,"(-0.000582, 0.0582]"
2024,KI95,0.6082,0.3724,0.1133,0.0165,0.0035,0.0008,0.0,2,1,1,0,0,0,0,0,"(-0.000582, 0.0582]"
2024,N897,0.3918,0.1951,0.0452,0.0049,0.0007,0.0002,0.0,0,0,0,0,0,0,0,0,"(-0.000582, 0.0582]"
2024,N732,0.5942,0.2784,0.0729,0.0095,0.0014,0.0002,0.0,1,1,0,0,0,0,0,0,"(-0.000582, 0.0582]"
2024,BT72,0.4058,0.1541,0.0287,0.0026,0.0,0.0,0.0,0,0,0,0,0,0,0,0,"(-0.000582, 0.0582]"
2024,SX91,0.6216,0.1564,0.0529,0.0116,0.0008,0.0003,0.0,1,1,0,0,0,0,0,0,"(-0.000582, 0.0582]"
2024,J0A4,0.3784,0.0665,0.0171,0.0024,0.0002,0.0,0.0,0,0,0,0,0,0,0,0,"(-0.000582, 0.0582]"
2024,M0GZ,0.1393,0.0635,0.0169,0.0029,0.0002,0.0002,0.0,3,1,1,1,0,0,0,0,"(-0.000582, 0.0582]"
2024,K0AH,0.8607,0.7136,0.4819,0.2445,0.0588,0.0345,0.0126,0,0,0,0,0,0,0,0,"(-0.000582, 0.0582]"
2024,M0EJ,0.8991,0.6951,0.352,0.1485,0.0267,0.0124,0.0033,5,1,1,1,1,1,0,0,"(-0.000582, 0.0582]"
2024,LB66,0.1009,0.0293,0.0049,0.0003,0.0,0.0,0.0,0,0,0,0,0,0,0,0,"(-0.000582, 0.0582]"
2024,D0FJ,0.7299,0.231,0.0684,0.0149,0.0011,0.0003,0.0,1,1,0,0,0,0,0,0,"(-0.000582, 0.0582]"
2024,CH12,0.2701,0.0446,0.0059,0.0005,0.0,0.0,0.0,0,0,0,0,0,0,0,0,"(-0.000582, 0.0582]"
2024,HB71,0.9041,0.5059,0.4279,0.2779,0.079,0.0521,0.0197,1,1,0,0,0,0,0,0,"(-0.000582, 0.0582]"
2024,A829,0.0959,0.0147,0.0048,0.001,0.0003,0.0001,0.0,0,0,0,0,0,0,0,0,"(-0.000582, 0.0582]"
2024,DH58,0.8283,0.4416,0.3698,0.237,0.0641,0.0416,0.0163,4,1,1,1,1,0,0,0,"(-0.000582, 0.0582]"
2024,D994,0.1717,0.0378,0.0207,0.0067,0.0005,0.0002,0.0,0,0,0,0,0,0,0,0,"(-0.000582, 0.0582]"
2024,MU94,0.2741,0.1025,0.0093,0.0017,0.0003,0.0,0.0,1,1,0,0,0,0,0,0,"(-0.000582, 0.0582]"
2024,HD68,0.7259,0.4511,0.0989,0.0334,0.0036,0.0012,0.0003,0,0,0,0,0,0,0,0,"(-0.000582, 0.0582]"
2024,P09Z,0.4606,0.1978,0.0306,0.0075,0.0004,0.0,0.0,2,1,1,0,0,0,0,0,"(-0.000582, 0.0582]"
2024,MJ08,0.5394,0.2486,0.038,0.0092,0.001,0.0004,0.0001,0,0,0,0,0,0,0,0,"(-0.000582, 0.0582]"
2024,EA24,0.5335,0.0882,0.0479,0.0029,0.0005,0.0002,0.0,1,1,0,0,0,0,0,0,"(-0.000582, 0.0582]"
2024,N0BG,0.4665,0.0725,0.0377,0.0014,0.0001,0.0,0.0,0,0,0,0,0,0,0,0,"(-0.000582, 0.0582]"
2024,C0DF,0.0707,0.0251,0.0061,0.0003,0.0,0.0,0.0,2,1,1,0,0,0,0,0,"(-0.000582, 0.0582]"
2024,RE44,0.9293,0.8142,0.7163,0.1486,0.0778,0.0478,0.0161,0,0,0,0,0,0,0,0,"(-0.000582, 0.0582]"
2024,S0S1,0.6795,0.4242,0.0984,0.0057,0.0009,0.0004,0.0002,3,1,1,1,0,0,0,0,"(-0.000582, 0.0582]"
2024,B0GG,0.3205,0.1482,0.0214,0.0008,0.0001,0.0,0.0,0,0,0,0,0,0,0,0,"(-0.000582, 0.0582]"
2024,F0BY,0.3682,0.13,0.016,0.0006,0.0,0.0,0.0,1,1,0,0,0,0,0,0,"(-0.000582, 0.0582]"
2024,M0HT,0.6318,0.2976,0.0562,0.0021,0.0003,0.0,0.0,0,0,0,0,0,0,0,0,"(-0.000582, 0.0582]"
2024,W09E,0.43,0.0399,0.0012,0.0003,0.0001,0.0,0.0,1,1,0,0,0,0,0,0,"(-0.000582, 0.0582]"
2024,CE77,0.57,0.0683,0.0025,0.0003,0.0001,0.0,0.0,0,0,0,0,0,0,0,0,"(-0.000582, 0.0582]"
2024,Z355,0.8806,0.8127,0.1796,0.1189,0.0652,0.0433,0.0176,3,1,1,1,0,0,0,0,"(-0.000582, 0.0582]"
2024,CF59,0.1194,0.0791,0.0042,0.0014,0.0004,0.0001,0.0,0,0,0,0,0,0,0,0,"(-0.000582, 0.0582]"
2024,D643,0.9784,0.9383,0.7974,0.7133,0.6167,0.5591,0.4166,6,1,1,1,1,1,1,0,"(0.407, 0.465]"
2024,KI82,0.0216,0.0075,0.001,0.0001,0.0,0.0,0.0,0,0,0,0,0,0,0,0,"(-0.000582, 0.0582]"
2024,F0F1,0.498,0.0274,0.0069,0.0015,0.0002,0.0001,0.0,3,1,1,1,0,0,0,0,"(-0.000582, 0.0582]"
2024,S0LA,0.502,0.0268,0.0072,0.0018,0.0006,0.0002,0.0,0,0,0,0,0,0,0,0,"(-0.000582, 0.0582]"
2024,TE51,0.9033,0.575,0.3049,0.1846,0.1122,0.0251,0.0071,1,1,0,0,0,0,0,0,"(-0.000582, 0.0582]"
2024,DA81,0.0967,0.0149,0.0019,0.0002,0.0,0.0,0.0,0,0,0,0,0,0,0,0,"(-0.000582, 0.0582]"
2024,R0DG,0.7045,0.3276,0.1521,0.0784,0.0402,0.0082,0.0016,3,1,1,1,0,0,0,0,"(-0.000582, 0.0582]"
2024,KF17,0.2955,0.0825,0.0237,0.0075,0.0018,0.0003,0.0,0,0,0,0,0,0,0,0,"(-0.000582, 0.0582]"
2024,GC88,0.794,0.2418,0.0839,0.0327,0.0134,0.0016,0.0001,1,1,0,0,0,0,0,0,"(-0.000582, 0.0582]"
2024,S0TX,0.206,0.0233,0.0032,0.0004,0.0001,0.0,0.0,0,0,0,0,0,0,0,0,"(-0.000582, 0.0582]"
2024,D0CO,0.8831,0.6938,0.4226,0.2758,0.1791,0.0497,0.017,1,1,0,0,0,0,0,0,"(-0.000582, 0.0582]"
2024,Y218,0.1169,0.0411,0.0077,0.0022,0.0002,0.0,0.0,0,0,0,0,0,0,0,0,"(-0.000582, 0.0582]"
2024,C0E9,0.5268,0.2415,0.0825,0.025,0.0079,0.0004,0.0001,1,1,0,0,0,0,0,0,"(-0.000582, 0.0582]"
2024,H0BH,0.4732,0.1999,0.0635,0.0158,0.0051,0.0003,0.0,0,0,0,0,0,0,0,0,"(-0.000582, 0.0582]"
2024,N771,0.6615,0.4083,0.1753,0.0652,0.031,0.0042,0.0006,2,1,1,0,0,0,0,0,"(-0.000582, 0.0582]"
2024,D0CG,0.3385,0.1503,0.0413,0.0108,0.0029,0.0002,0.0,0,0,0,0,0,0,0,0,"(-0.000582, 0.0582]"
2024,FB98,0.7595,0.5945,0.4511,0.2447,0.1588,0.0399,0.0135,4,1,1,1,1,0,0,0,"(-0.000582, 0.0582]"
2024,O483,0.2405,0.1245,0.0565,0.0178,0.0066,0.0012,0.0001,0,0,0,0,0,0,0,0,"(-0.000582, 0.0582]"
2024,HB64,0.4402,0.1116,0.0467,0.0126,0.0041,0.0004,0.0001,2,1,1,0,0,0,0,0,"(-0.000582, 0.0582]"
2024,E865,0.5598,0.1694,0.0831,0.0263,0.01,0.0011,0.0002,0,0,0,0,0,0,0,0,"(-0.000582, 0.0582]"
2024,KE29,0.7329,0.4946,0.3507,0.1893,0.0879,0.0177,0.0051,1,1,0,0,0,0,0,0,"(-0.000582, 0.0582]"
2024,KC56,0.2671,0.1114,0.0494,0.015,0.0042,0.0004,0.0,0,0,0,0,0,0,0,0,"(-0.000582, 0.0582]"
2024,SX50,0.432,0.155,0.0767,0.0249,0.008,0.0004,0.0002,2,1,1,0,0,0,0,0,"(-0.000582, 0.0582]"
2024,C0AU,0.568,0.239,0.1373,0.052,0.0184,0.0032,0.0008,0,0,0,0,0,0,0,0,"(-0.000582, 0.0582]"
2024,RH24,0.5223,0.2912,0.1176,0.0417,0.0136,0.0012,0.0002,2,1,1,0,0,0,0,0,"(-0.000582, 0.0582]"
2024,MK66,0.4777,0.2551,0.1023,0.0342,0.0098,0.0006,0.0001,0,0,0,0,0,0,0,0,"(-0.000582, 0.0582]"
2024,PF39,0.5991,0.2911,0.1168,0.0414,0.0115,0.0007,0.0,2,1,1,0,0,0,0,0,"(-0.000582, 0.0582]"
2024,DB63,0.4009,0.1626,0.0492,0.0132,0.0035,0.0002,0.0,0,0,0,0,0,0,0,0,"(-0.000582, 0.0582]"
2024,RC91,0.1595,0.0498,0.0111,0.0028,0.0004,0.0001,0.0,1,1,0,0,0,0,0,0,"(-0.000582, 0.0582]"
2024,N552,0.8405,0.6009,0.3834,0.2605,0.1383,0.0288,0.0087,0,0,0,0,0,0,0,0,"(-0.000582, 0.0582]"
2024,M0FH,0.4689,0.1595,0.0652,0.0306,0.0094,0.0008,0.0,1,1,0,0,0,0,0,0,"(-0.000582, 0.0582]"
2024,GB88,0.5311,0.1898,0.0856,0.0409,0.0144,0.0013,0.0003,0,0,0,0,0,0,0,0,"(-0.000582, 0.0582]"
2024,TE30,0.7439,0.4024,0.1915,0.1078,0.0456,0.0065,0.0018,2,1,1,0,0,0,0,0,"(-0.000582, 0.0582]"
2024,E687,0.2561,0.0759,0.0207,0.0064,0.0009,0.0001,0.0,0,0,0,0,0,0,0,0,"(-0.000582, 0.0582]"
2024,KD46,0.3081,0.1209,0.0397,0.0179,0.0049,0.0005,0.0002,1,1,0,0,0,0,0,0,"(-0.000582, 0.0582]"
2024,AG37,0.6919,0.4008,0.2028,0.1214,0.0558,0.0104,0.0025,0,0,0,0,0,0,0,0,"(-0.000582, 0.0582]"
2025,S0AG,0.9598,0.6951,0.3157,0.2478,0.2086,0.1837,0.1106,7,1,1,1,1,1,1,1,"(0.0582, 0.116]"
2025,N0BG,0.0402,0.0053,0.0003,0.0,0.0,0.0,0.0,0,0,0,0,0,0,0,0,"(-0.000582, 0.0582]"
2025,D0CO,0.9148,0.2938,0.0811,0.0471,0.0329,0.0251,0.0105,1,1,0,0,0,0,0,0,"(-0.000582, 0.0582]"
2025,B0BI,0.0852,0.0058,0.0002,0.0,0.0,0.0,0.0,0,0,0,0,0,0,0,0,"(-0.000582, 0.0582]"
2025,D643,0.9491,0.7645,0.5162,0.443,0.3941,0.3603,0.252,5,1,1,1,1,1,0,0,"(0.233, 0.291]"
2025,MP20,0.0509,0.0119,0.0015,0.0002,0.0001,0.0,0.0,0,0,0,0,0,0,0,0,"(-0.000582, 0.0582]"
2025,BG23,0.1323,0.0069,0.0006,0.0001,0.0,0.0,0.0,1,1,0,0,0,0,0,0,"(-0.000582, 0.0582]"
2025,M0EJ,0.8677,0.2167,0.0844,0.0507,0.0353,0.0266,0.0125,0,0,0,0,0,0,0,0,"(-0.000582, 0.0582]"
2025,S0S1,0.7309,0.2169,0.0711,0.0072,0.0024,0.001,0.0001,4,1,1,1,1,0,0,0,"(-0.000582, 0.0582]"
2025,BI81,0.2691,0.0419,0.0063,0.0005,0.0002,0.0,0.0,0,0,0,0,0,0,0,0,"(-0.000582, 0.0582]"
2025,DH58,0.8728,0.6919,0.3994,0.0923,0.0584,0.0399,0.0149,3,1,1,1,0,0,0,0,"(-0.000582, 0.0582]"
2025,CF59,0.1272,0.0493,0.0091,0.0002,0.0,0.0,0.0,0,0,0,0,0,0,0,0,"(-0.000582, 0.0582]"
2025,PL56,0.9125,0.7102,0.4244,0.1011,0.0676,0.0485,0.0176,1,1,0,0,0,0,0,0,"(-0.000582, 0.0582]"
2025,M0ON,0.0875,0.0229,0.0038,0.0001,0.0,0.0,0.0,0,0,0,0,0,0,0,0,"(-0.000582, 0.0582]"
2025,M0NI,0.6731,0.2076,0.0725,0.0086,0.0038,0.0018,0.0003,2,1,1,0,0,0,0,0,"(-0.000582, 0.0582]"
2025,G09O,0.3269,0.0593,0.0134,0.0011,0.0004,0.0001,0.0,0,0,0,0,0,0,0,0,"(-0.000582, 0.0582]"
2025,MC65,0.5066,0.2288,0.1329,0.0591,0.0107,0.0058,0.001,1,1,0,0,0,0,0,0,"(-0.000582, 0.0582]"
2025,HH26,0.4934,0.2256,0.1355,0.0642,0.0116,0.0059,0.0017,0,0,0,0,0,0,0,0,"(-0.000582, 0.0582]"
2025,D875,0.8161,0.4986,0.3442,0.1975,0.0474,0.0311,0.0086,3,1,1,1,0,0,0,0,"(-0.000582, 0.0582]"
2025,N732,0.1839,0.047,0.0148,0.0045,0.0006,0.0001,0.0,0,0,0,0,0,0,0,0,"(-0.000582, 0.0582]"
2025,M0FH,0.6704,0.3698,0.1498,0.0641,0.0094,0.0041,0.0006,1,1,0,0,0,0,0,0,"(-0.000582, 0.0582]"
2025,D923,0.3296,0.1284,0.0323,0.0079,0.0004,0.0002,0.0001,0,0,0,0,0,0,0,0,"(-0.000582, 0.0582]"
2025,C0E9,0.6838,0.3842,0.1585,0.0687,0.0089,0.0046,0.0006,4,1,1,1,1,0,0,0,"(-0.000582, 0.0582]"
2025,Z09Z,0.3162,0.1176,0.032,0.0088,0.0009,0.0004,0.0001,0,0,0,0,0,0,0,0,"(-0.000582, 0.0582]"
2025,N0BS,0.3265,0.0781,0.026,0.0079,0.0005,0.0002,0.0,1,1,0,0,0,0,0,0,"(-0.000582, 0.0582]"
2025,SU55,0.6735,0.2495,0.127,0.0585,0.0081,0.0035,0.0004,0,0,0,0,0,0,0,0,"(-0.000582, 0.0582]"
2025,MU94,0.1926,0.0778,0.0265,0.0079,0.0008,0.0002,0.0,2,1,1,0,0,0,0,0,"(-0.000582, 0.0582]"
2025,BK92,0.8074,0.5946,0.4106,0.2583,0.0672,0.0429,0.0133,0,0,0,0,0,0,0,0,"(-0.000582, 0.0582]"
2025,N0AE,0.7907,0.4337,0.1909,0.0934,0.0148,0.0085,0.0024,2,1,1,0,0,0,0,0,"(-0.000582, 0.0582]"
2025,Y09V,0.2093,0.0497,0.0092,0.0013,0.0001,0.0001,0.0,0,0,0,0,0,0,0,0,"(-0.000582, 0.0582]"
2025,KI95,0.3204,0.1266,0.0353,0.0101,0.0003,0.0001,0.0,2,1,1,0,0,0,0,0,"(-0.000582, 0.0582]"
2025,M0QI,0.6796,0.39,0.1745,0.0878,0.0145,0.0075,0.0018,0,0,0,0,0,0,0,0,"(-0.000582, 0.0582]"
2025,C0H0,0.5758,0.1254,0.0501,0.0154,0.0072,0.0003,0.0,1,1,0,0,0,0,0,0,"(-0.000582, 0.0582]"
2025,W09E,0.4242,0.0744,0.0273,0.006,0.0017,0.0,0.0,0,0,0,0,0,0,0,0,"(-0.000582, 0.0582]"
2025,C977,0.8965,0.7579,0.5882,0.3925,0.2996,0.0871,0.0303,3,1,1,1,0,0,0,0,"(-0.000582, 0.0582]"
2025,C0JP,0.1035,0.0423,0.0112,0.0015,0.0004,0.0001,0.0,0,0,0,0,0,0,0,0,"(-0.000582, 0.0582]"
2025,D0C1,0.3303,0.1429,0.0349,0.0103,0.0036,0.0003,0.0,1,1,0,0,0,0,0,0,"(-0.000582, 0.0582]"
2025,E865,0.6697,0.406,0.1468,0.0614,0.0324,0.0037,0.0007,0,0,0,0,0,0,0,0,"(-0.000582, 0.0582]"
2025,E687,0.8264,0.4193,0.1378,0.0515,0.0252,0.0029,0.0005,1,1,0,0,0,0,0,0,"(-0.000582, 0.0582]"
2025,CI14,0.1736,0.0318,0.0037,0.0005,0.0002,0.0001,0.0,0,0,0,0,0,0,0,0,"(-0.000582, 0.0582]"
2025,F724,0.7768,0.4128,0.2485,0.1246,0.079,0.0162,0.0038,2,1,1,0,0,0,0,0,"(-0.000582, 0.0582]"
2025,K0AZ,0.2232,0.0578,0.0174,0.004,0.0015,0.0001,0.0,0,0,0,0,0,0,0,0,"(-0.000582, 0.0582]"
2025,GC88,0.8099,0.4775,0.2998,0.1567,0.1042,0.0225,0.0069,1,1,0,0,0,0,0,0,"(-0.000582, 0.0582]"
2025,U182,0.1901,0.0519,0.0138,0.0032,0.0006,0.0001,0.0001,0,0,0,0,0,0,0,0,"(-0.000582, 0.0582]"
2025,H0BH,0.2422,0.0887,0.0222,0.0059,0.002,0.0001,0.0,1,1,0,0,0,0,0,0,"(-0.000582, 0.0582]"
2025,GB88,0.7578,0.4695,0.2309,0.1059,0.0625,0.0119,0.0023,0,0,0,0,0,0,0,0,"(-0.000582, 0.0582]"
2025,H09N,0.3207,0.1027,0.0252,0.0076,0.0029,0.0,0.0,2,1,1,0,0,0,0,0,"(-0.000582, 0.0582]"
2025,HB64,0.6793,0.3391,0.1422,0.053,0.0293,0.0049,0.001,0,0,0,0,0,0,0,0,"(-0.000582, 0.0582]"
2025,M0CI,0.7435,0.5239,0.2124,0.1014,0.0283,0.0029,0.0002,1,1,0,0,0,0,0,0,"(-0.000582, 0.0582]"
2025,M0OQ,0.2565,0.1124,0.0215,0.0051,0.001,0.0,0.0,0,0,0,0,0,0,0,0,"(-0.000582, 0.0582]"
2025,MO44,0.6442,0.2632,0.0709,0.0234,0.0043,0.0004,0.0001,2,1,1,0,0,0,0,0,"(-0.000582, 0.0582]"
2025,L0CF,0.3558,0.1005,0.0162,0.0035,0.0004,0.0,0.0,0,0,0,0,0,0,0,0,"(-0.000582, 0.0582]"
2025,MW02,0.6334,0.3648,0.2638,0.1602,0.0697,0.0112,0.0025,1,1,0,0,0,0,0,0,"(-0.000582, 0.0582]"
2025,C0DF,0.3666,0.1582,0.0973,0.0498,0.0156,0.0019,0.0001,0,0,0,0,0,0,0,0,"(-0.000582, 0.0582]"
2025,O513,0.4337,0.1873,0.1166,0.0577,0.0176,0.0025,0.0002,2,1,1,0,0,0,0,0,"(-0.000582, 0.0582]"
2025,M0JF,0.5663,0.2897,0.2013,0.1148,0.0463,0.0057,0.0011,0,0,0,0,0,0,0,0,"(-0.000582, 0.0582]"
2025,O522,0.695,0.4799,0.2952,0.1634,0.0656,0.0114,0.0015,1,1,0,0,0,0,0,0,"(-0.000582, 0.0582]"
2025,S0H2,0.305,0.1516,0.0652,0.0223,0.0052,0.0006,0.0,0,0,0,0,0,0,0,0,"(-0.000582, 0.0582]"
2025,P0HT,0.2846,0.0676,0.0207,0.0046,0.0013,0.0,0.0,1,1,0,0,0,0,0,0,"(-0.000582, 0.0582]"
2025,EA24,0.7154,0.3009,0.1448,0.0664,0.0163,0.002,0.0001,0,0,0,0,0,0,0,0,"(-0.000582, 0.0582]"
2025,SU87,0.6939,0.4805,0.2737,0.1511,0.0573,0.0076,0.001,3,1,1,1,0,0,0,0,"(-0.000582, 0.0582]"
2025,F0F2,0.3061,0.1526,0.0551,0.0198,0.0048,0.0004,0.0,0,0,0,0,0,0,0,0,"(-0.000582, 0.0582]"
2025,V832,0.6951,0.2895,0.1276,0.0522,0.0137,0.0009,0.0,1,1,0,0,0,0,0,0,"(-0.000582, 0.0582]"
2025,T0AP,0.3049,0.0774,0.0177,0.0043,0.0003,0.0,0.0,0,0,0,0,0,0,0,0,"(-0.000582, 0.0582]"
2025,A0E2,0.9637,0.7901,0.6564,0.5704,0.4913,0.4578,0.3192,6,1,1,1,1,1,1,0,"(0.291, 0.349]"
2025,F510,0.0363,0.0071,0.0021,0.0005,0.0001,0.0001,0.0,0,0,0,0,0,0,0,0,"(-0.000582, 0.0582]"
2025,RC91,0.1648,0.0114,0.0028,0.0005,0.0003,0.0001,0.0,2,1,1,0,0,0,0,0,"(-0.000582, 0.0582]"
2025,Z355,0.8352,0.1914,0.1099,0.071,0.0417,0.0324,0.0127,0,0,0,0,0,0,0,0,"(-0.000582, 0.0582]"
2025,FB98,0.8481,0.5831,0.1577,0.1016,0.0648,0.0492,0.0199,5,1,1,1,1,1,0,0,"(-0.000582, 0.0582]"
2025,M0GZ,0.1519,0.0441,0.0038,0.0013,0.0002,0.0001,0.0001,0,0,0,0,0,0,0,0,"(-0.000582, 0.0582]"
2025,J551,0.2182,0.0432,0.0032,0.0007,0.0002,0.0001,0.0,3,1,1,1,0,0,0,0,"(-0.000582, 0.0582]"
2025,R0DG,0.7818,0.3296,0.0641,0.0309,0.0145,0.0102,0.0032,0,0,0,0,0,0,0,0,"(-0.000582, 0.0582]"
2025,BM95,0.1121,0.0371,0.011,0.0006,0.0,0.0,0.0,1,1,0,0,0,0,0,0,"(-0.000582, 0.0582]"
2025,MM58,0.8879,0.6891,0.5151,0.1501,0.0916,0.068,0.0259,0,0,0,0,0,0,0,0,"(-0.000582, 0.0582]"
2025,TD51,0.7322,0.2302,0.1171,0.0158,0.006,0.0027,0.0008,1,1,0,0,0,0,0,0,"(-0.000582, 0.0582]"
2025,M0K4,0.2678,0.0436,0.0123,0.0007,0.0,0.0,0.0,0,0,0,0,0,0,0,0,"(-0.000582, 0.0582]"
2025,RE44,0.736,0.4882,0.2037,0.0393,0.0166,0.0102,0.0035,3,1,1,1,0,0,0,0,"(-0.000582, 0.0582]"
2025,DB63,0.264,0.1081,0.0242,0.0022,0.0006,0.0003,0.0001,0,0,0,0,0,0,0,0,"(-0.000582, 0.0582]"
2025,BT72,0.313,0.0914,0.0167,0.0018,0.0001,0.0,0.0,2,1,1,0,0,0,0,0,"(-0.000582, 0.0582]"
2025,C0AU,0.687,0.3123,0.0999,0.0126,0.0038,0.0018,0.0003,0,0,0,0,0,0,0,0,"(-0.000582, 0.0582]"
2025,KE29,0.6858,0.4998,0.2177,0.0945,0.0182,0.0113,0.0035,4,1,1,1,1,0,0,0,"(-0.000582, 0.0582]"
2025,MK66,0.3142,0.172,0.0485,0.0128,0.0008,0.0003,0.0001,0,0,0,0,0,0,0,0,"(-0.000582, 0.0582]"
2025,F0DM,0.1974,0.0265,0.0021,0.0002,0.0,0.0,0.0,1,1,0,0,0,0,0,0,"(-0.000582, 0.0582]"
2025,P09Z,0.8026,0.3017,0.0809,0.0233,0.003,0.0013,0.0002,0,0,0,0,0,0,0,0,"(-0.000582, 0.0582]"
2025,L0BV,0.9291,0.6549,0.4623,0.2628,0.0845,0.0609,0.0249,1,1,0,0,0,0,0,0,"(-0.000582, 0.0582]"
2025,DA31,0.0709,0.0144,0.0032,0.0001,0.0,0.0,0.0,0,0,0,0,0,0,0,0,"(-0.000582, 0.0582]"
2025,R0EB,0.1364,0.0148,0.002,0.0001,0.0,0.0,0.0,1,1,0,0,0,0,0,0,"(-0.000582, 0.0582]"
2025,TE51,0.8636,0.3159,0.1833,0.071,0.0148,0.0083,0.002,0,0,0,0,0,0,0,0,"(-0.000582, 0.0582]"
2025,AG37,0.7732,0.4724,0.158,0.0713,0.0135,0.0068,0.0015,1,1,0,0,0,0,0,0,"(-0.000582, 0.0582]"
2025,D994,0.2268,0.0788,0.0085,0.0017,0.0002,0.0,0.0,0,0,0,0,0,0,0,0,"(-0.000582, 0.0582]"
2025,DH50,0.798,0.4014,0.1172,0.0442,0.007,0.0037,0.001,2,1,1,0,0,0,0,0,"(-0.000582, 0.0582]"
2025,H09P,0.202,0.0474,0.0048,0.0007,0.0,0.0,0.0,0,0,0,0,0,0,0,0,"(-0.000582, 0.0582]"
2025,B0CD,0.3977,0.1433,0.0841,0.036,0.0071,0.004,0.0011,1,1,0,0,0,0,0,0,"(-0.000582, 0.0582]"
2025,GJ37,0.6023,0.2781,0.1903,0.1059,0.027,0.0197,0.0054,0,0,0,0,0,0,0,0,"(-0.000582, 0.0582]"
2025,MQ75,0.1282,0.0267,0.0093,0.002,0.0002,0.0,0.0,3,1,1,1,0,0,0,0,"(-0.000582, 0.0582]"
2025,BK40,0.8718,0.5519,0.4278,0.2734,0.0919,0.0723,0.0298,0,0,0,0,0,0,0,0,"(-0.000582, 0.0582]"
2025,B0GG,0.5751,0.2388,0.0538,0.0204,0.0054,0.0004,0.0001,2,1,1,0,0,0,0,0,"(-0.000582, 0.0582]"
2025,C0AK,0.4249,0.1489,0.0275,0.0082,0.0024,0.0001,0.0,0,0,0,0,0,0,0,0,"(-0.000582, 0.0582]"
2025,D0FJ,0.3954,0.2202,0.0548,0.0214,0.006,0.0004,0.0,2,1,1,0,0,0,0,0,"(-0.000582, 0.0582]"
2025,SX50,0.6046,0.3921,0.1364,0.062,0.0261,0.0028,0.0007,0,0,0,0,0,0,0,0,"(-0.000582, 0.0582]"
2025,D0F6,0.7883,0.526,0.4215,0.3055,0.1991,0.0515,0.0148,1,1,0,0,0,0,0,0,"(-0.000582, 0.0582]"
2025,AE14,0.2117,0.0736,0.0392,0.0184,0.0058,0.0004,0.0,0,0,0,0,0,0,0,0,"(-0.000582, 0.0582]"
2025,F0FV,0.4598,0.1733,0.1105,0.0624,0.0291,0.0044,0.0012,2,1,1,0,0,0,0,0,"(-0.000582, 0.0582]"
2025,F0BY,0.5402,0.2271,0.1563,0.095,0.0483,0.0073,0.0019,0,0,0,0,0,0,0,0,"(-0.000582, 0.0582]"
2025,GD64,0.7623,0.5039,0.2868,0.1343,0.063,0.0077,0.0012,1,1,0,0,0,0,0,0,"(-0.000582, 0.0582]"
2025,R0E0,0.2377,0.087,0.0238,0.0031,0.0006,0.0,0.0,0,0,0,0,0,0,0,0,"(-0.000582, 0.0582]"
2025,HD68,0.5723,0.2445,0.1064,0.0368,0.0127,0.001,0.0002,1,1,0,0,0,0,0,0,"(-0.000582, 0.0582]"
2025,L987,0.4277,0.1646,0.0579,0.0181,0.0053,0.0002,0.0,0,0,0,0,0,0,0,0,"(-0.000582, 0.0582]"
2025,HG86,0.4242,0.1844,0.0862,0.0296,0.0102,0.0014,0.0002,1,1,0,0,0,0,0,0,"(-0.000582, 0.0582]"
2025,BU13,0.5758,0.2928,0.1554,0.0671,0.0282,0.0038,0.0009,0,0,0,0,0,0,0,0,"(-0.000582, 0.0582]"
2025,ME82,0.6013,0.3372,0.1957,0.086,0.041,0.0055,0.0011,2,1,1,0,0,0,0,0,"(-0.000582, 0.0582]"
2025,O483,0.3987,0.1856,0.0878,0.0317,0.0115,0.0014,0.0,0,0,0,0,0,0,0,0,"(-0.000582, 0.0582]"
2025,M0HU,0.331,0.0329,0.0057,0.0006,0.0002,0.0,0.0,1,1,0,0,0,0,0,0,"(-0.000582, 0.0582]"
2025,Z0A1,0.669,0.1213,0.0365,0.0109,0.003,0.0001,0.0,0,0,0,0,0,0,0,0,"(-0.000582, 0.0582]"
2025,N771,0.4217,0.3456,0.2062,0.1205,0.0618,0.0111,0.0028,4,1,1,1,1,0,0,0,"(-0.000582, 0.0582]"
2025,BD06,0.5783,0.5002,0.3436,0.2271,0.1383,0.0314,0.0095,0,0,0,0,0,0,0,0,"(-0.000582, 0.0582]"
2025,Q02L,0.7513,0.3103,0.112,0.0514,0.0202,0.0019,0.0002,1,1,0,0,0,0,0,0,"(-0.000582, 0.0582]"
2025,S0TX,0.2487,0.0472,0.0087,0.0024,0.0004,0.0,0.0,0,0,0,0,0,0,0,0,"(-0.000582, 0.0582]"
2025,SL28,0.6092,0.4111,0.201,0.1152,0.0601,0.0109,0.0016,2,1,1,0,0,0,0,0,"(-0.000582, 0.0582]"
2025,M0JZ,0.3908,0.2314,0.0863,0.0403,0.0167,0.0022,0.0003,0,0,0,0,0,0,0,0,"(-0.000582, 0.0582]"
2025,T0GR,0.4305,0.104,0.0308,0.0071,0.0012,0.0002,0.0001,1,1,0,0,0,0,0,0,"(-0.000582, 0.0582]"
2025,R0FS,0.5695,0.1682,0.0569,0.0139,0.0039,0.0003,0.0001,0,0,0,0,0,0,0,0,"(-0.000582, 0.0582]"
2025,TC61,0.7185,0.5661,0.3663,0.1999,0.1087,0.0206,0.0049,3,1,1,1,0,0,0,0,"(-0.000582, 0.0582]"
2025,KI82,0.2815,0.1617,0.0673,0.0187,0.0066,0.0008,0.0001,0,0,0,0,0,0,0,0,"(-0.000582, 0.0582]"
2025,T0HA,0.7814,0.4472,0.2319,0.0992,0.0474,0.0067,0.0011,1,1,0,0,0,0,0,0,"(-0.000582, 0.0582]"
2025,B0NN,0.2186,0.0583,0.0153,0.0025,0.0005,0.0001,0.0,0,0,0,0,0,0,0,0,"(-0.000582, 0.0582]"
2025,V812,0.487,0.2364,0.1063,0.0438,0.0172,0.0021,0.0001,1,1,0,0,0,0,0,0,"(-0.000582, 0.0582]"
2025,A0FC,0.513,0.2581,0.1252,0.0465,0.0191,0.0017,0.0002,0,0,0,0,0,0,0,0,"(-0.000582, 0.0582]"
